ID Pytania,Konfiguracja,Pytanie,Złota Odpowiedź,Odpowiedź Modelu (Błędna),Skrócony Kontekst,Twoja Klasyfikacja (wpisz 1-5),Klasyfikacja Gemini (UKRYTE przed adnotatorem)
5a7778935542997042120a76,C2,"Sid Avery was an American photographer and director who was best known for capturing the private moments of legendary Hollywood celebrities like which British-American actress, businesswoman, and humanitarian?",Elizabeth Rosemond Taylor,"Dame Elizabeth Rosemond Taylor was a British-American actress, businesswoman, and humanitarian.","Steve Schapiro: Steve Schapiro (born 1934, in New York) is an American photographer.  He is known for his photos of key moments of the Civil Rights Movement such as the March on Washington for Jobs and Freedom or the Selma to Montgomery marches.  He is also known for his portraits of celebrities and movie stills, most importantly from ""The Godfather"" and ""Taxi Driver.""
Brett-Livingstone Strong: Brett-Livingstone Strong (born 31 October 1953) is an Australian-born artist, best known for his sculptures of Hollywood celebrities.
Leigh Wiener: Leigh Austen Wiener (August 25, 1929 - May 11, 1993) was an award-winning American photographer and photojournalist.  In a career that spanned five decades, he covered hundreds of people and events.  His images captured the public and private moments of entertainers, musicians, artists, authors, poets, scientists, sports figures, politicians, industrialists, and heads of state, including every U.S. president from Harry Truman to Ronald Reagan and illustrated every sector of industry including farming, steel mills, auto manufacturing, aerospace, medicine, research, early computing and semi-conductor manufacturing.
Jade Mills: Jade Mills is an American real estate agent, president of Jade Mills Estates, and the International Ambassador for Coldwell Banker Previews.  In 2012 Mills became the #1 real estate agent worldwide for Coldwell Banker, with over $360 million in sales.  Mills' clients include Hollywood celebrities like Britney Spears, Je... (skrócone)",,Format error
5ab87a7355429934fafe6df2,C6,In between Michael Vartan and Vartan Gregorian who is is a French-American actor?,Michael S. Vartan,"The key entities are:

* Michael Vartan
* Vartan Gregorian

To answer the question, we need to find the connecting information between these two entities.

From the text about Vartan Gregorian, there is no mention of a connection to Michael Vartan.

However, from the text about David Hallyday, it states that David Hallyday is the son of Sylvie Vartan and Johnny Hallyday. It also mentions that David Hallyday is a first cousin of actor Michael Vartan.

Therefore, the answer is: David Hallyday","Hawthorne (TV series): Hawthorne (sometimes stylized HawthoRNe) is an hour-long medical drama on the TNT television network starring Jada Pinkett Smith and Michael Vartan.  It premiered on June 16, 2009.  On Thursday, September 16, 2010, it was announced that ""Hawthorne"" has been renewed for a third and final season consisting of 10 episodes.  The third and final season of the show premiered on June 14, 2011, and ended on August 16, 2011.
One Hour Photo: One Hour Photo is a 2002 American psychological thriller film written and directed by Mark Romanek and starring Robin Williams, Connie Nielsen, Michael Vartan, Gary Cole, and Eriq La Salle.  Released by Fox Searchlight Pictures, ""One Hour Photo"" received positive reviews from film critics, with praise for Romanek's writing and Cronenweth's cinematography, while Williams' against-type performance received universal critical acclaim, earning him a Saturn Award for Best Actor.
Michael Vaughn: Michael C. Vaughn is a fictional character on the television series ""Alias"".  Played by Michael Vartan, Vaughn is one of Sydney Bristow's co-workers and her ongoing love interest.  He, like Sydney, is skilled in a variety of areas.  His language abilities, shown in various episodes, include French, Spanish, Italian, and others.
Fiorile: Fiorile is a 1993 Italian drama film about a family curse caused by greed.  The film was directed by Paolo and Vittorio Taviani, and stars Claudio Bigagli, Galatea Ranzi, and Michael Vartan.  It was entered ... (skrócone)",,Entity confusion
5ab87a7355429934fafe6df2,C5,In between Michael Vartan and Vartan Gregorian who is is a French-American actor?,Michael S. Vartan,"To answer this question, I need to identify who is between Michael Vartan and Vartan Gregorian.

Step 1: Identify the individuals in question
Michael Vartan (French-American actor)
Vartan Gregorian (Armenian-American academic)

Step 2: Determine the relationship or position of David Hallyday to these two individuals.
David Hallyday is mentioned as a first cousin of Michael Vartan and the son of Sylvie Vartan.

Step 3: Analyze the family connection between David Hallyday, Sylvie Vartan, and Michael Vartan
Since David Hallyday is the son of Sylvie Vartan, and Michael Vartan is her nephew (first cousin), it indicates that there is a familial relationship between them.

Step 4: Determine if David Hallyday is in between Michael Vartan and Vartan Gregorian based on their family connection.
Based on the information provided, David Hallyday's position within this group can be considered as being between Michael Vartan (his first cousin) and Vartan Gregorian (no familial relationship mentioned).

Final Answer: The correct answer is David Hallyday.","Hawthorne (TV series): Hawthorne (sometimes stylized HawthoRNe) is an hour-long medical drama on the TNT television network starring Jada Pinkett Smith and Michael Vartan.  It premiered on June 16, 2009.  On Thursday, September 16, 2010, it was announced that ""Hawthorne"" has been renewed for a third and final season consisting of 10 episodes.  The third and final season of the show premiered on June 14, 2011, and ended on August 16, 2011.
One Hour Photo: One Hour Photo is a 2002 American psychological thriller film written and directed by Mark Romanek and starring Robin Williams, Connie Nielsen, Michael Vartan, Gary Cole, and Eriq La Salle.  Released by Fox Searchlight Pictures, ""One Hour Photo"" received positive reviews from film critics, with praise for Romanek's writing and Cronenweth's cinematography, while Williams' against-type performance received universal critical acclaim, earning him a Saturn Award for Best Actor.
Michael Vaughn: Michael C. Vaughn is a fictional character on the television series ""Alias"".  Played by Michael Vartan, Vaughn is one of Sydney Bristow's co-workers and her ongoing love interest.  He, like Sydney, is skilled in a variety of areas.  His language abilities, shown in various episodes, include French, Spanish, Italian, and others.
Fiorile: Fiorile is a 1993 Italian drama film about a family curse caused by greed.  The film was directed by Paolo and Vittorio Taviani, and stars Claudio Bigagli, Galatea Ranzi, and Michael Vartan.  It was entered ... (skrócone)",,Entity confusion
5a8b31a155429950cd6afc6a,C3,"When was the counterpart to a high adventure program base run by the Boy Scouts of America in the Florida Keys that s a unit of the United States National Park Service designed to protect and maintain the New River Gorge, established?",1978,"There is no text about a high adventure program base run by the Boy Scouts of America in the Florida Keys that serves as a unit of the United States National Park Service to protect and maintain the New River Gorge. However, according to one text, the counterpart to such a base is The Summit Bechtel Family National Scout Reserve, which is located near the New River Gorge National River in southern West Virginia.

The Florida National High Adventure Sea Base is mentioned as another of the Boy Scouts of America's high adventure bases, but it does not serve the purpose described.","Double H High Adventure Base: Double H High Adventure Base, located on the Plains of San Agustin near Datil, New Mexico, was a satellite program base of the Boy Scouts of America's (BSA) Philmont Scout Ranch from 2004 to 2009.  The Double H High Adventure Base was located at the Torstenson Family Wildlife Center, formerly known as the Double H Ranch.  The Double H was made possible through a partnership with the Rocky Mountain Elk Foundation and the Boy Scouts of America.
2010 National Scout Jamboree: The 2010 National Scout Jamboree was the 17th national Scout jamboree of the Boy Scouts of America and was held from July 26 to August 4, 2010 at Fort A.P. Hill, Virginia.  The 2010 National Scout Jamboree celebrated the 100th anniversary of the Boy Scouts of America and was the last jamboree held at Fort A.P. Hill.  With more than 50,000 in attendance, the 2010 National Scout Jamboree was the largest overall since 1973, and the largest at a single location since 1964.  All subsequent jamborees have been held permanently at The Summit Bechtel Family National Scout Reserve, the Boy Scouts of America's fourth High Adventure base.  This was also the first jamboree to include Venturing programs.
New River Coalfield: The New River Coalfield is located in northeastern Raleigh County and southern Fayette County, West Virginia.  Commercial mining of coal began in the 1870s and thrived into the 20th century.  The coal in this field is a low volatile coal, and the seams of coal that have ... (skrócone)",,Multi-hop reasoning error
5a75e3a355429976ec32bc77,C3,When was the coach of the 1986 Super Bowl champions born?,1941,"There is no text mentioning the coach of the 1986 Super Bowl champions, but it was actually the New York Giants who won Super Bowl XXI in 1987 (played on January 25, 1987). Bill Parcells was not the coach that year, but his replacement, Bill's assistant at that time, would become a notable coach later. However, we can find information on Jerry Markbreit and Robbie Jones, as both were part of Super Bowl XXI.

Robbie Jones' text only mentions he was Special Teams Captain, but it does not provide any birthdate for him.

Jerry Markbreit's text does provide his birth date: March 23, 1935.","1985 New York Giants season: The 1985 New York Giants season was the 61st season for the club in the National Football League (NFL).  The Giants entered the season looking to improve on their 9–7 record in 1984, which was enough to qualify the team for the playoffs as the second wild-card team, and to return to the playoffs for the second consecutive year under third-year head coach Bill Parcells.  The Giants managed to do both, finishing with 10 victories for the first time since 1963 when the team won 11 games and finishing as the first wild-card team which earned the Giants a home playoff game at Giants Stadium.  They defeated the San Francisco 49ers 17–3 in that game, avenging their loss to the 49ers in the previous year's divisional playoffs.  However, it was as far as the Giants could get as they were defeated by the eventual Super Bowl champion Chicago Bears in the divisional round at Soldier Field 21–0.  Bill Parcells stated in ""America's Game: 1986 Giants"" that the game the Giants played against the Bears in the playoffs that ""an honest evaluation of it, we could have probably beat that team one out of ten times.  But that day was one of the days that that could have happened"", the Giants were ultimately undone by a whiffed punt from legend Sean Landeta, the ball flew out of the air when he went to punt it from a burst of wind coming of Lake Michigan, the Bears recovered the ball for a touchdown from less than 5 yards from the end zone, and ended up winning 21-0.  At... (skrócone)",,Multi-hop reasoning error
5a87432d5542994775f607b5,C7,Has Alek Keshishian been the writer for more films than Mark Krikorian?,yes,"Based on the search results, I was unable to find any information about Alek Keshishian and Mark Krikorian's filmographies.

However, I can suggest some possible sources where you may be able to find this information:

* IMDb (Internet Movie Database)
* Wikipedia pages for Alek Keshishian and Mark Krikorian
* Film databases or websites that track film credits

If you have any more specific information about the films in question, I may be able to help you further.","Kingsman (film series): The Kingsman film series consists of spy action-comedy films based on ""The Secret Service"" comics by Scottish writer Mark Millar and English writer Dave Gibbons.  Produced by Matthew Vaughn, David Reid and Adam Bohling and distributed by 20th Century Fox, the films star Taron Egerton, Colin Firth, Mark Strong and Sophie Cookson.  Vaughn who directed and co-wrote the first two films is writing the script for the third film.
With Honors (film): With Honors is a 1994 American comedy-drama film directed by Alek Keshishian and starring Brendan Fraser, Joe Pesci and Moira Kelly.
Mark Krikorian (soccer): Mark Krikorian (born March 28, 1960) is an American soccer coach, who has been in charge of the Florida State Seminoles women's soccer program since 2005.
Alek Keshishian: Alek Keshishian (Armenian: Ալեք Գևորգի Քեշիշյան , born 30 July 1964 in Beirut, Lebanon) is an Armenian-American film and commercial director, writer, producer and music video director.  He is best known for his 1991 film """" which was, at the time, the highest-grossing documentary of all time.
Mark Krikorian: Mark Krikorian has been the executive director of the Center for Immigration Studies, a think-tank in Washington, D. C., since 1995.  The Center describes itself as an ""independent, non-partisan research organization"" in Washington, D. C., that examines and critiques the impact of immigration on the United States.  Animated by a ""pro-immigrant, low-immigration vision which seeks fewer i... (skrócone)",,Hallucination
5a8aa4ad5542996c9b8d5f4a,C2,"Who won more Grand Slam singles and doubles titles in their tennis career, Jim Pugh or Iva Majoli?",Iva Majoli,"There is no information about Jim Pugh or Iva Majoli's Grand Slam singles titles. However, according to the provided texts:

Jim Pugh won 3 Grand Slam men's doubles titles and 5 Grand Slam mixed doubles titles.

Iva Majoli won 1 Grand Slam women's singles title (1997 French Open) and 1 doubles title during her career.","Helena Suková: Helena Suková (] ) (born 23 February 1965) is a former professional tennis player from the Czech Republic.  During her career, she won 14 Grand Slam doubles titles, 9 of them in women's doubles and 5 of them in mixed doubles.  She also was a four-time Grand Slam singles runner-up and won 10 singles titles and 69 doubles titles.
Yevgeny Kafelnikov: Yevgeny Aleksandrovich Kafelnikov (Russian: Евгений Александрович Кафельников ] ; born 18 February 1974) is a Russian former world No. 1 tennis player.  He won two Grand Slam singles titles, the 1996 French Open and the 1999 Australian Open.  He also won four Grand Slam doubles titles, being the last man to have won both the men's singles and doubles titles at the same Grand Slam tournament, which he did at the 1996 French Open.
Martina Hingis: Martina Hingis (born 30 September 1980) is a Swiss professional tennis player, a former world No. 1 singles player and currently ranked world No. 2 in doubles by the WTA.  She has spent a total of 209 weeks as the singles No. 1 and has won five Grand Slam singles titles, thirteen Grand Slam women's doubles titles, winning a calendar-year doubles Grand Slam in 1998, and seven Grand Slam mixed doubles titles; for a combined total of twenty-five major titles.  In addition, she has won the season-ending WTA Championships two times in singles and three times in doubles, and an Olympic silver medal.
Li Na: Li Na (; ; born 26 February 1982) is a retired Chinese professional tennis pla... (skrócone)",,Multi-hop reasoning error
5ab3fcf455429976abd1bd14,C2,"Mulan and Underdog, have which mutual genre?",comedy,"There is no mutual genre shared by Mulan (1998 film) and Underdog (film). They are both animated films but belong to different genres: Mulan is an action comedy-drama, while Underdog is a family superhero comedy.","Horizons of Expectation: The phrase ""Horizons of Expectation"" is a term fundamental to German academic Hans Robert Jauss's Reception theory.  The concept is a component of his theory of literary history where his intention is to minimise the gulf between the schools of literature and history which have previously relegated the reader to play only a minor role in the interpretation of literature.  Specifically, it is the structure by which a person comprehends, decodes and appraises any text based on cultural codes and conventions particular to their time in history.  These horizons are therefore historically flexible meaning readers may interpret and value a text differently from a previous generation.  It emphasises the reader as an important element in the processing of texts.  According to Jauss, the reader approaches a text armed with the knowledge and experience gained from interactions with other texts.  These earlier texts arouse familiarity for the reader based on expectations and rules of genre and style.  Jauss describes it this way, 'a literary work is not an object which stands by itself and which offers the same face to each reader in each period'.  Thus reading is not an 'autonomous, free and individual' experience but rather a collection of mutual concepts fitting a period or a people.
Nepali Sahitya Parishad Sikkim: Nepali Sahitya Parishad (Nepali:नेपाली साहित्य परिषद सिक्किम) is a Literary organisation of Nepali language and literature in Sikkim which was est... (skrócone)",,Multi-hop reasoning error
5a8b31a155429950cd6afc6a,C7,"When was the counterpart to a high adventure program base run by the Boy Scouts of America in the Florida Keys that s a unit of the United States National Park Service designed to protect and maintain the New River Gorge, established?",1978,"The error message indicates that the search query was not properly formatted. Let me try again.

{""name"": ""search_wikipedia"", ""parameters"": {""query"":""New River Gorge High Adventure Base""}}","Double H High Adventure Base: Double H High Adventure Base, located on the Plains of San Agustin near Datil, New Mexico, was a satellite program base of the Boy Scouts of America's (BSA) Philmont Scout Ranch from 2004 to 2009.  The Double H High Adventure Base was located at the Torstenson Family Wildlife Center, formerly known as the Double H Ranch.  The Double H was made possible through a partnership with the Rocky Mountain Elk Foundation and the Boy Scouts of America.
2010 National Scout Jamboree: The 2010 National Scout Jamboree was the 17th national Scout jamboree of the Boy Scouts of America and was held from July 26 to August 4, 2010 at Fort A.P. Hill, Virginia.  The 2010 National Scout Jamboree celebrated the 100th anniversary of the Boy Scouts of America and was the last jamboree held at Fort A.P. Hill.  With more than 50,000 in attendance, the 2010 National Scout Jamboree was the largest overall since 1973, and the largest at a single location since 1964.  All subsequent jamborees have been held permanently at The Summit Bechtel Family National Scout Reserve, the Boy Scouts of America's fourth High Adventure base.  This was also the first jamboree to include Venturing programs.
New River Coalfield: The New River Coalfield is located in northeastern Raleigh County and southern Fayette County, West Virginia.  Commercial mining of coal began in the 1870s and thrived into the 20th century.  The coal in this field is a low volatile coal, and the seams of coal that have ... (skrócone)",,Multi-hop reasoning error
5a8aa4ad5542996c9b8d5f4a,C3,"Who won more Grand Slam singles and doubles titles in their tennis career, Jim Pugh or Iva Majoli?",Iva Majoli,"The provided texts do not include any information about Iva Majoli's or Jim Pugh's single Grand Slam title count that would allow us to determine who won more. However, it does provide Iva Majoli with 8 total singles titles and one doubles title, and Jim Pugh with three Grand Slam men's doubles titles and five Grand Slam mixed doubles titles but no information about his singles performance.","Helena Suková: Helena Suková (] ) (born 23 February 1965) is a former professional tennis player from the Czech Republic.  During her career, she won 14 Grand Slam doubles titles, 9 of them in women's doubles and 5 of them in mixed doubles.  She also was a four-time Grand Slam singles runner-up and won 10 singles titles and 69 doubles titles.
Yevgeny Kafelnikov: Yevgeny Aleksandrovich Kafelnikov (Russian: Евгений Александрович Кафельников ] ; born 18 February 1974) is a Russian former world No. 1 tennis player.  He won two Grand Slam singles titles, the 1996 French Open and the 1999 Australian Open.  He also won four Grand Slam doubles titles, being the last man to have won both the men's singles and doubles titles at the same Grand Slam tournament, which he did at the 1996 French Open.
Martina Hingis: Martina Hingis (born 30 September 1980) is a Swiss professional tennis player, a former world No. 1 singles player and currently ranked world No. 2 in doubles by the WTA.  She has spent a total of 209 weeks as the singles No. 1 and has won five Grand Slam singles titles, thirteen Grand Slam women's doubles titles, winning a calendar-year doubles Grand Slam in 1998, and seven Grand Slam mixed doubles titles; for a combined total of twenty-five major titles.  In addition, she has won the season-ending WTA Championships two times in singles and three times in doubles, and an Olympic silver medal.
Li Na: Li Na (; ; born 26 February 1982) is a retired Chinese professional tennis pla... (skrócone)",,Multi-hop reasoning error
5a7a38d35542990198eaf0f1,C3,"What is located several miles southeast of the city with a recorded a population of 76,693?",series of lava tubes,"The text ""Bend, Oregon"" states that the city recorded a population of 76,693 at the time of the 2010 U.S. Census.","The Galena Territory, Illinois: The Galena Territory is a census-designated place in Jo Daviess County, Illinois, United States.  Its population was 1,058 as of the 2010 census.  The community consists of a private 6800 acre development located several miles southeast of downtown Galena.  The Territory, which is managed by a homeowners association, has set aside 1500 acre of protected recreational land.  The remainder is filled with low-density residential development and Eagle Ridge Resort & Spa.  As of Aug. 27, 2017, there were 4,082 property owners.  As of Aug. 27, 2017, there are 554 permanent residences with 1,675 vacation residences.
Campus of Michigan State University: The campus of Michigan State University is located in East Lansing on the banks of the Red Cedar River, and comprises a contiguous area of 5200 acre , 2000 acre of which are developed.  Built amid virgin forest, the campus opened in 1855 with three buildings, none of which remain.  As an agricultural college, the campus was originally located several miles outside of the city of Lansing, but as the population of the college grew, the city of East Lansing developed just north of the area's main avenue.
Arnold Lava Tube System: The Arnold Lava Tube System (or Arnold system) is series of lava tubes in Deschutes County, Oregon, of the United States.  It is located several miles southeast of the city of Bend.  The system starts in the Deschutes National Forest on the northern flank of Newberry Volcano, heads ... (skrócone)",,Hallucination
5a77aff85542992a6e59df87,C3,"What is the name of the fantasy books by American writer Ursula K. Le Guin featuring the fictional people, The Kargs, called?",Earthsea,"There is no mention of fantasy books featuring The Kargs by American writer Ursula K. Le Guin. However, it seems that The Kargs are part of Le Guin's Earthsea canon.","Earthsea: Earthsea is a series of fantasy books by the American writer Ursula K. Le Guin, and the name of their setting, a world of islands surrounded by an uncharted ocean.  Starting with a short story, ""The Word of Unbinding"" in 1964, there are six Earthsea books, beginning with ""A Wizard of Earthsea"" in 1968, and continuing with ""The Tombs of Atuan"", ""The Farthest Shore"", ""Tehanu"", and ""The Other Wind"".  There are eight short stories, all but ""The Daughter of Odren"" now collected in ""The Wind's Twelve Quarters"" and ""Tales from Earthsea"".
Karg: The Kargs are a fictional people in Ursula K. Le Guin's ""Earthsea"" canon.
The Matter of Seggri: ""The Matter of Seggri"" is a science fiction novelette by American writer Ursula K. Le Guin.  It was first published in 1994 in the third issue of ""Crank!"" , a science fiction – fantasy anthology, and has since been printed in number of other publications.  In 2002, it was published in Le Guin's collection of short stories ""The Birthday of the World: and Other Stories"".  “The Matter of Seggri” won the James Tiptree Jr.  Award in 1994 for exploring ""Gender-Bending"" and has been nominated for many other honors, including the Nebula Award.
The Word of Unbinding: ""The Word of Unbinding"" is a short story by American writer Ursula K. Le Guin, first published in the January 1964 issue of ""Fantastic"", and reprinted in collections such as ""The Wind's Twelve Quarters"".  In this story, the Earthsea realm, which was later made famous by ""A Wizard of Ea... (skrócone)",,Multi-hop reasoning error
5a7d0af455429909bec76916,C3,Who created the practice in which the Florida Legislative Investigation Committee used during the era of the Second Red Scare?,Joseph McCarthy,"The practice used by the Florida Legislative Investigation Committee during the era of the Second Red Scare is not explicitly stated in any of the provided texts as being directly created by someone. However, based on the context and the similarity to McCarthyism and red-baiting, it can be inferred that the committee's actions were part of a broader pattern of accusations without proper regard for evidence, targeting those suspected of being communist or having ties to communism.","Gus Hall: Gus Hall (born Arvo Kustaa Halberg; October 8, 1910 – October 13, 2000) was a leader and chairman of the Communist Party USA (CPUSA) and its four-time U.S. presidential candidate.  As a labor leader, Hall was closely associated with the so-called ""Little Steel"" Strike of 1937, an effort to unionize the nation's smaller, regional steel manufacturers.  During the Second Red Scare, Hall was indicted under the Smith Act and was sentenced to eight years in prison.  After his release, Hall led the CPUSA for over 40 years, often taking an orthodox Marxist–Leninist stance.
McCarthyism: McCarthyism is the practice of making accusations of subversion or treason without proper regard for evidence.  The term refers to U.S. Senator Joseph McCarthy and has its origins in the period in the United States known as the Second Red Scare, lasting roughly from 1947 to 1956 and characterized by heightened political repression as well as a campaign spreading fear of influence on American institutions and of espionage by Soviet agents.
Lavender scare: The lavender scare refers to a witch hunt and the mass firings of gay people in the 1950s from the United States government.  It paralleled the anti-communist campaign known as McCarthyism and the Second Red Scare.  Gay men and lesbians were said to be security risks and communist sympathizers, which led to the call to remove them from state employment.
Card-carrying Communist: ""Card-carrying communist"" is a term popularised during the Second... (skrócone)",,Multi-hop reasoning error
5a8b394855429950cd6afc83,C2,"Who was the son of one of King Abdulaziz many spouses who's brother  is King of Saudi Arabia, Custodian of the Two Holy Mosques, and head of the House of Saud ?",King Fahd,"There is no information in the provided texts that directly answers who the son of one of King Abdulaziz's many spouses is whose brother is the current King of Saudi Arabia, Custodian of the Two Holy Mosques, and head of the House of Saud.

However, it can be inferred from the text ""Hussa bint Ahmed Al Sudairi"" that Hussa bint Ahmed was one of King Abdulaziz's many spouses and the mother of King Fahd and King Salman. Therefore, one possible answer is Prince Abdulaziz bin Salman (mentioned in a different text), who is the son of King Salman, or possibly another son of King Salman.","Mansour bin Muqrin: Mansour bin Muqrin bin Abdulaziz Al Saud is a Saudi businessman, member of the House of Saud, and Advisor at the Court of the Crown Prince of Saudi Arabia.  In April 2015, he was appointed Advisor to the Custodian of the Two Holy Mosques with the rank of minister.  He is the son of Prince Muqrin al-Saud, former Crown Prince of Saudi Arabia.
King of Saudi Arabia: The King of Saudi Arabia is Saudi Arabia's head of state and absolute monarch (i.e. head of government).  He serves as the head of the Saudi royal family, the House of Saud.  The King is called the Custodian of the Two Holy Mosques (خادم الحرمين الشريفين ).  The title, which signifies Saudi Arabia's jurisdiction over the mosques of Masjid al Haram in Mecca and Al-Masjid an-Nabawi in Medina, replaced His Majesty (صاحب الجلالة ) in 1986.
Abdulaziz bin Saud Al Saud: Abdulaziz bin Saud bin Nayef bin Abdulaziz Al Saud (Arabic: عبد العزيز بن سعود بن نايف بن عبد العزيز آل سعود‎ ‎ ; born November 4, 1983) is the Minister of Interior of Saudi Arabia since 21 June 2017.  Prince Saud is a graduate of the Dhahran Ahliyyah School and King Saud University.  After King Salman came to power, Abdulaziz was appointed as an adviser to the Royal Court in various departments and later served as an adviser in the Defense Ministry.  He is the eldest son of Prince Saud bin Nayef (former Head of the Saudi Crown Prince Court) who is the eldest son of the former Crown Prince Nayef bin Abdulaziz.
Hussa bint Ahmed Al Sudairi: ... (skrócone)",,Multi-hop reasoning error
5ab3ef6c5542992ade7c6ee9,C6,"My Kid Could Paint That and The Silent World, are of which genre?",documentary,"To answer your question, I need to identify the key entities: My Kid Could Paint That and The Silent World.

After analyzing the texts, I found that:

* My Kid Could Paint That is a 2007 documentary film about Marla Olmstead, a young girl who gained fame for her abstract art.
* The Silent World is a 1956 French documentary film co-directed by Jacques-Yves Cousteau and Louis Malle.

However, there is no direct information in the texts that links My Kid Could Paint That to any specific genre. But I can infer from the context that it's likely an art-related or documentary film.

On the other hand, The Silent World is a documentary film about oceanography and underwater exploration.

Therefore, based on this analysis, I would say that:

* My Kid Could Paint That: No direct information available to determine its genre.
* The Silent World: Documentary film.","Marla Olmstead: Marla Olmstead (born 2000 in Binghamton, New York) is a painter of abstract art who by the age of four had attracted international media attention for her work.  Abstract artworks purportedly painted by her have been as large as five feet (1.52 m) square and have sold for tens of thousands of US dollars.  A 2005 ""60 Minutes II"" story on Olmstead that first brought her publicity led to speculation that the works supposedly created by Marla were in fact created in collaboration with her father, which was further examined in the 2007 documentary on her, ""My Kid Could Paint That"".
Sefton Henry Parry: Sefton Henry Parry (1832 – 18 December 1887) was a Victorian theatre manager, and remarkably versatile.  He was a competent actor, comedian and playwright, could paint scenery, cut out dresses, and do stage-carpentering.  He was also an innovator, successful theatre manager, speculator and builder of theatres.
The Silent World: The Silent World (French: Le Monde du silence ) is a 1956 French documentary film co-directed by the famed French oceanographer Jacques-Yves Cousteau and a young Louis Malle.  ""The Silent World"" is noted as one of the first films to use underwater cinematography to show the ocean depths in color.  Its title derives from Cousteau's 1953 book """".  It was released in the United States by Columbia Pictures.
Life Paint: Life Paint is the trade name of a highly-reflective spray paint developed by Volvo to increase the visibility of cyclists during tr... (skrócone)",,Multi-hop reasoning error
5a7778935542997042120a76,C7,"Sid Avery was an American photographer and director who was best known for capturing the private moments of legendary Hollywood celebrities like which British-American actress, businesswoman, and humanitarian?",Elizabeth Rosemond Taylor,"The error that occurred is likely due to the fact that I'm a text-based AI model and do not have direct access to external tools or APIs. However, based on my knowledge, I can try to provide an answer.

Sid Avery was an American photographer and director who was known for capturing the private moments of legendary Hollywood celebrities. One of his most famous subjects is likely Audrey Hepburn, a British-American actress, businesswoman, and humanitarian.","Steve Schapiro: Steve Schapiro (born 1934, in New York) is an American photographer.  He is known for his photos of key moments of the Civil Rights Movement such as the March on Washington for Jobs and Freedom or the Selma to Montgomery marches.  He is also known for his portraits of celebrities and movie stills, most importantly from ""The Godfather"" and ""Taxi Driver.""
Brett-Livingstone Strong: Brett-Livingstone Strong (born 31 October 1953) is an Australian-born artist, best known for his sculptures of Hollywood celebrities.
Leigh Wiener: Leigh Austen Wiener (August 25, 1929 - May 11, 1993) was an award-winning American photographer and photojournalist.  In a career that spanned five decades, he covered hundreds of people and events.  His images captured the public and private moments of entertainers, musicians, artists, authors, poets, scientists, sports figures, politicians, industrialists, and heads of state, including every U.S. president from Harry Truman to Ronald Reagan and illustrated every sector of industry including farming, steel mills, auto manufacturing, aerospace, medicine, research, early computing and semi-conductor manufacturing.
Jade Mills: Jade Mills is an American real estate agent, president of Jade Mills Estates, and the International Ambassador for Coldwell Banker Previews.  In 2012 Mills became the #1 real estate agent worldwide for Coldwell Banker, with over $360 million in sales.  Mills' clients include Hollywood celebrities like Britney Spears, Je... (skrócone)",,Entity confusion
5a75e3a355429976ec32bc77,C3,When was the coach of the 1986 Super Bowl champions born?,1941,"There is no information about the coach of the 1986 Super Bowl champions in the provided texts. However, it mentions Robbie Jones (born December 25, 1959) as a former American football linebacker who was Special Teams Captain of the 1986 Giants team that won Super Bowl XXI, but it does not mention anything about the head coach.","1985 New York Giants season: The 1985 New York Giants season was the 61st season for the club in the National Football League (NFL).  The Giants entered the season looking to improve on their 9–7 record in 1984, which was enough to qualify the team for the playoffs as the second wild-card team, and to return to the playoffs for the second consecutive year under third-year head coach Bill Parcells.  The Giants managed to do both, finishing with 10 victories for the first time since 1963 when the team won 11 games and finishing as the first wild-card team which earned the Giants a home playoff game at Giants Stadium.  They defeated the San Francisco 49ers 17–3 in that game, avenging their loss to the 49ers in the previous year's divisional playoffs.  However, it was as far as the Giants could get as they were defeated by the eventual Super Bowl champion Chicago Bears in the divisional round at Soldier Field 21–0.  Bill Parcells stated in ""America's Game: 1986 Giants"" that the game the Giants played against the Bears in the playoffs that ""an honest evaluation of it, we could have probably beat that team one out of ten times.  But that day was one of the days that that could have happened"", the Giants were ultimately undone by a whiffed punt from legend Sean Landeta, the ball flew out of the air when he went to punt it from a burst of wind coming of Lake Michigan, the Bears recovered the ball for a touchdown from less than 5 yards from the end zone, and ended up winning 21-0.  At... (skrócone)",,Multi-hop reasoning error
5a8edaef55429917b4a5bde6,C5,What part did the star of The Michael J. Fox Show have on Spin City?,Mike Flaherty,"To answer this question, I need to find information about The Michael J. Fox Show and Spin City.

From the text about The Michael J. Fox Show, we know that it starred Michael J. Fox. 

Now, from the text about Spin City, we can see that Michael J. Fox played the role of Mike Flaherty on this show.

However, none of the texts mention Juliette Goglia or Tom Degnan being associated with Spin City.

Therefore, based on the provided information, it appears that there is no part mentioned for the star of The Michael J. Fox Show (Juliette Goglia) on Spin City.","Juliette Goglia: Juliette Rose Goglia (born September 22, 1995) is an American actress.  She is best known for portraying Sierra in the Disney Channel series ""That's So Raven"", Hannah West in the CBS series """", and Eve Henry on ""The Michael J. Fox Show"".
The Churchills (American band): The Churchills are an indie pop/rock foursome from the New York/New Jersey area.  They are probably most commonly known for their appearance on the television show Spin City, during season 3 in the episode titled ""Internal Affairs"".  They performed their song ""Everybody Gets What They Deserve"" at the end of the show in front of the Flatiron Building in Manhattan.  This same song is also featured in the TV show Scrubs, in the episode titled My Lips Are Sealed.  Meadow Soprano wears a band T-shirt in Episode 3 of Season 2 of The Sopranos, and again in Episode 3 of Season 3.
Tom Degnan: Tom Degnan (born September 24, 1982 in Bucks County, Pennsylvania) is an American actor.  He is best known for his role on ""One Life to Live"" as Joey Buchanan from 2010 to 2011.  He also appeared in ""As the World Turns"" in 2009 as Riley Morgan/Adam Munson.  Additional appearances include ""Handsome Harry"", alongside Steve Buscemi, and ""Little Miss Perfect"", alongside Lilla Crawford.  In 2013 he played the role of Fire Marshall Rick Kelly in the 10th episode of the 4th season of the CBS police procedural drama ""Blue Bloods"" in the episode ""Mistaken Identity"".  He has also played roles in the TV shows ""Lipstick Jungle... (skrócone)",,Multi-hop reasoning error
5a8aa4ad5542996c9b8d5f4a,C3,"Who won more Grand Slam singles and doubles titles in their tennis career, Jim Pugh or Iva Majoli?",Iva Majoli,"There is no text about Jim Pugh's singles wins or losses, only his doubles achievements. There is also no information provided to compare his Grand Slam singles titles with Iva Majoli's.","Helena Suková: Helena Suková (] ) (born 23 February 1965) is a former professional tennis player from the Czech Republic.  During her career, she won 14 Grand Slam doubles titles, 9 of them in women's doubles and 5 of them in mixed doubles.  She also was a four-time Grand Slam singles runner-up and won 10 singles titles and 69 doubles titles.
Yevgeny Kafelnikov: Yevgeny Aleksandrovich Kafelnikov (Russian: Евгений Александрович Кафельников ] ; born 18 February 1974) is a Russian former world No. 1 tennis player.  He won two Grand Slam singles titles, the 1996 French Open and the 1999 Australian Open.  He also won four Grand Slam doubles titles, being the last man to have won both the men's singles and doubles titles at the same Grand Slam tournament, which he did at the 1996 French Open.
Martina Hingis: Martina Hingis (born 30 September 1980) is a Swiss professional tennis player, a former world No. 1 singles player and currently ranked world No. 2 in doubles by the WTA.  She has spent a total of 209 weeks as the singles No. 1 and has won five Grand Slam singles titles, thirteen Grand Slam women's doubles titles, winning a calendar-year doubles Grand Slam in 1998, and seven Grand Slam mixed doubles titles; for a combined total of twenty-five major titles.  In addition, she has won the season-ending WTA Championships two times in singles and three times in doubles, and an Olympic silver medal.
Li Na: Li Na (; ; born 26 February 1982) is a retired Chinese professional tennis pla... (skrócone)",,Multi-hop reasoning error
5a77aff85542992a6e59df87,C3,"What is the name of the fantasy books by American writer Ursula K. Le Guin featuring the fictional people, The Kargs, called?",Earthsea,"There is no specific name mentioned for fantasy books featuring the fictional people, The Kargs, by American writer Ursula K. Le Guin. However, it can be inferred that these characters appear within the ""Earthsea"" canon, as mentioned in the ""Karg"" text.","Earthsea: Earthsea is a series of fantasy books by the American writer Ursula K. Le Guin, and the name of their setting, a world of islands surrounded by an uncharted ocean.  Starting with a short story, ""The Word of Unbinding"" in 1964, there are six Earthsea books, beginning with ""A Wizard of Earthsea"" in 1968, and continuing with ""The Tombs of Atuan"", ""The Farthest Shore"", ""Tehanu"", and ""The Other Wind"".  There are eight short stories, all but ""The Daughter of Odren"" now collected in ""The Wind's Twelve Quarters"" and ""Tales from Earthsea"".
Karg: The Kargs are a fictional people in Ursula K. Le Guin's ""Earthsea"" canon.
The Matter of Seggri: ""The Matter of Seggri"" is a science fiction novelette by American writer Ursula K. Le Guin.  It was first published in 1994 in the third issue of ""Crank!"" , a science fiction – fantasy anthology, and has since been printed in number of other publications.  In 2002, it was published in Le Guin's collection of short stories ""The Birthday of the World: and Other Stories"".  “The Matter of Seggri” won the James Tiptree Jr.  Award in 1994 for exploring ""Gender-Bending"" and has been nominated for many other honors, including the Nebula Award.
The Word of Unbinding: ""The Word of Unbinding"" is a short story by American writer Ursula K. Le Guin, first published in the January 1964 issue of ""Fantastic"", and reprinted in collections such as ""The Wind's Twelve Quarters"".  In this story, the Earthsea realm, which was later made famous by ""A Wizard of Ea... (skrócone)",,Multi-hop reasoning error
5ade1df055429939a52fe828,C3,Is the Rafeiro do Alentejo the same type of animal as the Ariege Pointer?,yes,"No, based on the provided texts, the Rafeiro do Alentejo is not the same type of animal as the Ariege Pointer. The Rafeiro do Alentejo is a breed of livestock guardian dog, while the Ariege Pointer is a breed of pointing gun dog.","West Siberian Laika: The West Siberian Laika or ""WSL"", is a breed of hunting dog and a breed of spitz type.  Russian publications indicate that the term West Siberian Laika loosely applied to hunting dogs originating with the Mansi and Khanty people in Ural and West Siberia, but there were no standards or registrations of WSL as such until 1930.  Then WWll disrupted it for a while, but ""systematic breeding with registrations"" resumed after the war ended, in 1946.  This was the time the breed began taking modern shape.  Before that hunters only knew of Mansi Laika and Khanty Laika.  In early 1960 many hunters in Ural still preferred the term Mansi Laika, when speaking of West Siberian Laika.  In Russian language, the term Laika originated from the word ""layat"" that means to bark.  The word Laika simply means ""barker"".  Any hunting Laika is a bark pointer (pointing at animal of interest by barking and staying with the animal ).  It is a versatile dog depending on use and environment, but in certain parts of the country they have become more specialized.
Function pointer: A function pointer (or subroutine pointer or procedure pointer) is a type of pointer supported by third-generation programming languages (such as PL/I, COBOL, Fortran, dBASE dBL, and C) and object-oriented programming languages (such as C++ and D).
Ariege Pointer: The Braque de l’Ariège, translated into English as the Ariege Pointing Dog or Ariege Pointer, is a breed of dog, a French hunting dog of pointing gun... (skrócone)",,Multi-hop reasoning error
5a883eb55542994846c1ce5d,C2,Do Sydney Freeland and Genndy Tartakovsky work in the same industry?,yes,"Yes, Sydney Freeland works in a different industry than Genndy Tartakovsky. Sydney Freeland is a filmmaker, specifically a writer and director of short films, whereas Genndy Tartakovsky is an animator, director, storyboard artist, producer, and screenwriter primarily working in the animation industry for television series and films.","Genndy Tartakovsky: Genndy Tartakovsky ( ; born Gennady Borisovich Tartakovsky, Russian: Геннадий Борисович Тартаковский ; January 17, 1970) is a Russian–American animator, director, storyboard artist, producer, and screenwriter.  He is best known for creating the Cartoon Network animated television series ""Dexter's Laboratory"", ""Samurai Jack"", and "".""
Hotel Transylvania 2: Hotel Transylvania 2 is a 2015 American 3D computer animated fantasy-comedy film.  It is the second installment in the ""Hotel Transylvania"" franchise, and the sequel to the 2012 film ""Hotel Transylvania"", with its director, Genndy Tartakovsky, and writer, Robert Smigel, returning for the film.  Produced by Sony Pictures Animation, it was animated by Sony Pictures Imageworks, with an additional funding provided by LStar Capital.
Star Wars: Clone Wars (2003 TV series): Star Wars: Clone Wars (sometimes referred to as Tartakovsky's Clone Wars) is an American science fiction animated microseries created, directed, produced and co-written by Genndy Tartakovsky, set in the ""Star Wars"" universe.  Produced and released between the films """" and """", it is the first of many works to explore the conflict set between the two known as the Clone Wars, and directly leads to the events of ""Revenge of the Sith"".  The show follows the actions of various characters from the ""Star Wars"" prequel trilogy, notably Jedi Knights and clone troopers, in their war against the battle droid armies of the Confederacy of Independent System... (skrócone)",,Multi-hop reasoning error
5a8aa4ad5542996c9b8d5f4a,C3,"Who won more Grand Slam singles and doubles titles in their tennis career, Jim Pugh or Iva Majoli?",Iva Majoli,"There is no direct information provided for a comparison between Jim Pugh's and Iva Majoli's Grand Slam singles and doubles titles. However, based on the information given, here are their respective totals:

Jim Pugh: 
- 3 men's doubles titles
- 5 mixed doubles titles

Iva Majoli:
- 1 singles title
- 7 other singles titles, but no clear total for singles; however, she has only one doubles title.","Helena Suková: Helena Suková (] ) (born 23 February 1965) is a former professional tennis player from the Czech Republic.  During her career, she won 14 Grand Slam doubles titles, 9 of them in women's doubles and 5 of them in mixed doubles.  She also was a four-time Grand Slam singles runner-up and won 10 singles titles and 69 doubles titles.
Yevgeny Kafelnikov: Yevgeny Aleksandrovich Kafelnikov (Russian: Евгений Александрович Кафельников ] ; born 18 February 1974) is a Russian former world No. 1 tennis player.  He won two Grand Slam singles titles, the 1996 French Open and the 1999 Australian Open.  He also won four Grand Slam doubles titles, being the last man to have won both the men's singles and doubles titles at the same Grand Slam tournament, which he did at the 1996 French Open.
Martina Hingis: Martina Hingis (born 30 September 1980) is a Swiss professional tennis player, a former world No. 1 singles player and currently ranked world No. 2 in doubles by the WTA.  She has spent a total of 209 weeks as the singles No. 1 and has won five Grand Slam singles titles, thirteen Grand Slam women's doubles titles, winning a calendar-year doubles Grand Slam in 1998, and seven Grand Slam mixed doubles titles; for a combined total of twenty-five major titles.  In addition, she has won the season-ending WTA Championships two times in singles and three times in doubles, and an Olympic silver medal.
Li Na: Li Na (; ; born 26 February 1982) is a retired Chinese professional tennis pla... (skrócone)",,Multi-hop reasoning error
5a7bf582554299683c1c62c6,C5,Pavel Složil and Larisa Neiland were both famous for what?,tennis,"To answer the question, we need to find information about Pavel Složil that is related to being famous for something.

From the provided texts:

* The first text about Pavel Složil does not mention anything related to fame or achievements.
* However, upon reviewing all the texts again, I noticed that there are no additional texts directly mentioning Pavel Složil. 

But we do have information on Larisa Neiland, a tennis player who was famous for winning several doubles titles and being ranked as world number one in doubles.

Since there's no direct mention of Pavel Složil's achievements or fame in the provided texts, I will conclude that:

There is not enough information to answer the question about what Pavel Složil was famous for.","1994 Lipton Championships – Women's Doubles: Larisa Neiland and Jana Novotná were the defending champions but competed with different partners that year, Neiland with Elizabeth Smylie and Novotná with Arantxa Sánchez Vicario.
1996 French Open – Mixed Doubles: Larisa Neiland and Todd Woodbridge were the defending champions, but competed this year with different partners.  Neiland teamed up with Mark Woodforde and were eliminated in semifinals, while Woodbridge partnered with Nicole Bradtke and were eliminated in quarterfinals.
1998 SEAT Open – Doubles: Larisa Neiland and Helena Suková were the defending champions but only Neiland competed that year with Elena Tatarkova.
Pavel Složil: Pavel Složil (born 29 December 1955) is a former professional tennis player from Czechoslovakia.
1994 Asian Open – Doubles: Larisa Neiland and Jana Novotná were the defending champions but only Neiland competed that year with Rennae Stubbs.
Larisa Neiland: Larisa Savchenko-Neiland (née Savchenko; born 21 July 1966) is a former professional tennis player who represented the Soviet Union and Latvia.  A former world number one ranked doubles player, Neiland won two women's doubles Grand Slam titles and four mixed doubles Grand Slam titles.  She also won two singles titles and sixty-five doubles titles.
2000 estyle.com Classic – Doubles: Arantxa Sánchez Vicario and Larisa Neiland were the defending champions, but Neiland did not compete this year as she retired from professional tennis during this sea... (skrócone)",,Multi-hop reasoning error
5a8b394855429950cd6afc83,C5,"Who was the son of one of King Abdulaziz many spouses who's brother  is King of Saudi Arabia, Custodian of the Two Holy Mosques, and head of the House of Saud ?",King Fahd,"To answer this question, I need to find a person who is the son of one of King Abdulaziz's many spouses, and whose brother is the current King of Saudi Arabia.

From the text ""Hussa bint Ahmed Al Sudairi"", we know that Hussa was one of King Abdulaziz's many spouses. The text also mentions that she was the mother of King Fahd and King Salman.

Now, I need to find a person who is the son of one of King Abdulaziz's spouses (Hussa) and whose brother is the current King of Saudi Arabia (Salman bin Abdulaziz Al Saud).

From the text ""Fahd of Saudi Arabia"", we know that Fahd was King of Saudi Arabia from 1982 to 2005. However, this is not the person I am looking for.

The text ""Salman of Saudi Arabia"" tells us that Salman is the current King of Saudi Arabia. But it does not mention his mother or any brothers who are sons of one of King Abdulaziz's spouses.

However, from the same text, we can infer that Salman bin Abdulaziz Al Saud has a brother named Fahd (Fahd of Saudi Arabia). 

Now I need to find out if Fahd is the son of one of King Abdulaziz's many spouses. From the text ""Hussa bint Ahmed Al Sudairi"", we know that Hussa was the mother of both King Fahd and King Salman.

So, the answer is Fahd bin Abdulaziz Al Saud or his brother Salman bin Abdulaziz Al Saud could be a candidate but the question asks for the son of one of king Abdulaziz many spouses.","Mansour bin Muqrin: Mansour bin Muqrin bin Abdulaziz Al Saud is a Saudi businessman, member of the House of Saud, and Advisor at the Court of the Crown Prince of Saudi Arabia.  In April 2015, he was appointed Advisor to the Custodian of the Two Holy Mosques with the rank of minister.  He is the son of Prince Muqrin al-Saud, former Crown Prince of Saudi Arabia.
King of Saudi Arabia: The King of Saudi Arabia is Saudi Arabia's head of state and absolute monarch (i.e. head of government).  He serves as the head of the Saudi royal family, the House of Saud.  The King is called the Custodian of the Two Holy Mosques (خادم الحرمين الشريفين ).  The title, which signifies Saudi Arabia's jurisdiction over the mosques of Masjid al Haram in Mecca and Al-Masjid an-Nabawi in Medina, replaced His Majesty (صاحب الجلالة ) in 1986.
Abdulaziz bin Saud Al Saud: Abdulaziz bin Saud bin Nayef bin Abdulaziz Al Saud (Arabic: عبد العزيز بن سعود بن نايف بن عبد العزيز آل سعود‎ ‎ ; born November 4, 1983) is the Minister of Interior of Saudi Arabia since 21 June 2017.  Prince Saud is a graduate of the Dhahran Ahliyyah School and King Saud University.  After King Salman came to power, Abdulaziz was appointed as an adviser to the Royal Court in various departments and later served as an adviser in the Defense Ministry.  He is the eldest son of Prince Saud bin Nayef (former Head of the Saudi Crown Prince Court) who is the eldest son of the former Crown Prince Nayef bin Abdulaziz.
Hussa bint Ahmed Al Sudairi: ... (skrócone)",,Multi-hop reasoning error
5a7d0af455429909bec76916,C5,Who created the practice in which the Florida Legislative Investigation Committee used during the era of the Second Red Scare?,Joseph McCarthy,"To answer the question, let's analyze the information provided.

The question asks: Who created the practice in which the Florida Legislative Investigation Committee used during the era of the Second Red Scare?

From the text ""Florida Legislative Investigation Committee"", we know that this committee was established by the Florida Legislature in 1956. However, it does not mention who specifically created the practice used by the committee.

However, from the context and the era mentioned (Second Red Scare), we can infer that the practice might be related to investigating or targeting suspected communists or subversive activities.

Looking through the texts again, I found a relevant text: ""Card-carrying Communist"". This text mentions that the term ""card-carrying communist"" was used during the Second Red Scare as a label for members of communist and far-left organizations. 

However, there is no direct information in the provided texts about who specifically created this practice.

But considering the context and the era, it seems likely that the committee might have been influenced by or followed the McCarthyism practices, which were popular during the same time period (Second Red Scare).

Therefore, based on the available information and analysis, I would say that there is no direct answer to who created this practice. However, it was likely influenced by the broader anti-communist sentiment of the era, particularly the McCarthyism movement.

Final Answer: There is no specific person mentioned in the provided texts as creating this practice.","Gus Hall: Gus Hall (born Arvo Kustaa Halberg; October 8, 1910 – October 13, 2000) was a leader and chairman of the Communist Party USA (CPUSA) and its four-time U.S. presidential candidate.  As a labor leader, Hall was closely associated with the so-called ""Little Steel"" Strike of 1937, an effort to unionize the nation's smaller, regional steel manufacturers.  During the Second Red Scare, Hall was indicted under the Smith Act and was sentenced to eight years in prison.  After his release, Hall led the CPUSA for over 40 years, often taking an orthodox Marxist–Leninist stance.
McCarthyism: McCarthyism is the practice of making accusations of subversion or treason without proper regard for evidence.  The term refers to U.S. Senator Joseph McCarthy and has its origins in the period in the United States known as the Second Red Scare, lasting roughly from 1947 to 1956 and characterized by heightened political repression as well as a campaign spreading fear of influence on American institutions and of espionage by Soviet agents.
Lavender scare: The lavender scare refers to a witch hunt and the mass firings of gay people in the 1950s from the United States government.  It paralleled the anti-communist campaign known as McCarthyism and the Second Red Scare.  Gay men and lesbians were said to be security risks and communist sympathizers, which led to the call to remove them from state employment.
Card-carrying Communist: ""Card-carrying communist"" is a term popularised during the Second... (skrócone)",,Multi-hop reasoning error
5ac4cfb85542996feb3fe946,C3,Do War and Peace and Mireille have the same number of acts?,yes,"No, War and Peace does not have the same number of acts as Mireille. War and Peace is sometimes arranged as five acts, while Mireille is explicitly an opera in five acts.","Timariots: A timariot (or ""tımar"" holder; ""tımarlı"" in Turkish) was another name given to the Timarli Sipahi cavalry that served the Ottoman sultan and in return was granted a fief called a ""timar"".  The timariots had to assemble with the army when at war, and had to take care of the land entrusted to him in times of peace.  When at war, the timariot had to bring his own equipment and in addition a number of armed retainers (""cebelu"").  The timariot was granted feudatory with the obligation to go mounted to war and to supply soldiers and sailors in numbers proportionate to the revenue of the appanage.  The timariot owed personal service for his sword in time of war and for a certain sum of money owed a number of soldiers as a substitute (""cebelu"").  The (""cebelu"") was bound to live on the timariot’s estate and look after the land.  When summoned for campaign the timariot and his (""cebelu"") had to present themselves with a cuirass.  When a timariot failed to obey the summon he was deprived of his timar for one or two years.  Also non-military timar holders were obliged to supply the imperial army with soldiers and provisions.The number of men and equipment the ""timariotes"" had to provide was dependent on the size of his land holdings.  When the annual income of the holding was above 4.000 akçe the sipahi had to be accompanied by a soldier in a coat of mail, for income above 15.000 akçe by additional soldier for each additional 3.000 akçe.  Above a certain income of the ""timar""... (skrócone)",,Multi-hop reasoning error
5abd56dd55429933744ab77c,C5,Where was the largest German supermarket corporation founded?,A number of major German companies were founded in Berlin,"To find where the largest German supermarket corporation was founded, we need to look for information about the Edeka Group.

From the text ""Economy of Berlin"", it is mentioned that ""A number of major German companies were founded in Berlin, such as Siemens, Deutsche Bank, Lufthansa, Allianz, AEG, Telefunken, Osram, Knorr-Bremse and Edeka.""

However, this tells us where some of the major German companies were founded, but not specifically the location of the largest German supermarket corporation.

Looking at the text ""Edeka"", it is mentioned that ""The Edeka Group is the largest German supermarket corporation... Founded in 1898..."" But there is no mention of the location of its founding.

However, from the same text, we can see that it says ""with headquarters in Hamburg"". This suggests that while the Edeka Group may have been founded elsewhere, its headquarters are currently located in Hamburg.

Therefore, based on this information, we can conclude that the largest German supermarket corporation was likely founded somewhere other than Hamburg (since its founding date is given as 1898), but it does have its headquarters there. Unfortunately, without further information, we cannot pinpoint the exact location of its founding.

However, since no specific location is mentioned in any of the provided texts for where the Edeka Group was founded, and only that its headquarters are located in Hamburg, the best answer I can provide based on the given options (which don't include ""Hamburg"") would be to say that we cannot determine the exact founding location from the information provided.

But if forced to choose a city from the options related to Germany or German-related texts, I would suggest Hamburg as it is mentioned in relation to Edeka Group.","Omaisuudenhoitoyhtiö Arsenal: Omaisuudenhoitoyhtiö Arsenal Oy (""Asset Management Corporation Arsenal"") is a corporation founded by the Government of Finland for management of assets.  Arsenal was founded after the early 1990s recession in 1993 as a response to the nationalization of failed banks, mainly Säästöpankki and STS Bank.  (The contribution of the Säästöpankki group to the total damages to the government was 96%.)  The defaulted debts led to a large amount property being passed to the government as collateral, with concomitant bankruptcy court cases where the state had an interest.  In 1994, Arsenal held 4.822 million euros of assets and had 12.684 customers.  In 1999, the business managing the real estate collateral was spun off as Kapiteeli Oyj, which was bought by Sponda in 2006.  (Sponda was also founded as a result of the same crisis around real estate and stocks from the collapsed SKOP Bank, but since 2012 has had no government ownership.)  Most of the remaining collateral was sold between 2000 and 2003.  In 2003, Arsenal voluntarily started liquidation proceedings.  As of May 2013, Arsenal had 121 debtors and 28 court cases ongoing, and kept four employees.
Netto Marken-Discount: Netto Marken-Discount is a German supermarket chain.  It is owned by the largest German supermarket cooperative Edeka Group and operates mostly in the south and west of Germany.  The first store was opened in 1984 and the chain is expanding aggressively, with its 1000th store opening i... (skrócone)",,Multi-hop reasoning error
5ac4cfb85542996feb3fe946,C2,Do War and Peace and Mireille have the same number of acts?,yes,"No, War and Peace and Mireille do not have the same number of acts. War and Peace has either 2 parts (13 scenes) or sometimes 5 acts, while Mireille is an opera in 5 acts.","Timariots: A timariot (or ""tımar"" holder; ""tımarlı"" in Turkish) was another name given to the Timarli Sipahi cavalry that served the Ottoman sultan and in return was granted a fief called a ""timar"".  The timariots had to assemble with the army when at war, and had to take care of the land entrusted to him in times of peace.  When at war, the timariot had to bring his own equipment and in addition a number of armed retainers (""cebelu"").  The timariot was granted feudatory with the obligation to go mounted to war and to supply soldiers and sailors in numbers proportionate to the revenue of the appanage.  The timariot owed personal service for his sword in time of war and for a certain sum of money owed a number of soldiers as a substitute (""cebelu"").  The (""cebelu"") was bound to live on the timariot’s estate and look after the land.  When summoned for campaign the timariot and his (""cebelu"") had to present themselves with a cuirass.  When a timariot failed to obey the summon he was deprived of his timar for one or two years.  Also non-military timar holders were obliged to supply the imperial army with soldiers and provisions.The number of men and equipment the ""timariotes"" had to provide was dependent on the size of his land holdings.  When the annual income of the holding was above 4.000 akçe the sipahi had to be accompanied by a soldier in a coat of mail, for income above 15.000 akçe by additional soldier for each additional 3.000 akçe.  Above a certain income of the ""timar""... (skrócone)",,Multi-hop reasoning error
5ab5753e554299488d4d9991,C5,What do Lamont Johnson and Harmony Korine have in common?,film director,"To determine what Lamont Johnson and Harmony Korine have in common, I will analyze the provided texts.

Step 1: Identify notable aspects of Lamont Johnson's career.
Lamont Johnson was an American actor and film director who won two Emmy Awards. He appeared in and directed many television shows and movies.

Step 2: Identify notable aspects of Harmony Korine's career.
Harmony Korine is an American film director and screenwriter known for writing ""Kids"" and directing ""Spring Breakers"", ""Gummo"", ""Julien Donkey-Boy"", and ""Mister Lonely"".

Step 3: Compare the careers of Lamont Johnson and Harmony Korine to find commonalities.
Based on the provided texts, there is no direct connection between Lamont Johnson's work as an actor-director and Harmony Korine's work as a director-screenwriter. However, I will continue to analyze the texts for any indirect connections.

Step 4: Analyze additional texts related to Harmony Korine.
The texts about Harmony Korine provide more information on his filmography and writing career but do not mention Lamont Johnson.

Step 5: Review all provided texts again for any possible connection between Lamont Johnson and Harmony Korine.
After reviewing the texts, I found that none of them directly connect Lamont Johnson's work to Harmony Korine's work. However, one text mentions a musician named Lamont Johnson who was an electric fretless bassist in the R&B band Brainstorm.

Step 6: Consider whether the shared name is sufficient for a commonality.
The fact that both individuals share the same first and last names (Lamont Johnson) might be considered a coincidence, but it does not necessarily imply a direct connection between their careers or lives.

Conclusion:
Based on the provided texts, there is no clear evidence of any direct connection or similarity between Lamont Johnson's work as an actor-director and Harmony Korine's work as a director-screenwriter. However, they share the same first and last names, which might be considered a coincidence.","Lamont Johnson: Ernest Lamont Johnson Jr. (September 30, 1922 – October 24, 2010) was an American actor and film director who has appeared in and directed many television shows and movies.  He won two Emmy Awards.
Manglehorn: Manglehorn is a 2014 American drama film directed by David Gordon Green and written by Paul Logan.  The film stars Al Pacino, Holly Hunter, Harmony Korine and Chris Messina.  It was selected to compete for the Golden Lion at the 71st Venice International Film Festival.  The film was released in theaters on June 19, 2015, by IFC Films.
Mister Lonely: Mister Lonely is a 2007 British-French-Irish-American comedy-drama film directed by Harmony Korine and co-written with his brother Avi Korine.  The film features an ensemble cast of international actors, including Diego Luna, Samantha Morton, Denis Lavant, Werner Herzog, James Fox, Anita Pallenberg and Leos Carax.
Division Films: Division Films is a Los Angeles-based film finance and production company established by Wicks Walker in 2012.  The company's first film was ""Spring Breakers"" starring James Franco, Selena Gomez, Vanessa Hudgens and Ashley Benson.  Walker and another producer greenlit the production after Benoît Debie was recruited as cinematographer to work alongside director Harmony Korine and with Selena Gomez added to the cast. "" Spring Breakers"" was selected for competition in the 69th Venice Film Festival and released worldwide in 2013.
Cary Woods: Cary Woods is an American film producer of ove... (skrócone)",,Entity confusion
5a8b394855429950cd6afc83,C2,"Who was the son of one of King Abdulaziz many spouses who's brother  is King of Saudi Arabia, Custodian of the Two Holy Mosques, and head of the House of Saud ?",King Fahd,"There is no direct mention in the provided texts of a son of one of King Abdulaziz's many spouses who has a brother as the current King of Saudi Arabia, Custodian of the Two Holy Mosques, and head of the House of Saud. However, it can be inferred that Prince Salman bin Abdulaziz Al Saud is the current King, and his half-brother Fahd was also a previous King.","Mansour bin Muqrin: Mansour bin Muqrin bin Abdulaziz Al Saud is a Saudi businessman, member of the House of Saud, and Advisor at the Court of the Crown Prince of Saudi Arabia.  In April 2015, he was appointed Advisor to the Custodian of the Two Holy Mosques with the rank of minister.  He is the son of Prince Muqrin al-Saud, former Crown Prince of Saudi Arabia.
King of Saudi Arabia: The King of Saudi Arabia is Saudi Arabia's head of state and absolute monarch (i.e. head of government).  He serves as the head of the Saudi royal family, the House of Saud.  The King is called the Custodian of the Two Holy Mosques (خادم الحرمين الشريفين ).  The title, which signifies Saudi Arabia's jurisdiction over the mosques of Masjid al Haram in Mecca and Al-Masjid an-Nabawi in Medina, replaced His Majesty (صاحب الجلالة ) in 1986.
Abdulaziz bin Saud Al Saud: Abdulaziz bin Saud bin Nayef bin Abdulaziz Al Saud (Arabic: عبد العزيز بن سعود بن نايف بن عبد العزيز آل سعود‎ ‎ ; born November 4, 1983) is the Minister of Interior of Saudi Arabia since 21 June 2017.  Prince Saud is a graduate of the Dhahran Ahliyyah School and King Saud University.  After King Salman came to power, Abdulaziz was appointed as an adviser to the Royal Court in various departments and later served as an adviser in the Defense Ministry.  He is the eldest son of Prince Saud bin Nayef (former Head of the Saudi Crown Prince Court) who is the eldest son of the former Crown Prince Nayef bin Abdulaziz.
Hussa bint Ahmed Al Sudairi: ... (skrócone)",,Multi-hop reasoning error
5adeb67e5542995534e8c6e2,C5,"The 1990 Los Angeles Rams season was the team's 53rd year with the National Football League and the 45th season in Los Angeles, on which date, did Marcus Dupree made his NFL debut against the New York Giants?",Marcus Dupree,"To answer this question, I will need to find the correct text that mentions Marcus Dupree making his NFL debut against the New York Giants.

Step 1: Check each title for relevance.
- The Los Angeles Rams' seasons (1990, 1991, etc.) might mention Marcus Dupree's debut.
- The ""Marcus Dupree"" title is about his biography and doesn't directly answer the question.
- Other titles don't seem to be related.

Step 2: Look through each text for a mention of Marcus Dupree making his NFL debut against the New York Giants on November 11, 1990.

Text: 1990 Los Angeles Rams season
- This is a strong candidate because it's about the 1990 Rams season and might include information about their players.

Step 3: Find the correct text.
The text for the 1990 Los Angeles Rams season mentions Marcus Dupree making his NFL debut against the New York Giants on November 11, 1990.","1991 Los Angeles Rams season: The 1991 Los Angeles Rams season was the team's 54th year with the National Football League and the 46th season in Los Angeles.  The team was looking to improve on its 5-11 record from 1990.  However, the Rams finished the 1991 season 3-13, tied for the second worst record in the NFL with the Cincinnati Bengals and the Tampa Bay Buccaneers.  After splitting their first 6 games, the Rams lost their final 10 games of the season, their longest losing streak to end a season since 1937, when the team was in Cleveland, when the team lost 9 in a row to end that season.  The 3-13 record was the worst for the Rams in Los Angeles for a 16-game schedule and they tied the third-fewest posted by the team in its tenure in the city.  This was also, at the time, the worst record for the Rams in a 16-game schedule overall (not including the 1982 strike-shortened season).
1960 Los Angeles Rams season: The Los Angeles Rams season was the team's 23rd year with the National Football League and the 15th season in Los Angeles.  Under first-year head coach Bob Waterfield, the team won four and lost seven with one tie, placing the Rams in sixth place in the Western Conference, ahead of only the expansion Dallas Cowboys.
1980 Los Angeles Rams season: The 1980 Los Angeles Rams season was the team's 43rd year with the National Football League (NFL), the 35th season in Los Angeles, and the first season at Anaheim Stadium.  The 1980 Los Angeles Rams ended their season with a ... (skrócone)",,Multi-hop reasoning error
5a75e3a355429976ec32bc77,C7,When was the coach of the 1986 Super Bowl champions born?,1941,"Unfortunately, the search results do not provide information about the coach of the 1986 Super Bowl champions. However, I can try again with a different search query.

{""name"": ""search_wikipedia"", ""parameters"": {""query"":""1986 Super Bowl champions coach birthdate""}}","1985 New York Giants season: The 1985 New York Giants season was the 61st season for the club in the National Football League (NFL).  The Giants entered the season looking to improve on their 9–7 record in 1984, which was enough to qualify the team for the playoffs as the second wild-card team, and to return to the playoffs for the second consecutive year under third-year head coach Bill Parcells.  The Giants managed to do both, finishing with 10 victories for the first time since 1963 when the team won 11 games and finishing as the first wild-card team which earned the Giants a home playoff game at Giants Stadium.  They defeated the San Francisco 49ers 17–3 in that game, avenging their loss to the 49ers in the previous year's divisional playoffs.  However, it was as far as the Giants could get as they were defeated by the eventual Super Bowl champion Chicago Bears in the divisional round at Soldier Field 21–0.  Bill Parcells stated in ""America's Game: 1986 Giants"" that the game the Giants played against the Bears in the playoffs that ""an honest evaluation of it, we could have probably beat that team one out of ten times.  But that day was one of the days that that could have happened"", the Giants were ultimately undone by a whiffed punt from legend Sean Landeta, the ball flew out of the air when he went to punt it from a burst of wind coming of Lake Michigan, the Bears recovered the ball for a touchdown from less than 5 yards from the end zone, and ended up winning 21-0.  At... (skrócone)",,Multi-hop reasoning error
5a7662e25542992db9473789,C2,Angelo Meli was a Chairman of an American Mafia crime family also known as what?,"Detroit crime family, Detroit Combination, Detroit Mafia, or Zerilli crime family","Angelo Meli was a Chairman of the Detroit Partnership, also known as the Detroit crime family.","Vincent Meli: Vincent ""Little Vince"" Meli (January 2, 1921 – January 7, 2008) was a Detroit mobster and acting underboss of the Detroit crime family.  The nephew of Angelo Meli, he succeeded longtime crime boss Anthony Zerilli following his imprisonment.
St. Louis crime family: The St. Louis crime family, also known as the Giordano crime family, is an American Mafia crime family based in St. Louis, Missouri, United States.
Milwaukee crime family: The Milwaukee crime family or Balistrieri crime family is an American Mafia crime family based in Milwaukee, Wisconsin.  The crime family was considered a branch of the Chicago Outfit.  The family's most influential boss was Frank ""Mr. Big"" Balistrieri, who was greatly involved in the Las Vegas skimming casinos. Today, the crime family is nearly extinct, since Balistrieri died in 1993, with the ""Chicago Outfit"" gaining control over some of the illegal rackets in the area.
Detroit Partnership: The Detroit Partnership, also known as the Detroit crime family, Detroit Combination, Detroit Mafia, or Zerilli crime family (pronounced ] ) is an American Mafia crime family based in Detroit, Michigan.
New Orleans crime family: The New Orleans crime family is an American Mafia Crime family based in the city of New Orleans.  The Crime Family has a history of criminal activity dating back to the late nineteenth century.  The family reached its height of influence under Carlos Marcello, one of America's most powerful Mafia dons during the mid-twen... (skrócone)",,Multi-hop reasoning error
5ab87a7355429934fafe6df2,C2,In between Michael Vartan and Vartan Gregorian who is is a French-American actor?,Michael S. Vartan,"The French-American actor mentioned between Michael Vartan and Vartan Gregorian is not explicitly stated in the provided texts, but it can be inferred that the actor being referred to is likely David Hallyday, who is mentioned as Michael Vartan's first cousin.","Hawthorne (TV series): Hawthorne (sometimes stylized HawthoRNe) is an hour-long medical drama on the TNT television network starring Jada Pinkett Smith and Michael Vartan.  It premiered on June 16, 2009.  On Thursday, September 16, 2010, it was announced that ""Hawthorne"" has been renewed for a third and final season consisting of 10 episodes.  The third and final season of the show premiered on June 14, 2011, and ended on August 16, 2011.
One Hour Photo: One Hour Photo is a 2002 American psychological thriller film written and directed by Mark Romanek and starring Robin Williams, Connie Nielsen, Michael Vartan, Gary Cole, and Eriq La Salle.  Released by Fox Searchlight Pictures, ""One Hour Photo"" received positive reviews from film critics, with praise for Romanek's writing and Cronenweth's cinematography, while Williams' against-type performance received universal critical acclaim, earning him a Saturn Award for Best Actor.
Michael Vaughn: Michael C. Vaughn is a fictional character on the television series ""Alias"".  Played by Michael Vartan, Vaughn is one of Sydney Bristow's co-workers and her ongoing love interest.  He, like Sydney, is skilled in a variety of areas.  His language abilities, shown in various episodes, include French, Spanish, Italian, and others.
Fiorile: Fiorile is a 1993 Italian drama film about a family curse caused by greed.  The film was directed by Paolo and Vittorio Taviani, and stars Claudio Bigagli, Galatea Ranzi, and Michael Vartan.  It was entered ... (skrócone)",,Entity confusion
5a89a034554299669944a54f,C6,Charles Libby graduated from a high school located at what address?,284 Cumberland Avenue,"There is no information about Charles Libby graduating from a high school located at a specific address in any of the provided texts. However, it is mentioned that Charles Libby graduated from Portland High School (Maine) in one of the texts.

To answer the question based on the available information: 

Charles Libby graduated from Portland High School, but there is no mention of its address in the provided texts.","Colerain High School (Cincinnati, Ohio): Colerain High School is a public high school located near Cincinnati, Ohio.  It is part of the Northwest Local School District.  The high school is located in Colerain Township, about 14 miles northwest of downtown Cincinnati.  The original school opened in 1924 under the name Colerain Centralized School at 4700 and 4850 Poole Road and is now Colerain Elementary School and Colerain Middle School.  Today's Colerain High School opened in 1964 at its newer address, 8801 Cheviot Road.  It is the largest public school in the Colerain area in terms of enrollment and building size, with over 2,200 students currently attending CHS in two buildings on campus, the main school building and the Career Center building.  Today, Colerain has grown to become one of the largest high schools in the state of Ohio.
Charles Libby: Charles Freeman Libby (January 31, 1844 - 1915) was an American politician and lawyer from Maine.  Libby, a Republican served as President of the Maine Senate from 1891 to 1892 and later as President of the American Bar Association.  Libby was born in Limerick, Maine and his family moved to Portland, Maine a few years later.  Libby graduated from Portland High School and Bowdoin College in 1864.  He interned with a local law firm and studied at Columbia Law School and was admitted to the bar in 1866.  In 1882, he served as Mayor of Portland, Maine and was elected to the Maine Senate in 1889, serving until 1892.
Portland High Scho... (skrócone)",,Multi-hop reasoning error
5a81e9185542995ce29dcc74,C3,"Who was the Canadian actor and musician whose mom gets set up with Kurt Hummel's dad in ""Home""?",Cory Monteith,"The Canadian actor and musician whose mom gets set up with Kurt Hummel's dad, Burt Hummel, in the episode ""Home"" (2010), was Cory Monteith's character Finn Hudson's rival, but actually it's Elliott Gilbert portrayed by Adam Lambert or actually none of them but Corey Monteith as he played Finn who's friend of Kurt.","The Purple Piano Project: ""The Purple Piano Project"" is the premiere episode of the third season of the American musical television series ""Glee"", and the forty-fifth overall.  The episode was written by series co-creator Brad Falchuk, directed by Eric Stoltz, and first aired on September 20, 2011 on Fox in the United States.  It features the start of a new school year at McKinley High, and for its glee club, New Directions.  Members of the club have left, and a recruitment drive is launched to bring the numbers back up.  Blaine Anderson (Darren Criss), Kurt Hummel's (Chris Colfer) boyfriend, transfers from Dalton Academy to McKinley High, and Mercedes Jones gets a new boyfriend.  Sue Sylvester is running for Congress.
Home (Glee): ""Home"" is the sixteenth episode of the American television series ""Glee"".  The episode premiered on the Fox network on April 27, 2010.  It was directed by Paris Barclay and written by series creator Brad Falchuk.  ""Home"" sees new cheerleader Mercedes Jones (Amber Riley) deal with body image issues, while Kurt Hummel (Chris Colfer) sets his dad and Finn Hudson's mom together, in an attempt to get closer to Finn (Cory Monteith), and club director Will Schuester (Matthew Morrison) is reunited with his friend April Rhodes (Kristin Chenoweth).  Chenoweth first appeared in ""Glee"" in the episode ""The Rhodes Not Taken"".  She enjoyed the role of April so much that she agreed to return for ""Home"", and has expressed an interest in reappearing in the future.
J... (skrócone)",,Format error
5a8b394855429950cd6afc83,C2,"Who was the son of one of King Abdulaziz many spouses who's brother  is King of Saudi Arabia, Custodian of the Two Holy Mosques, and head of the House of Saud ?",King Fahd,"There is no direct answer to the question based on the provided texts. However, we can infer that one possible candidate for the son of one of King Abdulaziz's many spouses whose brother is King Salman (Custodian of the Two Holy Mosques and head of the House of Saud) could be Prince Abdulaziz bin Saud Al Saud or Prince Bader bin Saud bin Mohammed Al Saud.","Mansour bin Muqrin: Mansour bin Muqrin bin Abdulaziz Al Saud is a Saudi businessman, member of the House of Saud, and Advisor at the Court of the Crown Prince of Saudi Arabia.  In April 2015, he was appointed Advisor to the Custodian of the Two Holy Mosques with the rank of minister.  He is the son of Prince Muqrin al-Saud, former Crown Prince of Saudi Arabia.
King of Saudi Arabia: The King of Saudi Arabia is Saudi Arabia's head of state and absolute monarch (i.e. head of government).  He serves as the head of the Saudi royal family, the House of Saud.  The King is called the Custodian of the Two Holy Mosques (خادم الحرمين الشريفين ).  The title, which signifies Saudi Arabia's jurisdiction over the mosques of Masjid al Haram in Mecca and Al-Masjid an-Nabawi in Medina, replaced His Majesty (صاحب الجلالة ) in 1986.
Abdulaziz bin Saud Al Saud: Abdulaziz bin Saud bin Nayef bin Abdulaziz Al Saud (Arabic: عبد العزيز بن سعود بن نايف بن عبد العزيز آل سعود‎ ‎ ; born November 4, 1983) is the Minister of Interior of Saudi Arabia since 21 June 2017.  Prince Saud is a graduate of the Dhahran Ahliyyah School and King Saud University.  After King Salman came to power, Abdulaziz was appointed as an adviser to the Royal Court in various departments and later served as an adviser in the Defense Ministry.  He is the eldest son of Prince Saud bin Nayef (former Head of the Saudi Crown Prince Court) who is the eldest son of the former Crown Prince Nayef bin Abdulaziz.
Hussa bint Ahmed Al Sudairi: ... (skrócone)",,Multi-hop reasoning error
5adfa650554299025d62a321,C3,"Which genus, Farfugium or Comptonia contains more species?",Farfugium,"Comptonia contains more species (although it actually has only one species). Farfugium has multiple species including ""Farfugium japonicum"".","Farfugium: Farfugium is a genus of flowering plants in the family Asteraceae, native to streams and seashores in east Asia.  They are rhizomatous evergreen perennials with rounded leathery leaves and bright yellow flowers in autumn and winter.  Species include ""Farfugium japonicum"", with variegated cultivars for use in horticulture.
Comptonia (plant): Comptonia is a monotypic genus (containing only Comptonia peregrina) in the family Myricaceae, order Fagales.  It is native to eastern North America, from southern Quebec south to the extreme north of Georgia, and west to Minnesota.  The common name is sweetfern or sweet-fern, a confusing name as it is not a fern.... (skrócone)",,Multi-hop reasoning error
5a8f75de5542997ba9cb3275,C3,How many specials were aired on the series that Buddy Van Horn doubled for Guy Williams on?,4 hour-long specials,"There is no mention of ""specials"" being aired on a series that Buddy Van Horn doubled for Guy Williams on. However, according to the text, Buddy Van Horn doubled for Guy Williams on Disney's ""Zorro"".","Arthur W. Van Horn: Arther Wesley Van Horn (1860-1931) was a prolific architect of Bismarck, North Dakota.  He began as an independent architect in 1883, worked within Van Horn & Loven during 1917-1919, and within Van Horn & Ritterbush Brothers during 1920-1931.  The Bismarck-based firm evolved as Ritterbush Brothers during 1931-1974 and subsequently as Ritterbush Associates.
The Dead Pool: The Dead Pool is a 1988 American action film directed by Buddy Van Horn, written by Steve Sharon, and starring Clint Eastwood as Inspector ""Dirty"" Harry Callahan.  It is the fifth and final film in the ""Dirty Harry"" film series, set in San Francisco, California.
Van Horn Mansion: The Van Horn Mansion was built by Judge James Van Horn in 1823.  It is the site of the Town of Newfane's first town meeting, April 6, 1824.  The name for the Town of Newfane is believed to be chosen by the town Postmaster.  The Mansion includes 16 rooms and five bathrooms.  It is located on Lockport-Olcott Road in Niagara County, New York on Route 78 and is also considered to be haunted.  It is one many National Register of Historic Places in Niagara County.
Zorro (1957 TV series): Zorro is an American action-adventure western drama series produced by Walt Disney Productions.  Based on the well-known Zorro character created by Johnston McCulley, the series premiered on October 10, 1957 on ABC.  The final network broadcast was July 2, 1959.  Seventy-eight episodes were produced, and 4 hour-long specials were aired ... (skrócone)",,Multi-hop reasoning error
5abb23595542992ccd8e7f24,C2,"Norman Tokar and D. Ross Lederman, share which occupation?",film director,"Neither Norman Tokar nor the provided texts indicate that they share an occupation with D. Ross Lederman, who is a film director.","D. Ross Lederman: David Ross Lederman (December 12, 1894 – August 24, 1972) was an American film director noted for his Western/action/adventure films of the 1930s and 1940s.
Texas Cyclone (film): Texas Cyclone is a 1932 American Pre-Code Western film directed by D. Ross Lederman.  The film stars Tim McCoy as ""Texas Grant"", Shirley Grey, Wheeler Oakman and John Wayne, and features an early appearance by Walter Brennan.
Glamour for Sale: Glamour for Sale is a 1940 American crime film directed by D. Ross Lederman and starring Anita Louise, Roger Pryor and Frances Robinson.
Shadows on the Stairs: Shadows on the Stairs is a 1941 British film directed by D. Ross Lederman.
Norman Tokar: Norman Tokar (November 25, 1919 in Newark, New Jersey – April 6, 1979 in Hollywood) was a prolific director (and occasionally writer and producer) of serial television and feature films, who directed many of the early episodes of ""Leave it to Beaver"", and found his greatest success directing over a dozen films for Walt Disney Productions, spanning the 1950s to the 1970s.
Shadows of the Night (film): Shadows of the Night is a 1928 American drama silent film directed by D. Ross Lederman and written by Robert E. Hopkins and D. Ross Lederman.  The film stars Flash the Dog, Lawrence Gray, Louise Lorraine, Warner Richmond and Tom Dugan.  It was released on October 26, 1928, by Metro-Goldwyn-Mayer.
Busses Roar: Busses Roar is a 1942 film directed by D. Ross Lederman and starring Richard Travis and Julie Bi... (skrócone)",,Multi-hop reasoning error
5abd353c5542993062266bee,C3,How are both Buckminster Fuller and Marianne Moore have artistic similarities? ,American architect,"There are no direct artistic similarities mentioned between Buckminster Fuller and Marianne Moore in the provided texts. However, both were associated with innovative and influential works:

* Buckminster Fuller was known for his designs, such as the geodesic dome, the Dymaxion car, and his ""Pillow Dome"" design inspired by Fuller's principles.
* Marianne Moore's poetry is noted for formal innovation, precise diction, irony, and wit.

Mark di Suvero created a sculpture, ""Are Years What? (for Marianne Moore)"", that references her poem.","Are Years What? (for Marianne Moore): Are Years What?  (for Marianne Moore) is a sculpture by American artist Mark di Suvero.  It is in the collection of the Hirshhorn Museum and Sculpture Garden, in Washington, D.C., United States.  The sculpture is named after poet Marianne Moore's ""What Are Years"".  From May 22, 2013 through May 26, 2014, the sculpture resided temporarily in San Francisco, as part of the San Francisco Museum of Modern Art's Mark di Suvero exhibition at Crissy Field.
J. Baldwin: James Tennant Baldwin (born 1933) (whose books and articles have been published under the names J. Baldwin, Jay Baldwin, and James T. Baldwin) is an American industrial designer and writer.  Baldwin was a student of Buckminster Fuller; Baldwin's work has been inspired by Fuller's principles and (in the case of some of Baldwin's published writing) has popularized and interpreted Fuller's ideas and achievements.  In his own right, Baldwin has been a figure in American designers' efforts to incorporate solar, wind, and other renewable sources of energy.  In his career, being a fabricator has been as important as being a designer.  Baldwin is noted as the inventor of the ""Pillow Dome,"" a design that combines Buckminster Fuller's geodesic dome with panels of inflated ETFE plastic panels.
Buckminster Fuller: Richard Buckminster ""Bucky"" Fuller ( ; July 12, 1895 – July 1, 1983) was an American architect, systems theorist, author, designer, and inventor.
R. Buckminster Fuller and Anne Hewlet... (skrócone)",,Multi-hop reasoning error
5a7bf582554299683c1c62c6,C5,Pavel Složil and Larisa Neiland were both famous for what?,tennis,"To answer the question, we need to find information about Pavel Složil and Larisa Neiland.

First, let's analyze the provided texts:

- There is a text titled ""Pavel Složil"" which mentions that he was a former professional tennis player from Czechoslovakia.
- The other texts are about various tennis tournaments, including doubles and mixed doubles, and mention Larisa Neiland as one of the competitors.

However, there is no information in any of these texts that connects Pavel Složil to Larisa Neiland or mentions them both together. 

So, based on the provided texts, we cannot determine what both Pavel Složil and Larisa Neiland were famous for.","1994 Lipton Championships – Women's Doubles: Larisa Neiland and Jana Novotná were the defending champions but competed with different partners that year, Neiland with Elizabeth Smylie and Novotná with Arantxa Sánchez Vicario.
1996 French Open – Mixed Doubles: Larisa Neiland and Todd Woodbridge were the defending champions, but competed this year with different partners.  Neiland teamed up with Mark Woodforde and were eliminated in semifinals, while Woodbridge partnered with Nicole Bradtke and were eliminated in quarterfinals.
1998 SEAT Open – Doubles: Larisa Neiland and Helena Suková were the defending champions but only Neiland competed that year with Elena Tatarkova.
Pavel Složil: Pavel Složil (born 29 December 1955) is a former professional tennis player from Czechoslovakia.
1994 Asian Open – Doubles: Larisa Neiland and Jana Novotná were the defending champions but only Neiland competed that year with Rennae Stubbs.
Larisa Neiland: Larisa Savchenko-Neiland (née Savchenko; born 21 July 1966) is a former professional tennis player who represented the Soviet Union and Latvia.  A former world number one ranked doubles player, Neiland won two women's doubles Grand Slam titles and four mixed doubles Grand Slam titles.  She also won two singles titles and sixty-five doubles titles.
2000 estyle.com Classic – Doubles: Arantxa Sánchez Vicario and Larisa Neiland were the defending champions, but Neiland did not compete this year as she retired from professional tennis during this sea... (skrócone)",,Multi-hop reasoning error
5ab3fcf455429976abd1bd14,C4,"Mulan and Underdog, have which mutual genre?",comedy,"To determine the mutual genre between Mulan and Underdog, we need to identify the genres associated with each film.

Mulan is an animated musical action comedy-drama film, which suggests that it belongs to multiple genres, but primarily it's a drama or action-comedy film.

Underdog, on the other hand, is described as a family superhero comedy film. This indicates that Underdog is primarily a comedy and/or superhero film.

After reviewing the provided texts, I couldn't find any direct connection between Mulan and Underdog in terms of genre. However, considering the genres mentioned for each film, we can infer that neither Mulan nor Underdog belongs to the same genre as the other.

But if we look at the provided options (which are not explicitly listed), based on our analysis, it seems that there is no mutual genre between Mulan and Underdog.

However, since I need to provide a final answer, I will choose ""None"" as the correct answer.","Horizons of Expectation: The phrase ""Horizons of Expectation"" is a term fundamental to German academic Hans Robert Jauss's Reception theory.  The concept is a component of his theory of literary history where his intention is to minimise the gulf between the schools of literature and history which have previously relegated the reader to play only a minor role in the interpretation of literature.  Specifically, it is the structure by which a person comprehends, decodes and appraises any text based on cultural codes and conventions particular to their time in history.  These horizons are therefore historically flexible meaning readers may interpret and value a text differently from a previous generation.  It emphasises the reader as an important element in the processing of texts.  According to Jauss, the reader approaches a text armed with the knowledge and experience gained from interactions with other texts.  These earlier texts arouse familiarity for the reader based on expectations and rules of genre and style.  Jauss describes it this way, 'a literary work is not an object which stands by itself and which offers the same face to each reader in each period'.  Thus reading is not an 'autonomous, free and individual' experience but rather a collection of mutual concepts fitting a period or a people.
Nepali Sahitya Parishad Sikkim: Nepali Sahitya Parishad (Nepali:नेपाली साहित्य परिषद सिक्किम) is a Literary organisation of Nepali language and literature in Sikkim which was est... (skrócone)",,Multi-hop reasoning error
5ae49c715542995dadf24374,C3,"Yankee and Film Threat, are which form of publication?",magazine,"Yankee is a magazine based in Dublin, New Hampshire, founded in 1935.

Film Threat is an online publication and former national magazine, initially created as a photocopied zine in 1985, that focused on independent film reviews.","Sam Wells (filmmaker): Sam Wells (November 4, 1950 – June 3, 2011) was an American experimental filmmaker and photographer based in Princeton, New Jersey.  He is best known for the film ""Wired Angel"" (1999), an avant-garde feature inspired by the life and trial of Joan of Arc.  Filmed on high-contrast black-and-white reversal film and featuring a musical score written by Academy Award-winning composer Joe Renzetti, ""Wired Angel"" was well received at underground film festivals in both Chicago and New York, with Film Threat magazine naming it one of the best unseen films of 2001.
Film Threat: Film Threat was an online publication and, earlier, a national magazine that focused primarily on independent film, although it also reviewed videos and DVDs of mainstream films as well as Hollywood movies in theaters.  It first appeared as a photocopied zine in 1985, created by Wayne State University students Chris Gore and André Seewood.  In 1997, ""Film Threat"" was converted to a solely online resource.
Piece by Piece (film): Piece By Piece is a documentary film directed by Nic Hill.  The film documents San Francisco's graffiti culture from the early 1980s to 2004.  It is narrated by the San Francisco graffiti artist Senor One, better known as Renos.  The ""San Francisco Bay Guardian""<nowiki>'</nowiki>s Cheryl Eddy singled the film out as the highlight of the 2006 Hi/Lo film festival, calling it ""an educational experience"" and ""a thoughtful document"".  In a full review for that same paper... (skrócone)",,Multi-hop reasoning error
5ab3ac1a5542992ade7c6e13,C2,Are both Stone Temple Pilots and Transvision Vamp considered American rock groups?,no,"Yes, both Stone Temple Pilots and Transvision Vamp are considered American rock groups, despite Transvision Vamp being formed in Britain by a British lead singer (Wendy James) and having a pop/rock sound more characteristic of the UK music scene. However, for clarity:

* Transvision Vamp is actually a British alternative rock group.
* Stone Temple Pilots is an American rock band from San Diego, California.","The Nameless One (song): ""The Nameless One"" is the debut solo single from former Transvision Vamp lead singer Wendy James.  It was released in the first quarter of 1993 as the lead single from James' debut solo album ""Now Ain't the Time for Your Tears"".  Written by Elvis Costello, the song marked a more alternative direction in sound, slightly different from the pop/rock stylings of Transvision Vamp.  The single met with limited success, only peaking at number thirty-four on the UK Singles Chart and spending just three weeks in the top one-hundred.
Transvision Vamp: Transvision Vamp were a British alternative rock group.  Formed in 1986 by Nick Christian Sayer and Wendy James, the band enjoyed chart success in the late 1980s with their pop/punk sound.  James, the lead singer and focal-point of the group, attracted media attention with her sexually charged and rebellious image.
2008 Stone Temple Pilots Reunion Tour: The 2008 Stone Temple Pilots Reunion Tour was a 75-date reunion tour for the popular American rock band Stone Temple Pilots, who originally disbanded in 2003.  The tour, which kicked off on May 17, 2008 in Columbus, Ohio at the Rock on the Range festival, ran throughout the summer and ended on October 31 at the Verizon Wireless Center in Pelham, Alabama.  The Stone Temple Pilots reunion tour was a success, receiving positive reviews from critics and fans alike as well as high ticket sales.  At one point, the Stone Temple Pilots tour was ranked at #1 on Pollstar's ""... (skrócone)",,Multi-hop reasoning error
5a75e3a355429976ec32bc77,C2,When was the coach of the 1986 Super Bowl champions born?,1941,"There is no text about the coach of the 1986 Super Bowl champions being born. However, Bill Parcells was the head coach of the 1986 Giants team, but they lost in the divisional round and did not win the Super Bowl that year. The New York Giants actually won Super Bowl XXI in 1987 under the coaching of Bill Parcells.","1985 New York Giants season: The 1985 New York Giants season was the 61st season for the club in the National Football League (NFL).  The Giants entered the season looking to improve on their 9–7 record in 1984, which was enough to qualify the team for the playoffs as the second wild-card team, and to return to the playoffs for the second consecutive year under third-year head coach Bill Parcells.  The Giants managed to do both, finishing with 10 victories for the first time since 1963 when the team won 11 games and finishing as the first wild-card team which earned the Giants a home playoff game at Giants Stadium.  They defeated the San Francisco 49ers 17–3 in that game, avenging their loss to the 49ers in the previous year's divisional playoffs.  However, it was as far as the Giants could get as they were defeated by the eventual Super Bowl champion Chicago Bears in the divisional round at Soldier Field 21–0.  Bill Parcells stated in ""America's Game: 1986 Giants"" that the game the Giants played against the Bears in the playoffs that ""an honest evaluation of it, we could have probably beat that team one out of ten times.  But that day was one of the days that that could have happened"", the Giants were ultimately undone by a whiffed punt from legend Sean Landeta, the ball flew out of the air when he went to punt it from a burst of wind coming of Lake Michigan, the Bears recovered the ball for a touchdown from less than 5 yards from the end zone, and ended up winning 21-0.  At... (skrócone)",,Multi-hop reasoning error
5a8aa4ad5542996c9b8d5f4a,C5,"Who won more Grand Slam singles and doubles titles in their tennis career, Jim Pugh or Iva Majoli?",Iva Majoli,"To determine who won more Grand Slam singles and doubles titles, we need to compare the number of titles won by Jim Pugh and Iva Majoli.

From the text about Jim Pugh, we know that he won:
- 3 Grand Slam men's doubles titles
- 5 Grand Slam mixed doubles titles

From the text about Iva Majoli, we know that she won:
- 1 Grand Slam singles title (French Open in 1997)
- 1 doubles title during her career

Since Jim Pugh and Iva Majoli have different types of titles (men's/mixed doubles vs. women's/singles), the comparison is not straightforward.

However, if we focus on the number of singles titles won by each player, it's clear that Iva Majoli won 1 Grand Slam singles title, while Jim Pugh did not win any Grand Slam singles titles.

If we look at the total number of doubles titles, Jim Pugh has 3 men's/mixed doubles titles, while Iva Majoli has 1 women's doubles title. However, we cannot directly compare these numbers because they represent different types of doubles titles.

To make a fair comparison, let's consider only the Grand Slam singles and doubles titles won by each player in their respective categories (men's/mixed doubles for Jim Pugh and women's/singles for Iva Majoli). In this case, both players have only one type of title that can be directly compared: singles titles. Iva Majoli has 1 Grand Slam singles title, while Jim Pugh does not have any.

However, if we consider the total number of doubles titles won by each player (including men's/mixed and women's), Jim Pugh has a higher number (8 in total) than Iva Majoli (1).

Given this information, it appears that Jim Pugh won more Grand Slam singles and doubles titles in his career compared to Iva Majoli.","Helena Suková: Helena Suková (] ) (born 23 February 1965) is a former professional tennis player from the Czech Republic.  During her career, she won 14 Grand Slam doubles titles, 9 of them in women's doubles and 5 of them in mixed doubles.  She also was a four-time Grand Slam singles runner-up and won 10 singles titles and 69 doubles titles.
Yevgeny Kafelnikov: Yevgeny Aleksandrovich Kafelnikov (Russian: Евгений Александрович Кафельников ] ; born 18 February 1974) is a Russian former world No. 1 tennis player.  He won two Grand Slam singles titles, the 1996 French Open and the 1999 Australian Open.  He also won four Grand Slam doubles titles, being the last man to have won both the men's singles and doubles titles at the same Grand Slam tournament, which he did at the 1996 French Open.
Martina Hingis: Martina Hingis (born 30 September 1980) is a Swiss professional tennis player, a former world No. 1 singles player and currently ranked world No. 2 in doubles by the WTA.  She has spent a total of 209 weeks as the singles No. 1 and has won five Grand Slam singles titles, thirteen Grand Slam women's doubles titles, winning a calendar-year doubles Grand Slam in 1998, and seven Grand Slam mixed doubles titles; for a combined total of twenty-five major titles.  In addition, she has won the season-ending WTA Championships two times in singles and three times in doubles, and an Olympic silver medal.
Li Na: Li Na (; ; born 26 February 1982) is a retired Chinese professional tennis pla... (skrócone)",,Multi-hop reasoning error
5abd353c5542993062266bee,C5,How are both Buckminster Fuller and Marianne Moore have artistic similarities? ,American architect,"To find artistic similarities between Buckminster Fuller and Marianne Moore, let's analyze the provided texts.

Buckminster Fuller was a visionary inventor, architect, designer, and writer who popularized the geodesic dome as a building design. He designed various structures, including the Montreal Biosphère, which is considered one of his most famous works. His work focused on doing more with less, as evident from the Dymaxion car, which aimed to be an ""Omni-Medium Transport"" that could fly, land, and drive.

Marianne Moore was a poet known for her formal innovation, precise diction, irony, and wit in her poetry. The sculpture ""Are Years What? (for Marianne Moore)"" is named after one of her poems, ""What Are Years"". This suggests that Mark di Suvero's sculpture is inspired by or pays homage to Moore's work.

Now, let's look for possible artistic similarities:

1. **Innovative thinking**: Both Fuller and Moore were known for their innovative approaches in their respective fields. Fuller designed futuristic structures like the geodesic dome, while Moore experimented with new forms and language in her poetry.
2. **Exploration of form and function**: Fuller's designs often combined functionality with artistic expression (e.g., the Dymaxion car). Similarly, Moore's poems often explored the relationship between form and meaning.
3. **Emphasis on simplicity and efficiency**: Fuller's work was characterized by his goal to do more with less. Moore's poetry also valued precision and economy of language.

While their artistic expressions differ significantly (Fuller in architecture and design, Moore in poetry), they share a common thread of innovative thinking, exploration of form and function, and emphasis on simplicity and efficiency.","Are Years What? (for Marianne Moore): Are Years What?  (for Marianne Moore) is a sculpture by American artist Mark di Suvero.  It is in the collection of the Hirshhorn Museum and Sculpture Garden, in Washington, D.C., United States.  The sculpture is named after poet Marianne Moore's ""What Are Years"".  From May 22, 2013 through May 26, 2014, the sculpture resided temporarily in San Francisco, as part of the San Francisco Museum of Modern Art's Mark di Suvero exhibition at Crissy Field.
J. Baldwin: James Tennant Baldwin (born 1933) (whose books and articles have been published under the names J. Baldwin, Jay Baldwin, and James T. Baldwin) is an American industrial designer and writer.  Baldwin was a student of Buckminster Fuller; Baldwin's work has been inspired by Fuller's principles and (in the case of some of Baldwin's published writing) has popularized and interpreted Fuller's ideas and achievements.  In his own right, Baldwin has been a figure in American designers' efforts to incorporate solar, wind, and other renewable sources of energy.  In his career, being a fabricator has been as important as being a designer.  Baldwin is noted as the inventor of the ""Pillow Dome,"" a design that combines Buckminster Fuller's geodesic dome with panels of inflated ETFE plastic panels.
Buckminster Fuller: Richard Buckminster ""Bucky"" Fuller ( ; July 12, 1895 – July 1, 1983) was an American architect, systems theorist, author, designer, and inventor.
R. Buckminster Fuller and Anne Hewlet... (skrócone)",,Multi-hop reasoning error
5ade1df055429939a52fe828,C1,Is the Rafeiro do Alentejo the same type of animal as the Ariege Pointer?,yes,"No, the Rafeiro do Alentejo is not the same type of animal as the Ariege Pointer. The Rafeiro do Alentejo is a breed of livestock guardian dog, while the Ariege Pointer is a breed of pointing gun dog. They have different origins, functions, and characteristics.","West Siberian Laika: The West Siberian Laika or ""WSL"", is a breed of hunting dog and a breed of spitz type.  Russian publications indicate that the term West Siberian Laika loosely applied to hunting dogs originating with the Mansi and Khanty people in Ural and West Siberia, but there were no standards or registrations of WSL as such until 1930.  Then WWll disrupted it for a while, but ""systematic breeding with registrations"" resumed after the war ended, in 1946.  This was the time the breed began taking modern shape.  Before that hunters only knew of Mansi Laika and Khanty Laika.  In early 1960 many hunters in Ural still preferred the term Mansi Laika, when speaking of West Siberian Laika.  In Russian language, the term Laika originated from the word ""layat"" that means to bark.  The word Laika simply means ""barker"".  Any hunting Laika is a bark pointer (pointing at animal of interest by barking and staying with the animal ).  It is a versatile dog depending on use and environment, but in certain parts of the country they have become more specialized.
Function pointer: A function pointer (or subroutine pointer or procedure pointer) is a type of pointer supported by third-generation programming languages (such as PL/I, COBOL, Fortran, dBASE dBL, and C) and object-oriented programming languages (such as C++ and D).
Ariege Pointer: The Braque de l’Ariège, translated into English as the Ariege Pointing Dog or Ariege Pointer, is a breed of dog, a French hunting dog of pointing gun... (skrócone)",,Multi-hop reasoning error
5ade1df055429939a52fe828,C5,Is the Rafeiro do Alentejo the same type of animal as the Ariege Pointer?,yes,"To determine if the Rafeiro do Alentejo is the same type of animal as the Ariege Pointer, we need to examine the characteristics and classification of each breed.

The Rafeiro do Alentejo is a large breed of dog that originated in Portugal, classified as a livestock guardian dog type (Text: Rafeiro do Alentejo).

The Ariege Pointer, on the other hand, is a breed of dog from France, classified as a pointing gun dog type (Text: Ariege Pointer).

These two breeds have different origins and classifications. The Rafeiro do Alentejo is primarily used for guarding livestock, while the Ariege Pointer is a hunting dog designed to point game.

Therefore, based on their characteristics and classifications, it can be concluded that the Rafeiro do Alentejo is not the same type of animal as the Ariege Pointer.","West Siberian Laika: The West Siberian Laika or ""WSL"", is a breed of hunting dog and a breed of spitz type.  Russian publications indicate that the term West Siberian Laika loosely applied to hunting dogs originating with the Mansi and Khanty people in Ural and West Siberia, but there were no standards or registrations of WSL as such until 1930.  Then WWll disrupted it for a while, but ""systematic breeding with registrations"" resumed after the war ended, in 1946.  This was the time the breed began taking modern shape.  Before that hunters only knew of Mansi Laika and Khanty Laika.  In early 1960 many hunters in Ural still preferred the term Mansi Laika, when speaking of West Siberian Laika.  In Russian language, the term Laika originated from the word ""layat"" that means to bark.  The word Laika simply means ""barker"".  Any hunting Laika is a bark pointer (pointing at animal of interest by barking and staying with the animal ).  It is a versatile dog depending on use and environment, but in certain parts of the country they have become more specialized.
Function pointer: A function pointer (or subroutine pointer or procedure pointer) is a type of pointer supported by third-generation programming languages (such as PL/I, COBOL, Fortran, dBASE dBL, and C) and object-oriented programming languages (such as C++ and D).
Ariege Pointer: The Braque de l’Ariège, translated into English as the Ariege Pointing Dog or Ariege Pointer, is a breed of dog, a French hunting dog of pointing gun... (skrócone)",,Multi-hop reasoning error
5a7a83145542995eb53be855,C3,What county did Joe Smith die in?,"Suffolk County, New York","There are multiple individuals named Joe Smith mentioned in the provided texts. However, one text that mentions a specific county is ""Joe Smith (Missouri politician)"", where it states he represented the 14th district, encompassing part of St. Charles County.

So, to answer the question: 

St. Charles County","A Dialogue between Joseph Smith and the Devil: ""A Dialogue between Joseph Smith and the Devil"" (or ""Joe Smith and the Devil"") is an 1844 short story by Parley P. Pratt, generally credited as the first work of Mormon fiction.  A piece of closet drama, ""Dialogue"" begins with the devil putting up handbills:
Don Kent (wrestler): Leo Joseph ""Joe"" Smith Jr. (June 24, 1933 – June 7, 1993) was an American professional wrestler who wrestled as Don Kent and also as The Black Dragon, Doug Kent, Joe Smith and Super Medico III during his 20 years in professional wrestling.
Joe Smith (Missouri politician): Joe Smith (born c. 1973) is a former Republican member of the Missouri House of Representatives.  He represented the 14th district, encompassing part of St. Charles County.  By Missouri law, Smith was term-limited and unable to run for reelection in 2010.
2000–01 Minnesota Timberwolves season: The 2000–01 NBA season was the Timberwolves' 12th season in the National Basketball Association.  After the death of Malik Sealy, the Timberwolves scrambled to find a replacement for him, signing free agent Chauncey Billups, a close friend of Kevin Garnett while signing LaPhonso Ellis.  Meanwhile, the Timberwolves secret free agent deal signed by Joe Smith was voided by the NBA, who ruled their proper procedure in signing the contract, while stripping their first round draft picks for the next five seasons and fined $3.5 million.  Smith would sign with the Detroit Pistons, and the Timberwolves' own... (skrócone)",,Multi-hop reasoning error
5ae223d3554299492dc91bc9,C3,"Who collaborated with a Scottish-born American musician who was a member of the Talking Heads to write the fourth song on the album ""My Life in the Bush of Ghosts""?",Brian Eno,"There is no text that states who collaborated with David Byrne (a Scottish-born American musician) to write ""The Jezebel Spirit"" from the album ""My Life in the Bush of Ghosts"". However, it does mention that Brian Eno was a collaborator on the album.","Tina Weymouth: Martina Michèle ""Tina"" Weymouth (born November 22, 1950) is an American musician, best known as a founding member and bassist of the new wave group Talking Heads and its side project Tom Tom Club, which she co-founded with husband and Talking Heads drummer, Chris Frantz.
Chris Frantz: Charlton Christopher Frantz (born May 8, 1951) is an American musician and record producer.  He was the drummer for both Talking Heads and the Tom Tom Club, which he co-founded with wife and Talking Heads bassist Tina Weymouth.
Talking Heads: 77: Talking Heads: 77 is the debut album by the American rock band Talking Heads, released in September 1977.  The single ""Psycho Killer"" reached No. 92 on the Billboard Hot 100 Chart.  In 2003, the album was ranked No. 290 on ""Rolling Stone"" magazine's The 500 Greatest Albums of All Time list.
In Between (Paul van Dyk album): In Between is the fifth studio album by Paul van Dyk released on 14 August 2007.  The album features a wide range of collaborations including David Byrne of Talking Heads, Jessica Sutta of the Pussycat Dolls, Ashley Tomberlin of Luminary, Alex M.O.R.P.H., Lo-Fi Sugar, Rea Garvey of Reamonn, Ryan Merchant and Wayne Jackson.  The latter had collaborated earlier with Paul van Dyk on the song ""The Other Side"".  The album also features a vocal sample of Ben Lost from Probspot's ""Blows My Mind"" on the song ""Another Sunday"".
No Talking, Just Head: No Talking, Just Head is an album released in 1996 by The Heads, a band composed... (skrócone)",,Multi-hop reasoning error
5abbe54f554299114383a085,C4,"The 1992–93 NBA season was the Magic's fourth season in the National Basketball Association, in December, the team acquired Steve Kerr, an American former professional basketball player and the current head coach, of the which organization?",Golden State Warriors,"To answer this question, we need to find out which organization Steve Kerr was acquired from by the Orlando Magic in December of the 1992-93 NBA season.

From the provided texts:

* The text about the 1992–93 Orlando Magic season states: ""In December, the team acquired Steve Kerr from the Cleveland Cavaliers.""
* There is no mention of the Golden State Warriors in this context.
* However, there is a separate text about Steve Kerr that mentions his career and achievements as a player and coach, but it does not provide information about his time with the Orlando Magic.

Therefore, based on the provided texts, the answer to the question is:

The Cleveland Cavaliers.","1992–93 Orlando Magic season: The 1992–93 NBA season was the Magic's fourth season in the National Basketball Association.  This season held a lot of promise as Shaquille O'Neal was drafted first overall by the Magic in the 1992 NBA draft.  Meanwhile, the Magic signed free agent Donald Royal during the offseason.  There were predictions that O'Neal would become the next dominant center in the NBA.  Shaq became an instant superstar with merchandising that rivaled only Michael Jordan.  The Magic started to show improvement winning eight of their first eleven games, but then lost six straight afterwards.  In December, the team acquired Steve Kerr from the Cleveland Cavaliers.  However, the Magic had various problems with injuries as Dennis Scott was out with a sore Achilles tendon at midseason, as the Magic lost a tie-breaker for the final playoff spot in the Eastern Conference to the Indiana Pacers with a 41–41 record.
1992–93 New York Knicks season: The 1992–93 NBA season was the 47th season for the New York Knicks in the National Basketball Association.  During the offseason, the Knicks acquired Charles D. Smith, Doc Rivers and Bo Kimble from the Los Angeles Clippers.  Other acquisitions included Rolando Blackman from the Dallas Mavericks, Tony Campbell from the Minnesota Timberwolves, and free agent Herb Williams.  The Knicks finished the season by winning 24 of their final 28 games, including a nine-game winning streak in March and five straight victories to end the season.... (skrócone)",,Multi-hop reasoning error
5ac4cfb85542996feb3fe946,C5,Do War and Peace and Mireille have the same number of acts?,yes,"To determine if War and Peace and Mireille have the same number of acts, we need to look at the texts for both operas.

For War and Peace (opera), it is mentioned that it is an opera ""sometimes arranged as five acts"" but also described as having two parts (an Epigraph and 13 scenes).

For Mireille (opera), it is clearly stated that it is an opera in five acts.

Based on the information provided, War and Peace can be arranged as five acts, but it's not its standard description. Mireille is explicitly mentioned to have five acts.

Therefore, they do not necessarily have the same number of acts based on their standard descriptions. However, if we consider the alternative arrangement for War and Peace, then yes, both operas would have the same number of acts.","Timariots: A timariot (or ""tımar"" holder; ""tımarlı"" in Turkish) was another name given to the Timarli Sipahi cavalry that served the Ottoman sultan and in return was granted a fief called a ""timar"".  The timariots had to assemble with the army when at war, and had to take care of the land entrusted to him in times of peace.  When at war, the timariot had to bring his own equipment and in addition a number of armed retainers (""cebelu"").  The timariot was granted feudatory with the obligation to go mounted to war and to supply soldiers and sailors in numbers proportionate to the revenue of the appanage.  The timariot owed personal service for his sword in time of war and for a certain sum of money owed a number of soldiers as a substitute (""cebelu"").  The (""cebelu"") was bound to live on the timariot’s estate and look after the land.  When summoned for campaign the timariot and his (""cebelu"") had to present themselves with a cuirass.  When a timariot failed to obey the summon he was deprived of his timar for one or two years.  Also non-military timar holders were obliged to supply the imperial army with soldiers and provisions.The number of men and equipment the ""timariotes"" had to provide was dependent on the size of his land holdings.  When the annual income of the holding was above 4.000 akçe the sipahi had to be accompanied by a soldier in a coat of mail, for income above 15.000 akçe by additional soldier for each additional 3.000 akçe.  Above a certain income of the ""timar""... (skrócone)",,Multi-hop reasoning error
5adeb67e5542995534e8c6e2,C3,"The 1990 Los Angeles Rams season was the team's 53rd year with the National Football League and the 45th season in Los Angeles, on which date, did Marcus Dupree made his NFL debut against the New York Giants?",Marcus Dupree,"November 11, 1990.","1991 Los Angeles Rams season: The 1991 Los Angeles Rams season was the team's 54th year with the National Football League and the 46th season in Los Angeles.  The team was looking to improve on its 5-11 record from 1990.  However, the Rams finished the 1991 season 3-13, tied for the second worst record in the NFL with the Cincinnati Bengals and the Tampa Bay Buccaneers.  After splitting their first 6 games, the Rams lost their final 10 games of the season, their longest losing streak to end a season since 1937, when the team was in Cleveland, when the team lost 9 in a row to end that season.  The 3-13 record was the worst for the Rams in Los Angeles for a 16-game schedule and they tied the third-fewest posted by the team in its tenure in the city.  This was also, at the time, the worst record for the Rams in a 16-game schedule overall (not including the 1982 strike-shortened season).
1960 Los Angeles Rams season: The Los Angeles Rams season was the team's 23rd year with the National Football League and the 15th season in Los Angeles.  Under first-year head coach Bob Waterfield, the team won four and lost seven with one tie, placing the Rams in sixth place in the Western Conference, ahead of only the expansion Dallas Cowboys.
1980 Los Angeles Rams season: The 1980 Los Angeles Rams season was the team's 43rd year with the National Football League (NFL), the 35th season in Los Angeles, and the first season at Anaheim Stadium.  The 1980 Los Angeles Rams ended their season with a ... (skrócone)",,Multi-hop reasoning error
5ab3ac1a5542992ade7c6e13,C1,Are both Stone Temple Pilots and Transvision Vamp considered American rock groups?,no,"Yes, both Stone Temple Pilots and Transvision Vamp are considered American rock groups, but only one of them actually originated from America.

Stone Temple Pilots is explicitly stated as an ""American rock band"" in multiple texts, specifically originating from San Diego, California.

Transvision Vamp, on the other hand, is described as a ""British alternative rock group"".","The Nameless One (song): ""The Nameless One"" is the debut solo single from former Transvision Vamp lead singer Wendy James.  It was released in the first quarter of 1993 as the lead single from James' debut solo album ""Now Ain't the Time for Your Tears"".  Written by Elvis Costello, the song marked a more alternative direction in sound, slightly different from the pop/rock stylings of Transvision Vamp.  The single met with limited success, only peaking at number thirty-four on the UK Singles Chart and spending just three weeks in the top one-hundred.
Transvision Vamp: Transvision Vamp were a British alternative rock group.  Formed in 1986 by Nick Christian Sayer and Wendy James, the band enjoyed chart success in the late 1980s with their pop/punk sound.  James, the lead singer and focal-point of the group, attracted media attention with her sexually charged and rebellious image.
2008 Stone Temple Pilots Reunion Tour: The 2008 Stone Temple Pilots Reunion Tour was a 75-date reunion tour for the popular American rock band Stone Temple Pilots, who originally disbanded in 2003.  The tour, which kicked off on May 17, 2008 in Columbus, Ohio at the Rock on the Range festival, ran throughout the summer and ended on October 31 at the Verizon Wireless Center in Pelham, Alabama.  The Stone Temple Pilots reunion tour was a success, receiving positive reviews from critics and fans alike as well as high ticket sales.  At one point, the Stone Temple Pilots tour was ranked at #1 on Pollstar's ""... (skrócone)",,Multi-hop reasoning error
5ab3fcf455429976abd1bd14,C5,"Mulan and Underdog, have which mutual genre?",comedy,"To determine which mutual genre Mulan and Underdog have, we need to identify any common genres between these two films.

Mulan is an American animated musical action comedy-drama film (1998), while Underdog is a 2007 American family superhero comedy film.

The texts do not explicitly mention the genres of Mulan or Underdog. However, based on their descriptions as an ""animated musical action comedy-drama"" and a ""family superhero comedy"", we can infer that they both belong to the genre of Comedy-Drama or Action-Comedy, but more specifically, Mulan is primarily classified as an animated film with elements of action-comedy, while Underdog is a family-friendly superhero comedy.

However, there are no direct mentions of these films sharing any specific genres in the provided texts. But considering their classification as both being comedies and having action elements, we can say they share some common genre aspects.

But looking at other options that might fit better: Since Mulan (1998 film) does not have a strong connection to Romance or Science Fiction, we'll consider if there is any overlap in the genres of the provided texts. Underdog's classification as a family superhero comedy doesn't directly match with Mulan's genre classification.

However, looking at other options that might fit better: Considering all the given genres and descriptions, Mulan (1998 film) does not have a strong connection to Romance or Science Fiction, but it can be classified under Action-Comedy. Underdog is more of an action-comedy film as well. 

Considering this, we can look at Class S (genre), which is related to strong emotional bonds between schoolgirls and mutual crushes, but Mulan doesn't fit into this category.

However, upon reviewing the provided texts again for any common genres or categories that might be relevant to both films:

Mulan is an animated film with elements of action-comedy, while Underdog is a family-friendly superhero comedy. There's no direct mention of them sharing any specific genre in the provided texts.

Considering other options: Class S (genre) doesn't fit Mulan as it's more related to schoolgirl relationships and mutual crushes, which isn't relevant to either film.

Looking at Proletarian poetry, this is a genre of political poetry developed during the 1920s and 1930s and is not relevant to either film.

Considering other genres: Class S (genre), doesn't fit, nor does Proletarian poetry.

However, considering all provided texts again: 

Title: Victorian literature mentions that while in the preceding Romantic period poetry had been the dominant genre, it was the novel that was most important in the Victorian period.  However, this is a literary period and not directly related to Mulan or Underdog's genres.

Considering other options:

Looking at Class S (genre) again: It specifically refers to strong emotional bonds between schoolgirls, which doesn't fit either film.

However, upon reviewing all provided texts for any genre that might be relevant to both films:

Mulan is an animated film with elements of action-comedy. Underdog is a family-friendly superhero comedy.

Considering other options and genres mentioned: Proletarian poetry does not relate to Mulan or Underdog's genres.

Upon further review, considering the descriptions provided in all texts for any genre that might be relevant to both films:

Mulan (1998 film) doesn't fit into Class S (genre), nor does it have a strong connection to Romance or Science Fiction. It can be classified under Action-Comedy.

Considering other genres: Underdog is also an action-comedy film, but neither has any direct relation to the provided genres such as Proletarian poetry or Romance.

However, considering all texts for any genre that might fit both films: 

Looking at Class S (genre) again and other options: There's no mutual connection between Mulan and Underdog based on their respective genres mentioned in the provided texts.

Upon reviewing all texts for any common genres that might be relevant to both films:

Given that neither film has a direct connection to Proletarian poetry or Romance, looking at Class S (genre) again and considering other options: 

However, upon further review of all the provided texts, we can look at another option that might fit better.

Considering other genres that might fit both films:

Upon reviewing all provided texts for any genre that might be relevant to both films:

Looking at Victorian literature which mentions various novelists and their works but does not have a direct connection to Mulan or Underdog's genres.","Horizons of Expectation: The phrase ""Horizons of Expectation"" is a term fundamental to German academic Hans Robert Jauss's Reception theory.  The concept is a component of his theory of literary history where his intention is to minimise the gulf between the schools of literature and history which have previously relegated the reader to play only a minor role in the interpretation of literature.  Specifically, it is the structure by which a person comprehends, decodes and appraises any text based on cultural codes and conventions particular to their time in history.  These horizons are therefore historically flexible meaning readers may interpret and value a text differently from a previous generation.  It emphasises the reader as an important element in the processing of texts.  According to Jauss, the reader approaches a text armed with the knowledge and experience gained from interactions with other texts.  These earlier texts arouse familiarity for the reader based on expectations and rules of genre and style.  Jauss describes it this way, 'a literary work is not an object which stands by itself and which offers the same face to each reader in each period'.  Thus reading is not an 'autonomous, free and individual' experience but rather a collection of mutual concepts fitting a period or a people.
Nepali Sahitya Parishad Sikkim: Nepali Sahitya Parishad (Nepali:नेपाली साहित्य परिषद सिक्किम) is a Literary organisation of Nepali language and literature in Sikkim which was est... (skrócone)",,Multi-hop reasoning error
5a7662e25542992db9473789,C5,Angelo Meli was a Chairman of an American Mafia crime family also known as what?,"Detroit crime family, Detroit Combination, Detroit Mafia, or Zerilli crime family","To answer this question, we need to find a text that mentions Angelo Meli and refers to him as Chairman of an American Mafia crime family also known by another name.

From the provided texts, I found the following relevant information:

* Title: Angelo Meli
Text: Angelo Meli (February 10, 1897 - December 1969) was a Detroit, Michigan mobster who became a consigliere and then leading Chairman of the Detroit Partnership criminal organization of La Cosa Nostra.

This text mentions Angelo Meli as Chairman of the Detroit Partnership, which is also known as the Detroit crime family (mentioned in Title: Detroit Partnership). 

Therefore, based on this information, we can conclude that Angelo Meli was a Chairman of the Detroit crime family.","Vincent Meli: Vincent ""Little Vince"" Meli (January 2, 1921 – January 7, 2008) was a Detroit mobster and acting underboss of the Detroit crime family.  The nephew of Angelo Meli, he succeeded longtime crime boss Anthony Zerilli following his imprisonment.
St. Louis crime family: The St. Louis crime family, also known as the Giordano crime family, is an American Mafia crime family based in St. Louis, Missouri, United States.
Milwaukee crime family: The Milwaukee crime family or Balistrieri crime family is an American Mafia crime family based in Milwaukee, Wisconsin.  The crime family was considered a branch of the Chicago Outfit.  The family's most influential boss was Frank ""Mr. Big"" Balistrieri, who was greatly involved in the Las Vegas skimming casinos. Today, the crime family is nearly extinct, since Balistrieri died in 1993, with the ""Chicago Outfit"" gaining control over some of the illegal rackets in the area.
Detroit Partnership: The Detroit Partnership, also known as the Detroit crime family, Detroit Combination, Detroit Mafia, or Zerilli crime family (pronounced ] ) is an American Mafia crime family based in Detroit, Michigan.
New Orleans crime family: The New Orleans crime family is an American Mafia Crime family based in the city of New Orleans.  The Crime Family has a history of criminal activity dating back to the late nineteenth century.  The family reached its height of influence under Carlos Marcello, one of America's most powerful Mafia dons during the mid-twen... (skrócone)",,Multi-hop reasoning error
5a892591554299669944a4c7,C3,"Who was formerly editor-in-chief of Marvel Comics, Arnold Bennett or Stan Lee ?",Stan Lee,"Neither Arnold Bennett nor Stan Lee was formerly editor-in-chief of Marvel Comics; however, Roy Thomas was and Arnold Bennett had no relation to Marvel Comics as he was an English writer.","Stan Lee: Stan Lee (born Stanley Martin Lieber , December 28, 1922) is an American comic-book writer, editor, film executive producer, and publisher.  He was formerly editor-in-chief of Marvel Comics, and later its publisher and chairman before leaving the company to become its chairman emeritus, as well as a member of the editorial board.
Stan Lee Meets Superheroes: Stan Lee Meets Superheroes was a limited Marvel Comics series in which comic book writer Stan Lee met one of the characters he has created in each issue.  The series was written by Stan Lee himself and is used to celebrate his 65th year as a Marvel Comics employee.  The series is marked for its tongue-in-cheek humor and the comic book characters' general dislike of Stan Lee.  The series contains five issues in which Stan Lee meets Spider-Man, The Thing, Doctor Doom, Doctor Strange, and the Silver Surfer.  Each issue also contained reprints of issues from each character's respective comic.  An issue in which Stan meets Professor Xavier and Magneto was included with the DVD edition of """".
Roy Thomas: Roy William Thomas, Jr. (born November 22, 1940) is an American comic book writer and editor, who was Stan Lee's first successor as editor-in-chief of Marvel Comics.  He is possibly best known for introducing the pulp magazine hero Conan the Barbarian to American comics, with a series that added to the storyline of Robert E. Howard's character and helped launch a sword and sorcery trend in comics.  Thomas is also known... (skrócone)",,Multi-hop reasoning error
5a755ff85542996c70cfaee8,C3,"Are Yangra and Labuche Kang part of the same mountain range , and if so what range?",Himalayas,"There is no direct information in the provided texts about Yangra (Ganesh I) and Labuche Kang being part of the same mountain range.

However, we can find some information to infer a possible connection:

- Yangra is mentioned as the highest peak of the Ganesh Himal.
- The text for Labuche Kang mentions that it rises northwest of Rolwaling Himal. 
- It does not mention any direct connection with Ganesh Himal or Yangra specifically but it might be possible if the ranges are near each other.

But based on provided texts there is no clear confirmation.","Yangra: Yangra (Ganesh I) is the highest peak of the Ganesh Himal,
Wind River Range: The Wind River Range (or ""Winds"" for short), is a mountain range of the Rocky Mountains in western Wyoming in the United States.  The range runs roughly NW-SE for approximately 100 miles (161 km).  The Continental Divide follows the crest of the range and includes Gannett Peak, which at 13,804 feet (4,207 m), is the highest peak in Wyoming.  There are more than 40 other named peaks in excess of 13,000 feet (3,962 m).  With the exception of the Grand Teton in the Teton Range, the next 19 highest peaks in Wyoming after Gannett are also in the Winds.  Two large National Forests including three wilderness areas encompass most of the mountain range.  Shoshone National Forest is on the eastern side of the continental divide while Bridger-Teton National Forest is on the west.  Both National Forests and the entire mountain range are an integral part of the Greater Yellowstone Ecosystem.  Portions of the range are also inside the Wind River Indian Reservation.
Jaghatai Mountains: The Jaghatai Mountain Range is a mountain range located in the western part of Razavi Khorasan Province in northeast Iran.  Running in a northwest-southeast direction, the Jaghatai Range stretches from the west and southwest of the town of Jaghatai in the northwest to the northeast and east of the city of Sabzevar in the southeast.  With an elevation of 2858 metres, Mount Nazargah is the highest point of the range.  Mount Naz... (skrócone)",,Multi-hop reasoning error
5a81e9185542995ce29dcc74,C5,"Who was the Canadian actor and musician whose mom gets set up with Kurt Hummel's dad in ""Home""?",Cory Monteith,"To answer this question, I need to find a Canadian actor and musician whose mom gets set up with Kurt Hummel's dad (Burt Hummel) in the episode ""Home"" of the TV series Glee.

From the provided texts, I can see that Cory Monteith was a Canadian actor and musician who played Finn Hudson on Glee. However, there is no mention of his mother getting set up with Burt Hummel in the text about the episode ""Home"".

Next, I'll look for another Canadian actor and musician related to Glee.

From the text about Elliott Gilbert, I can see that Adam Lambert is an American actor and musician who played a recurring character on Glee. However, there is no mention of his mom getting set up with Burt Hummel in any of the provided texts.

Now, let me look for another Canadian actor and musician related to Glee.

From the text about Cory Monteith, I can see that he was a Canadian actor and musician who played Finn Hudson on Glee. However, there is no mention of his mom getting set up with Burt Hummel in any of the provided texts.

Now, let me look for another Canadian actor and musician related to Glee.

From the text about Adam Kolkin, I can see that he is an American actor who played young Kurt Hummel on Glee. However, there is no mention of his mom getting set up with Burt Hummel in any of the provided texts.

Now, let me look for another Canadian actor and musician related to Glee.

From the text about Cory Monteith, I can see that he was a Canadian actor and musician who played Finn Hudson on Glee. However, there is no mention of his mom getting set up with Burt Hummel in any of the provided texts.

Now, let me look for another Canadian actor and musician related to Glee.

From the text about Cory Monteith's death, I can see that he was a Canadian actor and musician who played Finn Hudson on Glee. However, there is no mention of his mom getting set up with Burt Hummel in any of the provided texts.

Now, let me look for another Canadian actor and musician related to Glee.

From the text about Cory Monteith's death, I can see that he was a Canadian actor and musician who played Finn Hudson on Glee. However, there is no mention of his mom getting set up with Burt Hummel in any of the provided texts.

Now, let me look for another Canadian actor and musician related to Glee.

From the text about Cory Monteith's death, I can see that he was a Canadian actor and musician who played Finn Hudson on Glee. However, there is no mention of his mom getting set up with Burt Hummel in any of the provided texts.

Now, let me look for another Canadian actor and musician related to Glee.

From the text about Cory Monteith's death, I can see that he was a Canadian actor and musician who played Finn Hudson on Glee. However, there is no mention of his mom getting set up with Burt Hummel in any of the provided texts.

Now, let me look for another Canadian actor and musician related to Glee.

From the text about Cory Monteith's death, I can see that he was a Canadian actor and musician who played Finn Hudson on Glee. However, there is no mention of his mom getting set up with Burt Hummel in any of the provided texts.

Now, let me look for another Canadian actor and musician related to Glee.

From the text about Cory Monteith's death, I can see that he was a Canadian actor and musician who played Finn Hudson on Glee. However, there is no mention of his mom getting set up with Burt Hummel in any of the provided texts.

Now, let me look for another Canadian actor and musician related to Glee.

From the text about ""Home"", I can see that Kurt Hummel sets his dad (Burt Hummel) up with Finn Hudson's mom. However, there is no mention of a Canadian actor and musician whose mom gets set up with Burt Hummel in this episode.

Now, let me look for another Canadian actor and musician related to Glee.

From the text about Cory Monteith, I can see that he was a Canadian actor and musician who played Finn Hudson on Glee. However, there is no mention of his mom getting set up with Burt Hummel in any of the provided texts.

Now, let me look for another Canadian actor and musician related to Glee.

From the text about Cory Monteith's death, I can see that he was a Canadian actor and musician who played Finn Hudson on Glee. However, there is no mention of his mom getting set up with Burt Hummel in any of the provided texts.

Now, let me look for another Canadian actor and musician related to Glee.

From the text about Cory Monteith's death, I can see that he was a Canadian actor and musician who played Finn Hudson on Glee. However, there is no mention of his mom getting set up with Burt Hummel in any of the provided texts.

Now, let me look for another Canadian actor and musician related to Glee.

From the text about Cory Monteith's death, I can see that he was a Canadian actor and musician who played Finn Hudson on Glee. However, there is no mention of his mom getting set up with Burt Hummel in any of the provided texts.

Now, let me look for another Canadian actor and musician related to Glee.

From the text about Cory Monteith's death, I can see that he was a Canadian actor and musician who played Finn Hudson on Glee. However, there is no mention of his mom getting set up with Burt Hummel in any of the provided texts.

Now, let me look for another Canadian actor and musician related to Glee.

From the text about Cory Monteith's death, I can see that he was a Canadian actor and musician who played Finn Hudson on Glee. However, there is no mention of his mom getting set up with Burt Hummel in any of the provided texts.

Now, let me look for another Canadian actor and musician related to Glee.

From the text about Cory Monteith's death, I can see that he was a Canadian actor and musician who played Finn Hudson on Glee. However, there is no mention of his mom getting set up with Burt Hummel in any of the provided texts.

Now, let me look for another Canadian actor and musician related to Glee.

From the text about Cory Monteith's death, I can see that he was a Canadian actor and musician who played Finn Hudson on Glee. However, there is no mention of his mom getting set up with Burt Hummel in any of the provided texts.

Now, let me look for another Canadian actor and musician related to Glee.

From the text about Cory Monteith's death, I can see that he was a Canadian actor and musician who played Finn Hudson on Glee. However, there is no mention of his mom getting set up with Burt Hummel in any of the provided texts.

Now, let me look for another Canadian actor and musician related to Glee.

From the text about Cory Monteith's death, I can see that he was a Canadian actor and musician who played Finn Hudson on Glee. However, there is no mention of his mom getting set up with Burt Hummel in any of the provided texts.

Now, let me look for another Canadian actor and musician related to Glee.

From the text about Cory Monteith's death, I can see that he was a Canadian actor and musician who played Finn Hudson on Glee. However, there is no mention of his mom getting set up with Burt Hummel in any of the provided texts.

Now, let me look for another Canadian actor and musician related to Glee.

From the text about Cory Monteith's death, I can see that he was a Canadian actor and musician who played Finn Hudson on Glee. However, there is no mention of his mom getting set up with Burt Hummel in any of the provided texts.

Now, let me look for another Canadian actor and musician related to Glee.

From the text about Cory Monteith's death, I can see that he was a Canadian actor and musician who played Finn Hudson on Glee. However, there is no mention of his mom getting set up with Burt Hummel in any of the provided texts.

Now, let me look for another Canadian actor and musician related to Glee.

From the text about Cory Monteith's death, I can see that he was a Canadian actor and musician who played Finn Hudson on Glee. However, there is no mention of his mom getting set up with Burt Hummel in any of the provided texts.

Now, let me look for another Canadian actor and musician related to Glee.

From the text about Cory Monteith's death, I can see that he was a Canadian actor and musician who played Finn Hudson on Glee. However, there is no mention of his mom getting set up with Burt Hummel in any of the provided texts.

Now, let me look for another Canadian actor and musician related to Glee.

From the text about Cory Monteith's death, I can see that he was a Canadian actor and musician who played Finn Hudson on Glee. However, there is no mention of his mom getting set up with Burt Hummel in any of the provided texts.

Now, let me look for another Canadian actor and musician related to Glee.

From the text about Cory Monteith's death, I can see that he was a Canadian actor and musician who played Finn Hudson on Glee. However, there is no mention of his mom getting set up with Burt Hummel in any of the provided texts.

Now, let me look for another Canadian actor and musician related to Glee.

From the text about Cory Monteith's death, I can see that he was a Canadian actor and musician who played Finn Hudson on Glee. However, there is no mention of his mom getting set up with Burt Hummel in any of the provided texts.

Now, let me look for another Canadian actor and musician related to Glee.

From the text about Cory Monteith's death, I can see that he was a Canadian actor and musician who played Finn Hudson on Glee. However, there is no mention of his mom getting set up with Burt Hummel in any of the provided texts.

Now, let me look for another Canadian actor and musician related to Glee.

From the text about Cory Monteith's death, I can see that he was a Canadian actor and musician who played Finn Hudson on Glee. However, there is no mention of his mom getting set up with Burt Hummel in any of the provided texts.

Now, let me look for another Canadian actor and musician related to Glee.

From the text about Cory Monteith's death, I can see that he was a Canadian actor and musician who played Finn Hudson on Glee. However, there is no mention of his mom getting set up with Burt Hummel in any of the provided texts.

Now, let me look for another Canadian actor and musician related to Glee.

From the text about Cory Monteith's death, I can see that he was a Canadian actor and musician who played Finn Hudson on Glee. However, there is no mention of his mom getting set up with Burt Hummel in any of the provided texts.

Now, let me look for another Canadian actor and musician related to Glee.

From the text about Cory Monteith's death, I can see that he was a Canadian actor and musician who played Finn Hudson on Glee. However, there is no mention of his mom getting set up with Burt Hummel in any of the provided texts.

Now, let me look for another Canadian actor and musician related to Glee.

From the text about Cory Monteith's death, I can see that he was a Canadian actor and musician who played Finn Hudson on Glee. However, there is no mention of his mom getting set up with Burt Hummel in any of the provided texts.

Now, let me look for another Canadian actor and musician related to Glee.

From the text about Cory Monteith's death, I can see that he was a Canadian actor and musician who played Finn Hudson on Glee. However, there is no mention of his mom getting set up with Burt Hummel in any of the provided texts.

Now, let me look for another Canadian actor and musician related to Glee.

From the text about Cory Monteith's death, I can see that he was a Canadian actor and musician who played Finn Hudson on Glee. However, there is no mention of his mom getting set up with Burt Hummel in any of the provided texts.

Now, let me look for another Canadian actor and musician related to Glee.

From the text about Cory Monteith's death, I can see that he was a Canadian actor and musician who played Finn Hudson on Glee. However, there is no mention of his mom getting set up with Burt Hummel in any of the provided texts.

Now, let me look for another Canadian actor and musician related to Glee.

From the text about Cory Monteith's death, I can see that he was a Canadian actor and musician who played Finn Hudson on Glee. However, there is no mention of his mom getting set up with Burt Hummel in any of the provided texts.

Now, let me look for another Canadian actor and musician related to Glee.

From the text about Cory Monteith's death, I can see that he was a Canadian actor and musician who played Finn Hudson on Glee. However, there is no mention of his mom getting set up with Burt Hummel in any of the provided texts.

Now, let me look for another Canadian actor and musician related to Glee.

From the text about Cory Monteith's death, I can see that he was a Canadian actor and musician who played Finn Hudson on Glee. However, there is no mention of his mom getting set up with Burt Hummel in any of the provided texts.

Now, let me look for another Canadian actor and musician related to Glee.

From the text about Cory Monteith's death, I can see that he was a Canadian actor and musician who played Finn Hudson on Glee. However, there is no mention of his mom getting set up with Burt Hummel in any of the provided texts.

Now, let me look for another Canadian actor and musician related to Glee.

From the text about Cory Monteith's death, I can see that he was a Canadian actor and musician who played Finn Hudson on Glee. However, there is no mention of his mom getting set up with Burt Hummel in any of the provided texts.

Now, let me look for another Canadian actor and musician related to Glee.

From the text about Cory Monteith's death, I can see that he was a Canadian actor and musician who played Finn Hudson on Glee. However, there is no mention of his mom getting set up with Burt Hummel in any of the provided texts.

Now, let me look for another Canadian actor and musician related to Glee.

From the text about Cory Monteith's death, I can see that he was a Canadian actor and musician who played Finn Hudson on Glee. However, there is no mention of his mom getting set up with Burt Hummel in any of the provided texts.

Now, let me look for another Canadian actor and musician related to Glee.

From the text about Cory Monteith's death, I can see that he was a Canadian actor and musician who played Finn Hudson on Glee. However, there is no mention of his mom getting set up with Burt Hummel in any of the provided texts.

Now, let me look for another Canadian actor and musician related to Glee.

From the text about Cory Monteith's death, I can see that he was a Canadian actor and musician who played Finn Hudson on Glee. However, there is no mention of his mom getting set up with Burt Hummel in any of the provided texts.

Now, let me look for another Canadian actor and musician related to Glee.

From the text about Cory Monteith's death, I can see that he was a Canadian actor and musician who played Finn Hudson on Glee. However, there is no mention of his mom getting set up with Burt Hummel in any of the provided texts.

Now, let me look for another Canadian actor and musician related to Glee.

From the text about Cory Monteith's death, I can see that he was a Canadian actor and musician who played Finn Hudson on Glee. However, there is no mention of his mom getting set up with Burt Hummel in any of the provided texts.

Now, let me look for another Canadian actor and musician related to Glee.

From the text about Cory Monteith's death, I can see that he was a Canadian actor and musician who played Finn Hudson on Glee. However, there is no mention of his mom getting set up with Burt Hummel in any of the provided texts.

Now, let me look for another Canadian actor and musician related to Glee.

From the text about Cory Monteith's death, I can see that he was a Canadian actor and musician who played Finn Hudson on Glee. However, there is no mention of his mom getting set up with Burt Hummel in any of the provided texts.

Now, let me look for another Canadian actor and musician related to Glee.

From the text about Cory Monteith's death, I can see that he was a Canadian actor and musician who played Finn Hudson on Glee. However, there is no mention of his mom getting set up with Burt Hummel in any of the provided texts.

Now, let me look for another Canadian actor and musician related to Glee.

From the text about Cory Monteith's death, I can see that he was a Canadian actor and musician who played Finn Hudson on Glee. However, there is no mention of his mom getting set up with Burt Hummel in any of the provided texts.

Now, let me look for another Canadian actor and musician related to Glee.

From the text about Cory Monteith's death, I can see that he was a Canadian actor and musician who played Finn Hudson on Glee. However, there is no mention of his mom getting set up with Burt Hummel in any of the provided texts.

Now, let me look for another Canadian actor and musician related to Glee.

From the text about Cory Monteith's death, I can see that he was a Canadian actor and musician who played Finn Hudson on Glee. However, there is no mention of his mom getting set up with Burt Hummel in any of the provided texts.

Now, let me look for another Canadian actor and musician related to Glee.

From the text about Cory Monteith's death, I can see that he was a Canadian actor and musician who played Finn Hudson on Glee. However, there is no mention of his mom getting set up with Burt Hummel in any of the provided texts.

Now, let me look for another Canadian actor and musician related to Glee.

From the text about Cory Monteith's death, I can see that he was a Canadian actor and musician who played Finn Hudson on Glee. However, there is no mention of his mom getting set up with Burt Hummel in any of the provided texts.

Now, let me look for another Canadian actor and musician related to Glee.

From the text about Cory Monteith's death, I can see that he was a Canadian actor and musician who played Finn Hudson on Glee. However, there is no mention of his mom getting set up with Burt Hummel in any of the provided texts.

Now, let me look for another Canadian actor and musician related to Glee.

From the text about Cory Monteith's death, I can see that he was a Canadian actor and musician who played Finn Hudson on Glee. However, there is no mention of his mom getting set up with Burt Hummel in any of the provided texts.

Now, let me look for another Canadian actor and musician related to Glee.

From the text about Cory Monteith's death, I can see that he was a Canadian actor and musician who played Finn Hudson on Glee. However, there is no mention of his mom getting set up with Burt Hummel in any of the provided texts.

Now, let me look for another Canadian actor and musician related to Glee.

From the text about Cory Monteith's death, I can see that he was a Canadian actor and musician who played Finn Hudson on Glee. However, there is no mention of his mom getting set up with Burt Hummel in any of the provided texts.

Now, let me look for another Canadian actor and musician related to Glee.

From the text about Cory Monteith's death, I can see that he was a Canadian actor and musician who played Finn Hudson on Glee. However, there is no mention of his mom getting set up with Burt Hummel in any of the provided texts.

Now, let me look for another Canadian actor and musician related to Glee.

From the text about Cory Monteith's death, I can see that he was a Canadian actor and musician who played Finn Hudson on Glee. However, there is no mention of his mom getting set up with Burt Hummel in any of the provided texts.

Now, let me look for another Canadian actor and musician related to Glee.

From the text about Cory Monteith's death, I can see that he was a Canadian actor and musician who played Finn Hudson on Glee. However, there is no mention of his mom getting set up with Burt Hummel in any of the provided texts.

Now, let me look for another Canadian actor and musician related to Glee.

From the text about Cory Monteith's death, I can see that he was a Canadian actor and musician who played Finn Hudson on Glee. However, there is no mention of his mom getting set up with Burt Hummel in any of the provided texts.

Now, let me look for another Canadian actor and musician related to Glee.

From the text about Cory Monteith's death, I can see that he was a Canadian actor and musician who played Finn Hudson on Glee. However, there is no mention of his mom getting set up with Burt Hummel in any of the provided texts.

Now, let me look for another Canadian actor and musician related to Glee.

From the text about Cory Monteith's death, I can see that he was a Canadian actor and musician who played Finn Hudson on Glee. However, there is no mention of his mom getting set up with Burt Hummel in any of the provided texts.

Now, let me look for another Canadian actor and musician related to Glee.

From the text about Cory Monteith's death, I can see that he was a Canadian actor and musician who played Finn Hudson on Glee. However, there is no mention of his mom getting set up with Burt Hummel in any of the provided texts.

Now, let me look for another Canadian actor and musician related to Glee.

From the text about Cory Monteith's death, I can see that he was a Canadian actor and musician who played Finn Hudson on Glee. However, there is no mention of his mom getting set up with Burt Hummel in any of the provided texts.

Now, let me look for another Canadian actor and musician related to Glee.

From the text about Cory Monteith's death, I can see that he was a Canadian actor and musician who played Finn Hudson on Glee. However, there is no mention of his mom getting set up with Burt Hummel in any of the provided texts.

Now, let me look for another Canadian actor and musician related to Glee.

From the text about Cory Monteith's death, I can see that he was a Canadian actor and musician who played Finn Hudson on Glee. However, there is no mention of his mom getting set up with Burt Hummel in any of the provided texts.

Now, let me look for another Canadian actor and musician related to Glee.

From the text about Cory Monteith's death, I can see that he was a Canadian actor and musician who played Finn Hudson on Glee. However, there is no mention of his mom getting set up with Burt Hummel in any of the provided texts.

Now, let me look for another Canadian actor and musician related to Glee.

From the text about Cory Monteith's death, I can see that he was a Canadian actor and musician who played Finn Hudson on Glee. However, there is no mention of his mom getting set up with Burt Hummel in any of the provided texts.

Now, let me look for another Canadian actor and musician related to Glee.

From the text about Cory Monteith's death, I can see that he was a Canadian actor and musician who played Finn Hudson on Glee. However, there is no mention of his mom getting set up with Burt Hummel in any of the provided texts.

Now, let me look for another Canadian actor and musician related to Glee.

From the text about Cory Monteith's death, I can see that he was a Canadian actor and musician who played Finn Hudson on Glee. However, there is no mention of his mom getting set up with Burt Hummel in any of the provided texts.

Now, let me look for another Canadian actor and musician related to Glee.

From the text about Cory Monteith's death, I can see that he was a Canadian actor and musician who played Finn Hudson on Glee. However, there is no mention of his mom getting set up with Burt Hummel in any of the provided texts.

Now, let me look for another Canadian actor and musician related to Glee.

From the text about Cory Monteith's death, I can see that he was a Canadian actor and musician who played Finn Hudson on Glee. However, there is no mention of his mom getting set up with Burt Hummel in any of the provided texts.

Now, let me look for another Canadian actor and musician related to Glee.

From the text about Cory Monteith's death, I can see that he was a Canadian actor and musician who played Finn Hudson on Glee. However, there is no mention of his mom getting set up with Burt Hummel in any of the provided texts.

Now, let me look for another Canadian actor and musician related to Glee.

From the text about Cory Monteith's death, I can see that he was a Canadian actor and musician who played Finn Hudson on Glee. However, there is no mention of his mom getting set up with Burt Hummel in any of the provided texts.

Now, let me look for another Canadian actor and musician related to Glee.

From the text about Cory Monteith's death, I can see that he was a Canadian actor and musician who played Finn Hudson on Glee. However, there is no mention of his mom getting set up with Burt Hummel in any of the provided texts.

Now, let me look for another Canadian actor and musician related to Glee.

From the text about Cory Monteith's death, I can see that he was a Canadian actor and musician who played Finn Hudson on Glee. However, there is no mention of his mom getting set up with Burt Hummel in any of the provided texts.

Now, let me look for another Canadian actor and musician related to Glee.

From the text about Cory Monteith's death, I can see that he was a Canadian actor and musician who played Finn Hudson on Glee. However, there is no mention of his mom getting set up with Burt Hummel in any of the provided texts.

Now, let me look for another Canadian actor and musician related to Glee.

From the text about Cory Monteith's death, I can see that he was a Canadian actor and musician who played Finn Hudson on Glee. However, there is no mention of his mom getting set up with Burt Hummel in any of the provided texts.

Now, let me look for another Canadian actor and musician related to Glee.

From the text about Cory Monteith's death, I can see that he was a Canadian actor and musician who played Finn Hudson on Glee. However, there is no mention of his mom getting set up with Burt Hummel in any of the provided texts.

Now, let me look for another Canadian actor and musician related to Glee.

From the text about Cory Monteith's death, I can see that he was a Canadian actor and musician who played Finn Hudson on Glee. However, there is no mention of his mom getting set up with Burt Hummel in any of the provided texts.

Now, let me look for another Canadian actor and musician related to Glee.

From the text about Cory Monteith's death, I can see that he was a Canadian actor and musician who played Finn Hudson on Glee. However, there is no mention of his mom getting set up with Burt Hummel in any of the provided texts.

Now, let me look for another Canadian actor and musician related to Glee.

From the text about Cory Monteith's death, I can see that he was a Canadian actor and musician who played Finn Hudson on Glee. However, there is no mention of his mom getting set up with Burt Hummel in any of the provided texts.

Now, let me look for another Canadian actor and musician related to Glee.

From the text about Cory Monteith's death, I can see that he was a Canadian actor and musician who played Finn Hudson on Glee. However, there is no mention of his mom getting set up with Burt Hummel in any of the provided texts.

Now, let me look for another Canadian actor and musician related to Glee.

From the text about Cory Monteith's death, I can see that he was a Canadian actor and musician who played Finn Hudson on Glee. However, there is no mention of his mom getting set up with Burt Hummel in any of the provided texts.

Now, let me look for another Canadian actor and musician related to Glee.

From the text about Cory Monteith's death, I can see that he was a Canadian actor and musician who played Finn Hudson on Glee. However, there is no mention of his mom getting set up with Burt Hummel in any of the provided texts.

Now, let me look for another Canadian actor and musician related to Glee.

From the text about Cory Monteith's death, I can see that he was a Canadian actor and musician who played Finn Hudson on Glee. However, there is no mention of his mom getting set up with Burt Hummel in any of the provided texts.

Now, let me look for another Canadian actor and musician related to Glee.

From the text about Cory Monteith's death, I can see that he was a Canadian actor and musician who played Finn Hudson on Glee. However, there is no mention of his mom getting set up with Burt Hummel in any of the provided texts.

Now, let me look for another Canadian actor and musician related to Glee.

From the text about Cory Monteith's death, I can see that he was a Canadian actor and musician who played Finn Hudson on Glee. However, there is no mention of his mom getting set up with Burt Hummel in any of the provided texts.

Now, let me look for another Canadian actor and musician related to Glee.

From the text about Cory Monteith's death, I can see that he was a Canadian actor and musician who played Finn Hudson on Glee. However, there is no mention of his mom getting set up with Burt Hummel in any of the provided texts.

Now, let me look for another Canadian actor and musician related to Glee.

From the text about Cory Monteith's death, I can see that he was a Canadian actor and musician who played Finn Hudson on Glee. However, there is no mention of his mom getting set up with Burt Hummel in any of the provided texts.

Now, let me look for another Canadian actor and musician related to Glee.

From the text about Cory Monteith's death, I can see that he was a Canadian actor and musician who played Finn Hudson on Glee. However, there is no mention of his mom getting set up with Burt Hummel in any of the provided texts.

Now, let me look for another Canadian actor and musician related to Glee.

From the text about Cory Monteith's death, I can see that he was a Canadian actor and musician who played Finn Hudson on Glee. However, there is no mention of his mom getting set up with Burt Hummel in any of the provided texts.

Now, let me look for another Canadian actor and musician related to Glee.

From the text about Cory Monteith's death, I can see that he was a Canadian actor and musician who played Finn Hudson on Glee. However, there is no mention of his mom getting set up with Burt Hummel in any of the provided texts.

Now, let me look for another Canadian actor and musician related to Glee.

From the text about Cory Monteith's death, I can see that he was a Canadian actor and musician who played Finn Hudson on Glee. However, there is no mention of his mom getting set up with Burt Hummel in any of the provided texts.

Now, let me look for another Canadian actor and musician related to Glee.

From the text about Cory Monteith's death, I can see that he was a Canadian actor and musician who played Finn Hudson on Glee. However, there is no mention of his mom getting set up with Burt Hummel in any of the provided texts.

Now, let me look for another Canadian actor and musician related to Glee.

From the text about Cory Monteith's death, I can see that he was a Canadian actor and musician who played Finn Hudson on Glee. However, there is no mention of his mom getting set up with Burt Hummel in any of the provided texts.

Now, let me look for another Canadian actor and musician related to Glee.

From the text about Cory Monteith's death, I can see that he was a Canadian actor and musician who played Finn Hudson on Glee. However, there is no mention of his mom getting set up with Burt Hummel in any of the provided texts.

Now, let me look for another Canadian actor and musician related to Glee.

From the text about Cory Monteith's death, I can see that he was a Canadian actor and musician who played Finn Hudson on Glee. However, there is no mention of his mom getting set up with Burt Hummel in any of the provided texts.

Now, let me look for another Canadian actor and musician related to Glee.

From the text about Cory Monteith's death, I can see that he was a Canadian actor and musician who played Finn Hudson on Glee. However, there is no mention of his mom getting set up with Burt Hummel in any of the provided texts.

Now, let me look for another Canadian actor and musician related to Glee.

From the text about Cory Monteith's death, I can see that he was a Canadian actor and musician who played Finn Hudson on Glee. However, there is no mention of his mom getting set up with Burt Hummel in any of the provided texts.

Now, let me look for another Canadian actor and musician related to Glee.

From the text about Cory Monteith's death, I can see that he was a Canadian actor and musician who played Finn Hudson on Glee. However, there is no mention of his mom getting set up with Burt Hummel in any of the provided texts.

Now, let me look for another Canadian actor and musician related to Glee.

From the text about Cory Monteith's death, I can see that he was a Canadian actor and musician who played Finn Hudson on Glee. However, there is no mention of his mom getting set up with Burt Hummel in any of the provided texts.

Now, let me look for another Canadian actor and musician related to Glee.

From the text about Cory Monteith's death, I can see that he was a Canadian actor and musician who played Finn Hudson on Glee. However, there is no mention of his mom getting set up with Burt Hummel in any of the provided texts.

Now, let me look for another Canadian actor and musician related to Glee.

From the text about Cory Monteith's death, I can see that he was a Canadian actor and musician who played Finn Hudson on Glee. However, there is no mention of his mom getting set up with Burt Hummel in any of the provided texts.

Now, let me look for another Canadian actor and musician related to Glee.

From the text about Cory Monteith's death, I can see that he was a Canadian actor and musician who played Finn Hudson on Glee. However, there is no mention of his mom getting set up with Burt Hummel in any of the provided texts.

Now, let me look for another Canadian actor and musician related to Glee.

From the text about Cory Monteith's death, I can see that he was a Canadian actor and musician who played Finn Hudson on Glee. However, there is no mention of his mom getting set up with Burt Hummel in any of the provided texts.

Now, let me look for another Canadian actor and musician related to Glee.

From the text about Cory Monteith's death, I can see that he was a Canadian actor and musician who played Finn Hudson on Glee. However, there is no mention of his mom getting set up with Burt Hummel in any of the provided texts.

Now, let me look for another Canadian actor and musician related to Glee.

From the text about Cory Monteith's death, I can see that he was a Canadian actor and musician who played Finn Hudson on Glee. However, there is no mention of his mom getting set up with Burt Hummel in any of the provided texts.

Now, let me look for another Canadian actor and musician related to Glee.

From the text about Cory Monteith's death, I can see that he was a Canadian actor and musician who played Finn Hudson on Glee. However, there is no mention of his mom getting set up with Burt Hummel in any of the provided texts.

Now, let me look for another Canadian actor and musician related to Glee.

From the text about Cory Monteith's death, I can see that he was a Canadian actor and musician who played Finn Hudson on Glee. However, there is no mention of his mom getting set up with Burt Hummel in any of the provided texts.

Now, let me look for another Canadian actor and musician related to Glee.

From the text about Cory Monteith's death, I can see that he was a Canadian actor and musician who played Finn Hudson on Glee. However, there is no mention of his mom getting set up with Burt Hummel in any of the provided texts.

Now, let me look for another Canadian actor and musician related to Glee.

From the text about Cory Monteith's death, I can see that he was a Canadian actor and musician who played Finn Hudson on Glee. However, there is no mention of his mom getting set up with Burt Hummel in any of the provided texts.

Now, let me look for another Canadian actor and musician related to Glee.

From the text about Cory Monteith's death, I can see that he was a Canadian actor and musician who played Finn Hudson on Glee. However, there is no mention of his mom getting set up with Burt Hummel in any of the provided texts.

Now, let me look for another Canadian actor and musician related to Glee.

From the text about Cory Monteith's death, I can see that he was a Canadian actor and musician who played Finn Hudson on Glee. However, there is no mention of his mom getting set up with Burt Hummel in any of the provided texts.

Now, let me look for another Canadian actor and musician related to Glee.

From the text about Cory Monteith's death, I can see that he was a Canadian actor and musician who played Finn Hudson on Glee. However, there is no mention of his mom getting set up with Burt Hummel in any of the provided texts.

Now, let me look for another Canadian actor and musician related to Glee.

From the text about Cory Monteith's death, I can see that he was a Canadian actor and musician who played Finn Hudson on Glee. However, there is no mention of his mom getting set up with Burt Hummel in any of the provided texts.

Now, let me look for another Canadian actor and musician related to Glee.

From the text about Cory Monteith's death, I can see that he was a Canadian actor and musician who played Finn Hudson on Glee. However, there is no mention of his mom getting set up with Burt Hummel in any of the provided texts.

Now, let me look for another Canadian actor and musician related to Glee.

From the text about Cory Monteith's death, I can see that he was a Canadian actor and musician who played Finn Hudson on Glee. However, there is no mention of his mom getting set up with Burt Hummel in any of the provided texts.

Now, let me look for another Canadian actor and musician related to Glee.

From the text about Cory Monteith's death, I can see that he was a Canadian actor and musician who played Finn Hudson on Glee. However, there is no mention of his mom getting set up with Burt Hummel in any of the provided texts.

Now, let me look for another Canadian actor and musician related to Glee.

From the text about Cory Monteith's death, I can see that he was a Canadian actor and musician who played Finn Hudson on Glee. However, there is no mention of his mom getting set up with Burt Hummel in any of the provided texts.

Now, let me look for another Canadian actor and musician related to Glee.

From the text about Cory Monteith's death, I can see that he was a Canadian actor and musician who played Finn Hudson on Glee. However, there is no mention of his mom getting set up with Burt Hummel in any of the provided texts.

Now, let me look for another Canadian actor and musician related to Glee.

From the text about Cory Monteith's death, I can see that he was a Canadian actor and musician who played Finn Hudson on Glee. However, there is no mention of his mom getting set up with Burt Hummel in any of the provided texts.

Now, let me look for another Canadian actor and musician related to Glee.

From the text about Cory Monteith's death, I can see that he was a Canadian actor and musician who played Finn Hudson on Glee. However, there is no mention of his mom getting set up with Burt Hummel in any of the provided texts.

Now, let me look for another Canadian actor and musician related to Glee.

From the text about Cory Monteith's death, I can see that he was a Canadian actor and musician who played Finn Hudson on Glee. However, there is no mention of his mom getting set up with Burt Hummel in any of the provided texts.

Now, let me look for another Canadian actor and musician related to Glee.

From the text about Cory Monteith's death, I can see that he was a Canadian actor and musician who played Finn Hudson on Glee. However, there is no mention of his mom getting set up with Burt Hummel in any of the provided texts.

Now, let me look for another Canadian actor and musician related to Glee.

From the text about Cory Monteith's death, I can see that he was a Canadian actor and musician who played Finn Hudson on Glee. However, there is no mention of his mom getting set up with Burt Hummel in any of the provided texts.

Now, let me look for another Canadian actor and musician related to Glee.

From the text about Cory Monteith's death, I can see that he was a Canadian actor and musician who played Finn Hudson on Glee. However, there is no mention of his mom getting set up with Burt Hummel in any of the provided texts.

Now, let me look for another Canadian actor and musician related to Glee.

From the text about Cory Monteith's death, I can see that he was a Canadian actor and musician who played Finn Hudson on Glee. However, there is no mention of his mom getting set up with Burt Hummel in any of the provided texts.

Now, let me look for another Canadian actor and musician related to Glee.

From the text about Cory Monteith's death, I can see that he was a Canadian actor and musician who played Finn Hudson on Glee. However, there is no mention of his mom getting set up with Burt Hummel in any of the provided texts.

Now, let me look for another Canadian actor and musician related to Glee.

From the text about Cory Monteith's death, I can see that he was a Canadian actor and musician who played Finn Hudson on Glee. However, there is no mention of his mom getting set up with Burt Hummel in any of the provided texts.

Now, let me look for another Canadian actor and musician related to Glee.

From the text about Cory Monteith's death, I can see that he was a Canadian actor and musician who played Finn Hudson on Glee. However, there is no mention of his mom getting set up with Burt Hummel in any of the provided texts.

Now, let me look for another Canadian actor and musician related to Glee.

From the text about Cory Monteith's death, I can see that he was a Canadian actor and musician who played Finn Hudson on Glee. However, there is no mention of his mom getting set up with Burt Hummel in any of the provided texts.

Now, let me look for another Canadian actor and musician related to Glee.

From the text about Cory Monteith's death, I can see that he was a Canadian actor and musician who played Finn Hudson on Glee. However, there is no mention of his mom getting set up with Burt Hummel in any of the provided texts.

Now, let me look for another Canadian actor and musician related to Glee.

From the text about Cory Monteith's death, I can see that he was a Canadian actor and musician who played Finn Hudson on Glee. However, there is no mention of his mom getting set up with Burt Hummel in any of the provided texts.

Now, let me look for another Canadian actor and musician related to Glee.

From the text about Cory Monteith's death, I can see that he was a Canadian actor and musician who played Finn Hudson on Glee. However, there is no mention of his mom getting set up with Burt Hummel in any of the provided texts.

Now, let me look for another Canadian actor and musician related to Glee.

From the text about Cory Monteith's death, I can see that he was a Canadian actor and musician who played Finn Hudson on Glee. However, there is no mention of his mom getting set up with Burt Hummel in any of the provided texts.

Now, let me look for another Canadian actor and musician related to Glee.

From the text about Cory Monteith's death, I can see that he was a Canadian actor and musician who played Finn Hudson on Glee. However, there is no mention of his mom getting set up with Burt Hummel in any of the provided texts.

Now, let me look for another Canadian actor and musician related to Glee.

From the text about Cory Monteith's death, I can see that he was a Canadian actor and musician who played Finn Hudson on Glee. However, there is no mention of his mom getting set up with Burt Hummel in any of the provided texts.

Now, let me look for another Canadian actor and musician related to Glee.

From the text about Cory Monteith's death, I can see that he was a Canadian actor and musician who played Finn Hudson on Glee. However, there is no mention of his mom getting set up with Burt Hummel in any of the provided texts.

Now, let me look for another Canadian actor and musician related to Glee.

From the text about Cory Monteith's death, I can see that he was a Canadian actor and musician who played Finn Hudson on Glee. However, there is no mention of his mom getting set up with Burt Hummel in any of the provided texts.

Now, let me look for another Canadian actor and musician related to Glee.

From the text about Cory Monteith's death, I can see that he was a Canadian actor and musician who played Finn Hudson on Glee. However, there is no mention of his mom getting set up with Burt Hummel in any of the provided texts.

Now, let me look for another Canadian actor and musician related to Glee.

From the text about Cory Monteith's death, I can see that he was a Canadian actor and musician who played Finn Hudson on Glee. However, there is no mention of his mom getting set up with Burt Hummel in any of the provided texts.

Now, let me look for another Canadian actor and musician related to Glee.

From the text about Cory Monteith's death, I can see that he was a Canadian actor and musician who played Finn Hudson on Glee. However, there is no mention of his mom getting set up with Burt Hummel in any of the provided texts.

Now, let me look for another Canadian actor and musician related to Glee.

From the text about Cory Monteith's death, I can see that he was a Canadian actor and musician who played Finn Hudson on Glee. However, there is no mention of his mom getting set up with Burt Hummel in any of the provided texts.

Now, let me look for another Canadian actor and musician related to Glee.

From the text about Cory Monteith's death, I can see that he was a Canadian actor and musician who played Finn Hudson on Glee. However, there is no mention of his mom getting set up with Burt Hummel in any of the provided texts.

Now, let me look for another Canadian actor and musician related to Glee.

From the text about Cory Monteith's death, I can see that he was a Canadian actor and musician who played Finn Hudson on Glee. However, there is no mention of his mom getting set up with Burt Hummel in any of the provided texts.

Now, let me look for another Canadian actor and musician related to Glee.

From the text about Cory Monteith's death, I can see that he was a Canadian actor and musician who played Finn Hudson on Glee. However, there is no mention of his mom getting set up with Burt Hummel in any of the provided texts.

Now, let me look for another Canadian actor and musician related to Glee.

From the text about Cory Monteith's death, I can see that he was a Canadian actor and musician who played Finn Hudson on Glee. However, there is no mention of his mom getting set up with Burt Hummel in any of the provided texts.

Now, let me look for another Canadian actor and musician related to Glee.

From the text about Cory Monteith's death, I can see that he was a Canadian actor and musician who played Finn Hudson on Glee. However, there is no mention of his mom getting set up with Burt Hummel in any of the provided texts.

Now, let me look for another Canadian actor and musician related to Glee.

From the text about Cory Monteith's death, I can see that he was a Canadian actor and musician who played Finn Hudson on Glee. However, there is no mention of his mom getting set up with Burt Hummel in any of the provided texts.

Now, let me look for another Canadian actor and musician related to Glee.

From the text about Cory Monteith's death, I can see that he was a Canadian actor and musician who played Finn Hudson on Glee. However, there is no mention of his mom getting set up with Burt Hummel in any of the provided texts.

Now, let me look for another Canadian actor and musician related to Glee.

From the text about Cory Monteith's death, I can see that he was a Canadian actor and musician who played Finn Hudson on Glee. However, there is no mention of his mom getting set up with Burt Hummel in any of the provided texts.

Now, let me look for another Canadian actor and musician related to Glee.

From the text about Cory Monteith's death, I can see that he was a Canadian actor and musician who played Finn Hudson on Glee. However, there is no mention of his mom getting set up with Burt Hummel in any of the provided texts.

Now, let me look for another Canadian actor and musician related to Glee.

From the text about Cory Monteith's death, I can see that he was a Canadian actor and musician who played Finn Hudson on Glee. However, there is no mention of his mom getting set up with Burt Hummel in any of the provided texts.

Now, let me look for another Canadian actor and musician related to Glee.

From the text about Cory Monteith's death, I can see that he was a Canadian actor and musician who played Finn Hudson on Glee. However, there is no mention of his mom getting set up with Burt Hummel in any of the provided texts.

Now, let me look for another Canadian actor and musician related to Glee.

From the text about Cory Monteith's death, I can see that he was a Canadian actor and musician who played Finn Hudson on Glee. However, there is no mention of his mom getting set up with Burt Hummel in any of the provided texts.

Now, let me look for another Canadian actor and musician related to Glee.

From the text about Cory Monteith's death, I can see that he was a Canadian actor and musician who played Finn Hudson on Glee. However, there is no mention of his mom getting set up with Burt Hummel in any of the provided texts.

Now, let me look for another Canadian actor and musician related to Glee.

From the text about Cory Monteith's death, I can see that he was a Canadian actor and musician who played Finn Hudson on Glee. However, there is no mention of his mom getting set up with Burt Hummel in any of the provided texts.

Now, let me look for another Canadian actor and musician related to Glee.

From the text about Cory Monteith's death, I can see that he was a Canadian actor and musician who played Finn Hudson on Glee. However, there is no mention of his mom getting set up with Burt Hummel in any of the provided texts.

Now, let me look for another Canadian actor and musician related to Glee.

From the text about Cory Monteith's death, I can see that he was a Canadian actor and musician who played Finn Hudson on Glee. However, there is no mention of his mom getting set up with Burt Hummel in any of the provided texts.

Now, let me look for another Canadian actor and musician related to Glee.

From the text about Cory Monteith's death, I can see that he was a Canadian actor and musician who played Finn Hudson on Glee. However, there is no mention of his mom getting set up with Burt Hummel in any of the provided texts.

Now, let me look for another Canadian actor and musician related to Glee.

From the text about Cory Monteith's death, I can see that he was a Canadian actor and musician who played Finn Hudson on Glee. However, there is no mention of his mom getting set up with Burt Hummel in any of the provided texts.

Now, let me look for another Canadian actor and musician related to Glee.

From the text about Cory Monteith's death, I can see that he was a Canadian actor and musician who played Finn Hudson on Glee. However, there is no mention of his mom getting set up with Burt Hummel in any of the provided texts.

Now, let me look for another Canadian actor and musician related to Glee.

From the text about Cory Monteith's death, I can see that he was a Canadian actor and musician who played Finn Hudson on Glee. However, there is no mention of his mom getting set up with Burt Hummel in any of the provided texts.

Now, let me look for another Canadian actor and musician related to Glee.

From the text about Cory Monteith's death, I can see that he was a Canadian actor and musician who played Finn Hudson on Glee. However, there is no mention of his mom getting set up with Burt Hummel in any of the provided texts.

Now, let me look for another Canadian actor and musician related to Glee.

From the text about Cory Monteith's death, I can see that he was a Canadian actor and musician who played Finn Hudson on Glee. However, there is no mention of his mom getting set up with Burt Hummel in any of the provided texts.

Now, let me look for another Canadian actor and musician related to Glee.

From the text about Cory Monteith's death, I can see that he was a Canadian actor and musician who played Finn Hudson on Glee. However, there is no mention of his mom getting set up with Burt Hummel in any of the provided texts.

Now, let me look for another Canadian actor and musician related to Glee.

From the text about Cory Monteith's death, I can see that he was a Canadian actor and musician who played Finn Hudson on Glee. However, there is no mention of his mom getting set up with Burt Hummel in any of the provided texts.

Now, let me look for another Canadian actor and musician related to Glee.

From the text about Cory Monteith's death, I can see that he was a Canadian actor and musician who played Finn Hudson on Glee. However, there is no mention of his mom getting set up with Burt Hummel in any of the provided texts.

Now, let me look for another Canadian actor and musician related to Glee.

From the text about Cory Monteith's death, I can see that he was a Canadian actor and musician who played Finn Hudson on Glee. However, there is no mention of his mom getting set up with Burt Hummel in any of the provided texts.

Now, let me look for another Canadian actor and musician related to Glee.

From the text about Cory Monteith's death, I can see that he was a Canadian actor and musician who played Finn Hudson on Glee. However, there is no mention of his mom getting set up with Burt Hummel in any of the provided texts.

Now, let me look for another Canadian actor and musician related to Glee.

From the text about Cory Monteith's death, I can see that he was a Canadian actor and musician who played Finn Hudson on Glee. However, there is no mention of his mom getting set up with Burt Hummel in any of the provided texts.

Now, let me look for another Canadian actor and musician related to Glee.

From the text about Cory Monteith's death, I can see that he was a Canadian actor and musician who played Finn Hudson on Glee. However, there is no mention of his mom getting set up with Burt Hummel in any of the provided texts.

Now, let me look for another Canadian actor and musician related to Glee.

From the text about Cory Monteith's death, I can see that he was a Canadian actor and musician who played Finn Hudson on Glee. However, there is no mention of his mom getting set up with Burt Hummel in any of the provided texts.

Now, let me look for another Canadian actor and musician related to Glee.

From the text about Cory Monteith's death, I can see that he was a Canadian actor and musician who played Finn Hudson on Glee. However, there is no mention of his mom getting set up with Burt Hummel in any of the provided texts.

Now, let me look for another Canadian actor and musician related to Glee.

From the text about Cory Monteith's death, I can see that he was a Canadian actor and musician who played Finn Hudson on Glee. However, there is no mention of his mom getting set up with Burt Hummel in any of the provided texts.

Now, let me look for another Canadian actor and musician related to Glee.

From the text about Cory Monteith's death, I can see that he was a Canadian actor and musician who played Finn Hudson on Glee. However, there is no mention of his mom getting set up with Burt Hummel in any of the provided texts.

Now, let me look for another Canadian actor and musician related to Glee.

From the text about Cory Monteith's death, I can see that he was a Canadian actor and musician who played Finn Hudson on Glee. However, there is no mention of his mom getting set up with Burt Hummel in any of the provided texts.

Now, let me look for another Canadian actor and musician related to Glee.

From the text about Cory Monteith's death, I can see that he was a Canadian actor and musician who played Finn Hudson on Glee. However, there is no mention of his mom getting set up with Burt Hummel in any of the provided texts.

Now, let me look for another Canadian actor and musician related to Glee.

From the text about Cory Monteith's death, I can see that he was a Canadian actor and musician who played Finn Hudson on Glee. However, there is no mention of his mom getting set up with Burt Hummel in any of the provided texts.

Now, let me look for another Canadian actor and musician related to Glee.

From the text about Cory Monteith's death, I can see that he was a Canadian actor and musician who played Finn Hudson on Glee. However, there is no mention of his mom getting set up with Burt Hummel in any of the provided texts.

Now, let me look for another Canadian actor and musician related to Glee.

From the text about Cory Monteith's death, I can see that he was a Canadian actor and musician who played Finn Hudson on Glee. However, there is no mention of his mom getting set up with Burt Hummel in any of the provided texts.

Now, let me look for another Canadian actor and musician related to Glee.

From the text about Cory Monteith's death, I can see that he was a Canadian actor and musician who played Finn Hudson on Glee. However, there is no mention of his mom getting set up with Burt Hummel in any of the provided texts.

Now, let me look for another Canadian actor and musician related to Glee.

From the text about Cory Monteith's death, I can see that he was a Canadian actor and musician who played Finn Hudson on Glee. However, there is no mention of his mom getting set up with Burt Hummel in any of the provided texts.

Now, let me look for another Canadian actor and musician related to Glee.

From the text about Cory Monteith's death, I can see that he was a Canadian actor and musician who played Finn Hudson on Glee. However, there is no mention of his mom getting set up with Burt Hummel in any of the provided texts.

Now, let me look for another Canadian actor and musician related to Glee.

From the text about Cory Monteith's death, I can see that he was a Canadian actor and musician who played Finn Hudson on Glee. However, there is no mention of his mom getting set up with Burt Hummel in any of the provided texts.

Now, let me look for another Canadian actor and musician related to Glee.

From the text about Cory Monteith's death, I can see that he was a Canadian actor and musician who played Finn Hudson on Glee. However, there is no mention of his mom getting set up with Burt Hummel in any of the provided texts.

Now, let me look for another Canadian actor and musician related to Glee.

From the text about Cory Monteith's death, I can see that he was a Canadian actor and musician who played Finn Hudson on Glee. However, there is no mention of his mom getting set up with Burt Hummel in any of the provided texts.

Now, let me look for another Canadian actor and musician related to Glee.

From the text about Cory Monteith's death, I can see that he was a Canadian actor and musician who played Finn Hudson on Glee. However, there is no mention of his mom getting set up with Burt Hummel in any of the provided texts.

Now, let me look for another Canadian actor and musician related to Glee.

From the text about Cory Monteith's death, I can see that he was a Canadian actor and musician who played Finn Hudson on Glee. However, there is no mention of his mom getting set up with Burt Hummel in any of the provided texts.

Now, let me look for another Canadian actor and musician related to Glee.

From the text about Cory Monteith's death, I can see that he was a Canadian actor and musician who played Finn Hudson on Glee. However, there is no mention of his mom getting set up with Burt Hummel in any of the provided texts.

Now, let me look for another Canadian actor and musician related to Glee.

From the text about Cory Monteith's death, I can see that he was a Canadian actor and musician who played Finn Hudson on Glee. However, there is no mention of his mom getting set up with Burt Hummel in any of the provided texts.

Now, let me look for another Canadian actor and musician related to Glee.

From the text about Cory Monteith's death, I can see that he was a Canadian actor and musician who played Finn Hudson on Glee. However, there is no mention of his mom getting set up with Burt Hummel in any of the provided texts.

Now, let me look for another Canadian actor and musician related to Glee.

From the text about Cory Monteith's death, I can see that he was a Canadian actor and musician who played Finn Hudson on Glee. However, there is no mention of his mom getting set up with Burt Hummel in any of the provided texts.

Now, let me look for another Canadian actor and musician related to Glee.

From the text about Cory Monteith's death, I can see that he was a Canadian actor and musician who played Finn Hudson on Glee. However, there is no mention of his mom getting set up with Burt Hummel in any of the provided texts.

Now, let me look for another Canadian actor and musician related to Glee.

From the text about Cory Monteith's death, I can see that he was a Canadian actor and musician who played Finn Hudson on Glee. However, there is no mention of his mom getting set up with Burt Hummel in any of the provided texts.

Now, let me look for another Canadian actor and musician related to Glee.

From the text about Cory Monteith's death, I can see that he was a Canadian actor and musician who played Finn Hudson on Glee. However, there is no mention of his mom getting set up with Burt Hummel in any of the provided texts.

Now, let me look for another Canadian actor and musician related to Glee.

From the text about Cory Monteith's death, I can see that he was a Canadian actor and musician who played Finn Hudson on Glee. However, there is no mention of his mom getting set up with Burt Hummel in any of the provided texts.

Now, let me look for another Canadian actor and musician related to Glee.

From the text about Cory Monteith's death, I can see that he was a Canadian actor and musician who played Finn Hudson on Glee. However, there is no mention of his mom getting set up with Burt Hummel in any of the provided texts.

Now, let me look for another Canadian actor and musician related to Glee.

From the text about Cory Monteith's death, I can see that he was a Canadian actor and musician who played Finn Hudson on Glee. However, there is no mention of his mom getting set up with Burt Hummel in any of the provided texts.

Now, let me look for another Canadian actor and musician related to Glee.

From the text about Cory Monteith's death, I can see that he was a Canadian actor and musician who played Finn Hudson on Glee. However, there is no mention of his mom getting set up with Burt Hummel in any of the provided texts.

Now, let me look for another Canadian actor and musician related to Glee.

From the text about Cory Monteith's death, I can see that he was a Canadian actor and musician who played Finn Hudson on Glee. However, there is no mention of his mom getting set up with Burt Hummel in any of the provided texts.

Now, let me look for another Canadian actor and musician related to Glee.

From the text about Cory Monteith's death, I can see that he was a Canadian actor and musician who played Finn Hudson on Glee. However, there is no mention of his mom getting set up with Burt Hummel in any of the provided texts.

Now, let me look for another Canadian actor and musician related to Glee.

From the text about Cory Monteith's death, I can see that he was a Canadian actor and musician who played Finn Hudson on Glee. However, there is no mention of his mom getting set up with Burt Hummel in any of the provided texts.

Now, let me look for another Canadian actor and musician related to Glee.

From the text about Cory Monteith's death, I can see that he was a Canadian actor and musician who played Finn Hudson on Glee. However, there is no mention of his mom getting set up with Burt Hummel in any of the provided texts.

Now, let me look for another Canadian actor and musician related to Glee.

From the text about Cory Monteith's death, I can see that he was a Canadian actor and musician who played Finn Hudson on Glee. However, there is no mention of his mom getting set up with Burt Hummel in any of the provided texts.

Now, let me look for another Canadian actor and musician related to Glee.

From the text about Cory Monteith's death, I can see that he was a Canadian actor and musician who played Finn Hudson on Glee. However, there is no mention of his mom getting set up with Burt Hummel in any of the provided texts.

Now, let me look for another Canadian actor and musician related to Glee.

From the text about Cory Monteith's death, I can see that he was a Canadian actor and musician who played Finn Hudson on Glee. However, there is no mention of his mom getting set up with Burt Hummel in any of the provided texts.

Now, let me look for another Canadian actor and musician related to Glee.

From the text about Cory Monteith's death, I can see that he was a Canadian actor and musician who played Finn Hudson on Glee. However, there is no mention of his mom getting set up with Burt Hummel in any of the provided texts.

Now, let me look for another Canadian actor and musician related to Glee.

From the text about Cory Monteith's death, I can see that he was a Canadian actor and musician who played Finn Hudson on Glee. However, there is no mention of his mom getting set up with Burt Hummel in any of the provided texts.

Now, let me look for another Canadian actor and musician related to Glee.

From the text about Cory Monteith's death, I can see that he was a Canadian actor and musician who played Finn Hudson on Glee. However, there is no mention of his mom getting set up with Burt Hummel in any of the provided texts.

Now, let me look for another Canadian actor and musician related to Glee.

From the text about Cory Monteith's death, I can see that he was a Canadian actor and musician who played Finn Hudson on Glee. However, there is no mention of his mom getting set up with Burt Hummel in any of the provided texts.

Now, let me look for another Canadian actor and musician related to Glee.

From the text about Cory Monteith's death, I can see that he was a Canadian actor and musician who played Finn Hudson on Glee. However, there is no mention of his mom getting set up with Burt Hummel in any of the provided texts.

Now, let me look for another Canadian actor and musician related to Glee.

From the text about Cory Monteith's death, I can see that he was a Canadian actor and musician who played Finn Hudson on Glee. However, there is no mention of his mom getting set up with Burt Hummel in any of the provided texts.

Now, let me look for another Canadian actor and musician related to Glee.

From the text about Cory Monteith's death, I can see that he was a Canadian actor and musician who played Finn Hudson on Glee. However, there is no mention of his mom getting set up with Burt Hummel in any of the provided texts.

Now, let me look for another Canadian actor and musician related to Glee.

From the text about Cory Monteith's death, I can see that he was a Canadian actor and musician who played Finn Hudson on Glee. However, there is no mention of his mom getting set up with Burt Hummel in any of the provided texts.

Now, let me look for another Canadian actor and musician related to Glee.

From the text about Cory Monteith's death, I can see that he was a Canadian actor and musician who played Finn Hudson on Glee. However, there is no mention of his mom getting set up with Burt Hummel in any of the provided texts.

Now, let me look for another Canadian actor and musician related to Glee.

From the text about Cory Monteith's death, I can see that he was a Canadian actor and musician who played Finn Hudson on Glee. However, there is no mention of his mom getting set up with Burt Hummel in any of the provided texts.

Now, let me look for another Canadian actor and musician related to Glee.

From the text about Cory Monteith's death, I can see that he was a Canadian actor and musician who played Finn Hudson on Glee. However, there is no mention of his mom getting set up with Burt Hummel in any of the provided texts.

Now, let me look for another Canadian actor and musician related to Glee.

From the text about Cory Monteith's death, I can see that he was a Canadian actor and musician who played Finn Hudson on Glee. However, there is no mention of his mom getting set up with Burt Hummel in any of the provided texts.

Now, let me look for another Canadian actor and musician related to Glee.

From the text about Cory Monteith's death, I can see that he was a Canadian actor and musician who played Finn Hudson on Glee. However, there is no mention of his mom getting set up with Burt Hummel in any of the provided texts.

Now, let me look for another Canadian actor and musician related to Glee.

From the text about Cory Monteith's death, I can see that he was a Canadian actor and musician who played Finn Hudson on Glee. However, there is no mention of his mom getting set up with Burt Hummel in any of the provided texts.

Now, let me look for another Canadian actor and musician related to Glee.

From the text about Cory Monteith's death, I can see that he was a Canadian actor and musician who played Finn Hudson on Glee. However, there is no mention of his mom getting set up with Burt Hummel in any of the provided texts.

Now, let me look for another Canadian actor and musician related to Glee.

From the text about Cory Monteith's death, I can see that he was a Canadian actor and musician who played Finn Hudson on Glee. However, there is no mention of his mom getting set up with Burt Hummel in any of the provided texts.

Now, let me look for another Canadian actor and musician related to Glee.

From the text about Cory Monteith's death, I can see that he was a Canadian actor and musician who played Finn Hudson on Glee. However, there is no mention of his mom getting set up with Burt Hummel in any of the provided texts.

Now, let me look for another Canadian actor and musician related to Glee.

From the text about Cory Monteith's death, I can see that he was a Canadian actor and musician who played Finn Hudson on Glee. However, there is no mention of his mom getting set up with Burt Hummel in any of the provided texts.

Now, let me look for another Canadian actor and musician related to Glee.

From the text about Cory Monteith's death, I can see that he was a Canadian actor and musician who played Finn Hudson on Glee. However, there is no mention of his mom getting set up with Burt Hummel in any of the provided texts.

Now, let me look for another Canadian actor and musician related to Glee.

From the text about Cory Monteith's death, I can see that he was a Canadian actor and musician who played Finn Hudson on Glee. However, there is no mention of his mom getting set up with Burt Hummel in any of the provided texts.

Now, let me look for another Canadian actor and musician related to Glee.

From the text about Cory Monteith's death, I can see that he was a Canadian actor and musician who played Finn Hudson on Glee. However, there is no mention of his mom getting set up with Burt Hummel in any of the provided texts.

Now, let me look for another Canadian actor and musician related to Glee.

From the text about Cory Monteith's death, I can see that he was a Canadian actor and musician who played Finn Hudson on Glee. However, there is no mention of his mom getting set up with Burt Hummel in any of the provided texts.

Now, let me look for another Canadian actor and musician related to Glee.

From the text about Cory Monteith's death, I can see that he was a Canadian actor and musician who played Finn Hudson on Glee. However, there is no mention of his mom getting set up with Burt Hummel in any of the provided texts.

Now, let me look for another Canadian actor and musician related to Glee.

From the text about Cory Monteith's death, I can see that he was a Canadian actor and musician who played Finn Hudson on Glee. However, there is no mention of his mom getting set up with Burt Hummel in any of the provided texts.

Now, let me look for another Canadian actor and musician related to Glee.

From the text about Cory Monteith's death, I can see that he was a Canadian actor and musician who played Finn Hudson on Glee. However, there is no mention of his mom getting set up with Burt Hummel in any of the provided texts.

Now, let me look for another Canadian actor and musician related to Glee.

From the text about Cory Monteith's death, I can see that he was a Canadian actor and musician who played Finn Hudson on Glee. However, there is no mention of his mom getting set up with Burt Hummel in any of the provided texts.

Now, let me look for another Canadian actor and musician related to Glee.

From the text about Cory Monteith's death, I can see that he was a Canadian actor and musician who played Finn Hudson on Glee. However, there is no mention of his mom getting set up with Burt Hummel in any of the provided texts.

Now, let me look for another Canadian actor and musician related to Glee.

From the text about Cory Monteith's death, I can see that he was a Canadian actor and musician who played Finn Hudson on Glee. However, there is no mention of his mom getting set up with Burt Hummel in any of the provided texts.

Now, let me look for another Canadian actor and musician related to Glee.

From the text about Cory Monteith's death, I can see that he was a Canadian actor and musician who played Finn Hudson on Glee. However, there is no mention of his mom getting set up with Burt Hummel in any of the provided texts.

Now, let me look for another Canadian actor and musician related to Glee.

From the text about Cory Monteith's death, I can see that he was a Canadian actor and musician who played Finn Hudson on Glee. However, there is no mention of his mom getting set up with Burt Hummel in any of the provided texts.

Now, let me look for another Canadian actor and musician related to Glee.

From the text about Cory Monteith's death, I can see that he was a Canadian actor and musician who played Finn Hudson on Glee. However, there is no mention of his mom getting set up with Burt Hummel in any of the provided texts.

Now, let me look for another Canadian actor and musician related to Glee.

From the text about Cory Monteith's death, I can see that he was a Canadian actor and musician who played Finn Hudson on Glee. However, there is no mention of his mom getting set up with Burt Hummel in any of the provided texts.

Now, let me look for another Canadian actor and musician related to Glee.

From the text about Cory Monteith's death, I can see that he was a Canadian actor and musician who played Finn Hudson on Glee. However, there is no mention of his mom getting set up with Burt Hummel in any of the provided texts.

Now, let me look for another Canadian actor and musician related to Glee.

From the text about Cory Monteith's death, I can see that he was a Canadian actor and musician who played Finn Hudson on Glee. However, there is no mention of his mom getting set up with Burt Hummel in any of the provided texts.

Now, let me look for another Canadian actor and musician related to Glee.

From the text about Cory Monteith's death, I can see that he was a Canadian actor and musician who played Finn Hudson on Glee. However, there is no mention of his mom getting set up with Burt Hummel in any of the provided texts.

Now, let me look for another Canadian actor and musician related to Glee.

From the text about Cory Monteith's death, I can see that he was a Canadian actor and musician who played Finn Hudson on Glee. However, there is no mention of his mom getting set up with Burt Hummel in any of the provided texts.

Now, let me look for another Canadian actor and musician related to Glee.

From the text about Cory Monteith's death, I can see that he was a Canadian actor and musician who played Finn Hudson on Glee. However, there is no mention of his mom getting set up with Burt Hummel in any of the provided texts.

Now, let me look for another Canadian actor and musician related to Glee.

From the text about Cory Monteith's death, I can see that he was a Canadian actor and musician who played Finn Hudson on Glee. However, there is no mention of his mom getting set up with Burt Hummel in any of the provided texts.

Now, let me look for another Canadian actor and musician related to Glee.

From the text about Cory Monteith's death, I can see that he was a Canadian actor and musician who played Finn Hudson on Glee. However, there is no mention of his mom getting set up with Burt Hummel in any of the provided texts.

Now, let me look for another Canadian actor and musician related to Glee.

From the text about Cory Monteith's death, I can see that he was a Canadian actor and musician who played Finn Hudson on Glee. However, there is no mention of his mom getting set up with Burt Hummel in any of the provided texts.

Now, let me look for another Canadian actor and musician related to Glee.

From the text about Cory Monteith's death, I can see that he was a Canadian actor and musician who played Finn Hudson on Glee. However, there is no mention of his mom getting set up with Burt Hummel in any of the provided texts.

Now, let me look for another Canadian actor and musician related to Glee.

From the text about Cory Monteith's death, I can see that he was a Canadian actor and musician who played Finn Hudson on Glee. However, there is no mention of his mom getting set up with Burt Hummel in any of the provided texts.

Now, let me look for another Canadian actor and musician related to Glee.

From the text about Cory Monteith's death, I can see that he was a Canadian actor and musician who played Finn Hudson on Glee. However, there is no mention of his mom getting set up with Burt Hummel in any of the provided texts.

Now, let me look for another Canadian actor and musician related to Glee.

From the text about Cory Monteith's death, I can see that he was a Canadian actor and musician who played Finn Hudson on Glee. However, there is no mention of his mom getting set up with Burt Hummel in any of the provided texts.

Now, let me look for another Canadian actor and musician related to Glee.

From the text about Cory Monteith's death, I can see that he was a Canadian actor and musician who played Finn Hudson on Glee. However, there is no mention of his mom getting set up with Burt Hummel in any of the provided texts.

Now, let me look for another Canadian actor and musician related to Glee.

From the text about Cory Monteith's death, I can see that he was a Canadian actor and musician who played Finn Hudson on Glee. However, there is no mention of his mom getting set up with Burt Hummel in any of the provided texts.

Now, let me look for another Canadian actor and musician related to Glee.

From the text about Cory Monteith's death, I can see that he was a Canadian actor and musician who played Finn Hudson on Glee. However, there is no mention of his mom getting set up with Burt Hummel in any of the provided texts.

Now, let me look for another Canadian actor and musician related to Glee.

From the text about Cory Monteith's death, I can see that he was a Canadian actor and musician who played Finn Hudson on Glee. However, there is no mention of his mom getting set up with Burt Hummel in any of the provided texts.

Now, let me look for another Canadian actor and musician related to Glee.

From the text about Cory Monteith's death, I can see that he was a Canadian actor and musician who played Finn Hudson on Glee. However, there is no mention of his mom getting set up with Burt Hummel in any of the provided texts.

Now, let me look for another Canadian actor and musician related to Glee.

From the text about Cory Monteith's death, I can see that he was a Canadian actor and musician who played Finn Hudson on Glee. However, there is no mention of his mom getting set up with Burt Hummel in any of the provided texts.

Now, let me look for another Canadian actor and musician related to Glee.

From the text about Cory Monteith's death, I can see that he was a Canadian actor and musician who played Finn Hudson on Glee. However, there is no mention of his mom getting set up with Burt Hummel in any of the provided texts.

Now, let me look for another Canadian actor and musician related to Glee.

From the text about Cory Monteith's death, I can see that he was a Canadian actor and musician who played Finn Hudson on Glee. However, there is no mention of his mom getting set up with Burt Hummel in any of the provided texts.

Now, let me look for another Canadian actor and musician related to Glee.

From the text about Cory Monteith's death, I can see that he was a Canadian actor and musician who played Finn Hudson on Glee. However, there is no mention of his mom getting set up with Burt Hummel in any of the provided texts.

Now, let me look for another Canadian actor and musician related to Glee.

From the text about Cory Monteith's death, I can see that he was a Canadian actor and musician who played Finn Hudson on Glee. However, there is no mention of his mom getting set up with Burt Hummel in any of the provided texts.

Now, let me look for another Canadian actor and musician related to Glee.

From the text about Cory Monteith's death, I can see that he was a Canadian actor and musician who played Finn Hudson on Glee. However, there is no mention of his mom getting set up with Burt Hummel in any of the provided texts.

Now, let me look for another Canadian actor and musician related to Glee.

From the text about Cory Monteith's death, I can see that he was a Canadian actor and musician who played Finn Hudson on Glee. However, there is no mention of his mom getting set up with Burt Hummel in any of the provided texts.

Now, let me look for another Canadian actor and musician related to Glee.

From the text about Cory Monteith's death, I can see that he was a Canadian actor and musician who played Finn Hudson on Glee. However, there is no mention of his mom getting set up with Burt Hummel in any of the provided texts.

Now, let me look for another Canadian actor and musician related to Glee.

From the text about Cory Monteith's death, I can see that he was a Canadian actor and musician who played Finn Hudson on Glee. However, there is no mention of his mom getting set up with Burt Hummel in any of the provided texts.

Now, let me look for another Canadian actor and musician related to Glee.

From the text about Cory Monteith's death, I can see that he was a Canadian actor and musician who played Finn Hudson on Glee. However, there is no mention of his mom getting set up with Burt Hummel in any of the provided texts.

Now, let me look for another Canadian actor and musician related to Glee.

From the text about Cory Monteith's death, I can see that he was a Canadian actor and musician who played Finn Hudson on Glee. However, there is no mention of his mom getting set up with Burt Hummel in any of the provided texts.

Now, let me look for another Canadian actor and musician related to Glee.

From the text about Cory Monteith's death, I can see that he was a Canadian actor and musician who played Finn Hudson on Glee. However, there is no mention of his mom getting set up with Burt Hummel in any of the provided texts.

Now, let me look for another Canadian actor and musician related to Glee.

From the text about Cory Monteith's death, I can see that he was a Canadian actor and musician who played Finn Hudson on Glee. However, there is no mention of his mom getting set up with Burt Hummel in any of the provided texts.

Now, let me look for another Canadian actor and musician related to Glee.

From the text about Cory Monteith's death, I can see that he was a Canadian actor and musician who played Finn Hudson on Glee. However, there is no mention of his mom getting set up with Burt Hummel in any of the provided texts.

Now, let me look for another Canadian actor and musician related to Glee.

From the text about Cory Monteith's death, I can see that he was a Canadian actor and musician who played Finn Hudson on Glee. However, there is no mention of his mom getting set up with Burt Hummel in any of the provided texts.

Now, let me look for another Canadian actor and musician related to Glee.

From the text about Cory Monteith's death, I can see that he was a Canadian actor and musician who played Finn Hudson on Glee. However, there is no mention of his mom getting set up with Burt Hummel in any of the provided texts.

Now, let me look for another Canadian actor and musician related to Glee.

From the text about Cory Monteith's death, I can see that he was a Canadian actor and musician who played Finn Hudson on Glee. However, there is no mention of his mom getting set up with Burt Hummel in any of the provided texts.

Now, let me look for another Canadian actor and musician related to Glee.

From the text about Cory Monteith's death, I can see that he was a Canadian actor and musician who played Finn Hudson on Glee. However, there is no mention of his mom getting set up with Burt Hummel in any of the provided texts.

Now, let me look for another Canadian actor and musician related to Glee.

From the text about Cory Monteith's death, I can see that he was a Canadian actor and musician who played Finn Hudson on Glee. However, there is no mention of his mom getting set up with Burt Hummel in any of the provided texts.

Now, let me look for another Canadian actor and musician related to Glee.

From the text about Cory Monteith's death, I can see that he was a Canadian actor and musician who played Finn Hudson on Glee. However, there is no mention of his mom getting set up with Burt Hummel in any of the provided texts.

Now, let me look for another Canadian actor and musician related to Glee.

From the text about Cory Monteith's death, I can see that he was a Canadian actor and musician who played Finn Hudson on Glee. However, there is no mention of his mom getting set up with Burt Hummel in any of the provided texts.

Now, let me look for another Canadian actor and musician related to Glee.

From the text about Cory Monteith's death, I can see that he was a Canadian actor and musician who played Finn Hudson on Glee. However, there is no mention of his mom getting set up with Burt Hummel in any of the provided texts.

Now, let me look for another Canadian actor and musician related to Glee.

From the text about Cory Monteith's death, I can see that he was a Canadian actor and musician who played Finn Hudson on Glee. However, there is no mention of his mom getting set up with Burt Hummel in any of the provided texts.

Now, let me look for another Canadian actor and musician related to Glee.

From the text about Cory Monteith's death, I can see that he was a Canadian actor and musician who played Finn Hudson on Glee. However, there is no mention of his mom getting set up with Burt Hummel in any of the provided texts.

Now, let me look for another Canadian actor and musician related to Glee.

From the text about Cory Monteith's death, I can see that he was a Canadian actor and musician who played Finn Hudson on Glee. However, there is no mention of his mom getting set up with Burt Hummel in any of the provided texts.

Now, let me look for another Canadian actor and musician related to Glee.

From the text about Cory Monteith's death, I can see that he was a Canadian actor and musician who played Finn Hudson on Glee. However, there is no mention of his mom getting set up with Burt Hummel in any of the provided texts.

Now, let me look for another Canadian actor and musician related to Glee.

From the text about Cory Monteith's death, I can see that he was a Canadian actor and musician who played Finn Hudson on Glee. However, there is no mention of his mom getting set up with Burt Hummel in any of the provided texts.

Now, let me look for another Canadian actor and musician related to Glee.

From the text about Cory Monteith's death, I can see that he was a Canadian actor and musician who played Finn Hudson on Glee. However, there is no mention of his mom getting set up with Burt Hummel in any of the provided texts.

Now, let me look for another Canadian actor and musician related to Glee.

From the text about Cory Monteith's death, I can see that he was a Canadian actor and musician who played Finn Hudson on Glee. However, there is no mention of his mom getting set up with Burt Hummel in any of the provided texts.

Now, let me look for another Canadian actor and musician related to Glee.

From the text about Cory Monteith's death, I can see that he was a Canadian actor and musician who played Finn Hudson on Glee. However, there is no mention of his mom getting set up with Burt Hummel in any of the provided texts.

Now, let me look for another Canadian actor and musician related to Glee.

From the text about Cory Monteith's death, I can see that he was a Canadian actor and musician who played Finn Hudson on Glee. However, there is no mention of his mom getting set up with Burt Hummel in any of the provided texts.

Now, let me look for another Canadian actor and musician related to Glee.

From the text about Cory Monteith's death, I can see that he was a Canadian actor and musician who played Finn Hudson on Glee. However, there is no mention of his mom getting set up with Burt Hummel in any of the provided texts.

Now, let me look for another Canadian actor and musician related to Glee.

From the text about Cory Monteith's death, I can see that he was a Canadian actor and musician who played Finn Hudson on Glee. However, there is no mention of his mom getting set up with Burt Hummel in any of the provided texts.

Now, let me look for another Canadian actor and musician related to Glee.

From the text about Cory Monteith's death, I can see that he was a Canadian actor and musician who played Finn Hudson on Glee. However, there is no mention of his mom getting set up with Burt Hummel in any of the provided texts.

Now, let me look for another Canadian actor and musician related to Glee.

From the text about Cory Monteith's death, I can see that he was a Canadian actor and musician who played Finn Hudson on Glee. However, there is no mention of his mom getting set up with Burt Hummel in any of the provided texts.

Now, let me look for another Canadian actor and musician related to Glee.

From the text about Cory Monteith's death, I can see that he was a Canadian actor and musician who played Finn Hudson on Glee. However, there is no mention of his mom getting set up with Burt Hummel in any of the provided texts.

Now, let me look for another Canadian actor and musician related to Glee.

From the text about Cory Monteith's death, I can see that he was a Canadian actor and musician who played Finn Hudson on Glee. However, there is no mention of his mom getting set up with Burt Hummel in any of the provided texts.

Now, let me look for another Canadian actor and musician related to Glee.

From the text about Cory Monteith's death, I can see that he was a Canadian actor and musician who played Finn Hudson on Glee. However, there is no mention of his mom getting set up with Burt Hummel in any of the provided texts.

Now, let me look for another Canadian actor and musician related to Glee.

From the text about Cory Monteith's death, I can see that he was a Canadian actor and musician who played Finn Hudson on Glee. However, there is no mention of his mom getting set up with Burt Hummel in any of the provided texts.

Now, let me look for another Canadian actor and musician related to Glee.

From the text about Cory Monteith's death, I can see that he was a Canadian actor and musician who played Finn Hudson on Glee. However, there is no mention of his mom getting set up with Burt Hummel in any of the provided texts.

Now, let me look for another Canadian actor and musician related to Glee.

From the text about Cory Monteith's death, I can see that he was a Canadian actor and musician who played Finn Hudson on Glee. However, there is no mention of his mom getting set up with Burt Hummel in any of the provided texts.

Now, let me look for another Canadian actor and musician related to Glee.

From the text about Cory Monteith's death, I can see that he was a Canadian actor and musician who played Finn Hudson on Glee. However, there is no mention of his mom getting set up with Burt Hummel in any of the provided texts.

Now, let me look for another Canadian actor and musician related to Glee.

From the text about Cory Monteith's death, I can see that he was a Canadian actor and musician who played Finn Hudson on Glee. However, there is no mention of his mom getting set up with Burt Hummel in any of the provided texts.

Now, let me look for another Canadian actor and musician related to Glee.

From the text about Cory Monteith's death, I can see that he was a Canadian actor and musician who played Finn Hudson on Glee. However, there is no mention of his mom getting set up with Burt Hummel in any of the provided texts.

Now, let me look for another Canadian actor and musician related to Glee.

From the text about Cory Monteith's death, I can see that he was a Canadian actor and musician who played Finn Hudson on Glee. However, there is no mention of his mom getting set up with Burt Hummel in any of the provided texts.

Now, let me look for another Canadian actor and musician related to Glee.

From the text about Cory Monteith's death, I can see that he was a Canadian actor and musician who played Finn Hudson on Glee. However, there is no mention of his mom getting set up with Burt Hummel in any of the provided texts.

Now, let me look for another Canadian actor and musician related to Glee.

From the text about Cory Monteith's death, I can see that he was a Canadian actor and musician who played Finn Hudson on Glee. However, there is no mention of his mom getting set up with Burt Hummel in any of the provided texts.

Now, let me look for another Canadian actor and musician related to Glee.

From the text about Cory Monteith's death, I can see that he was a Canadian actor and musician who played Finn Hudson on Glee. However, there is no mention of his mom getting set up with Burt Hummel in any of the provided texts.

Now, let me look for another Canadian actor and musician related to Glee.

From the text about Cory Monteith's death, I can see that he was a Canadian actor and musician who played Finn Hudson on Glee. However, there is no mention of his mom getting set up with Burt Hummel in any of the provided texts.

Now, let me look for another Canadian actor and musician related to Glee.

From the text about Cory Monteith's death, I can see that he was a Canadian actor and musician who played Finn Hudson on Glee. However, there is no mention of his mom getting set up with Burt Hummel in any of the provided texts.

Now, let me look for another Canadian actor and musician related to Glee.

From the text about Cory Monteith's death, I can see that he was a Canadian actor and musician who played Finn Hudson on Glee. However, there is no mention of his mom getting set up with Burt Hummel in any of the provided texts.

Now, let me look for another Canadian actor and musician related to Glee.

From the text about Cory Monteith's death, I can see that he was a Canadian actor and musician who played Finn Hudson on Glee. However, there is no mention of his mom getting set up with Burt Hummel in any of the provided texts.

Now, let me look for another Canadian actor and musician related to Glee.

From the text about Cory Monteith's death, I can see that he was a Canadian actor and musician who played Finn Hudson on Glee. However, there is no mention of his mom getting set up with Burt Hummel in any of the provided texts.

Now, let me look for another Canadian actor and musician related to Glee.

From the text about Cory Monteith's death, I can see that he was a Canadian actor and musician who played Finn Hudson on Glee. However, there is no mention of his mom getting set up with Burt Hummel in any of the provided texts.

Now, let me look for another Canadian actor and musician related to Glee.

From the text about Cory Monteith's death, I can see that he was a Canadian actor and musician who played Finn Hudson on Glee. However, there is no mention of his mom getting set up with Burt Hummel in any of the provided texts.

Now, let me look for another Canadian actor and musician related to Glee.

From the text about Cory Monteith's death, I can see that he was a Canadian actor and musician who played Finn Hudson on Glee. However, there is no mention of his mom getting set up with Burt Hummel in any of the provided texts.

Now, let me look for another Canadian actor and musician related to Glee.

From the text about Cory Monteith's death, I can see that he was a Canadian actor and musician who played Finn Hudson on Glee. However, there is no mention of his mom getting set up with Burt Hummel in any of the provided texts.

Now, let me look for another Canadian actor and musician related to Glee.

From the text about Cory Monteith's death, I can see that he was a Canadian actor and musician who played Finn Hudson on Glee. However, there is no mention of his mom getting set up with Burt Hummel in any of the provided texts.

Now, let me look for another Canadian actor and musician related to Glee.

From the text about Cory Monteith's death, I can see that he was a Canadian actor and musician who played Finn Hudson on Glee. However, there is no mention of his mom getting set up with Burt Hummel in any of the provided texts.

Now, let me look for another Canadian actor and musician related to Glee.

From the text about Cory Monteith's death, I can see that he was a Canadian actor and musician who played Finn Hudson on Glee. However, there is no mention of his mom getting set up with Burt Hummel in any of the provided texts.

Now, let me look for another Canadian actor and musician related to Glee.

From the text about Cory Monteith's death, I can see that he was a Canadian actor and musician who played Finn Hudson on Glee. However, there is no mention of his mom getting set up with Burt Hummel in any of the provided texts.

Now, let me look for another Canadian actor and musician related to Glee.

From the text about Cory Monteith's death, I can see that he was a Canadian actor and musician who played Finn Hudson on Glee. However, there is no mention of his mom getting set up with Burt Hummel in any of the provided texts.

Now, let me look for another Canadian actor and musician related to Glee.

From the text about Cory Monteith's death, I can see that he was a Canadian actor and musician who played Finn Hudson on Glee. However, there is no mention of his mom getting set up with Burt Hummel in any of the provided texts.

Now, let me look for another Canadian actor and musician related to Glee.

From the text about Cory Monteith's death, I can see that he was a Canadian actor and musician who played Finn Hudson on Glee. However, there is no mention of his mom getting set up with Burt Hummel in any of the provided texts.

Now, let me look for another Canadian actor and musician related to Glee.

From the text about Cory Monteith's death, I can see that he was a Canadian actor and musician who played Finn Hudson on Glee. However, there is no mention of his mom getting set up with Burt Hummel in any of the provided texts.

Now, let me look for another Canadian actor and musician related to Glee.

From the text about Cory Monteith's death, I can see that he was a Canadian actor and musician who played Finn Hudson on Glee. However, there is no mention of his mom getting set up with Burt Hummel in any of the provided texts.

Now, let me look for another Canadian actor and musician related to Glee.

From the text about Cory Monteith's death, I can see that he was a Canadian actor and musician who played Finn Hudson on Glee. However, there is no mention of his mom getting set up with Burt Hummel in any of the provided texts.

Now, let me look for another Canadian actor and musician related to Glee.

From the text about Cory Monteith's death, I can see that he was a Canadian actor and musician who played Finn Hudson on Glee. However, there is no mention of his mom getting set up with Burt Hummel in any of the provided texts.

Now, let me look for another Canadian actor and musician related to Glee.

From the text about Cory Monteith's death, I can see that he was a Canadian actor and musician who played Finn Hudson on Glee. However, there is no mention of his mom getting set up with Burt Hummel in any of the provided texts.

Now, let me look for another Canadian actor and musician related to Glee.

From the text about Cory Monteith's death, I can see that he was a Canadian actor and musician who played Finn Hudson on Glee. However, there is no mention of his mom getting set up with Burt Hummel in any of the provided texts.

Now, let me look for another Canadian actor and musician related to Glee.

From the text about Cory Monteith's death, I can see that he was a Canadian actor and musician who played Finn Hudson on Glee. However, there is no mention of his mom getting set up with Burt Hummel in any of the provided texts.

Now, let me look for another Canadian actor and musician related to Glee.

From the text about Cory Monteith's death, I can see that he was a Canadian actor and musician who played Finn Hudson on Glee. However, there is no mention of his mom getting set up with Burt Hummel in any of the provided texts.

Now, let me look for another Canadian actor and musician related to Glee.

From the text about Cory Monteith's death, I can see that he was a Canadian actor and musician who played Finn Hudson on Glee. However, there is no mention of his mom getting set up with Burt Hummel in any of the provided texts.

Now, let me look for another Canadian actor and musician related to Glee.

From the text about Cory Monteith's death, I can see that he was a Canadian actor and musician who played Finn Hudson on Glee. However, there is no mention of his mom getting set up with Burt Hummel in any of the provided texts.

Now, let me look for another Canadian actor and musician related to Glee.

From the text about Cory Monteith's death, I can see that he was a Canadian actor and musician who played Finn Hudson on Glee. However, there is no mention of his mom getting set up with Burt Hummel in any of the provided texts.

Now, let me look for another Canadian actor and musician related to Glee.

From the text about Cory Monteith's death, I can see that he was a Canadian actor and musician who played Finn Hudson on Glee. However, there is no mention of his mom getting set up with Burt Hummel in any of the provided texts.

Now, let me look for another Canadian actor and musician related to Glee.

From the text about Cory Monteith's death, I can see that he was a Canadian actor and musician who played Finn Hudson on Glee. However, there is no mention of his mom getting set up with Burt Hummel in any of the provided texts.

Now, let me look for another Canadian actor and musician related to Glee.

From the text about Cory Monteith's death, I can see that he was a Canadian actor and musician who played Finn Hudson on Glee. However, there is no mention of his mom getting set up with Burt Hummel in any of the provided texts.

Now, let me look for another Canadian actor and musician related to Glee.

From the text about Cory Monteith's death, I can see that he was a Canadian actor and musician who played Finn Hudson on Glee. However, there is no mention of his mom getting set up with Burt Hummel in any of the provided texts.

Now, let me look for another Canadian actor and musician related to Glee.

From the text about Cory Monteith's death, I can see that he was a Canadian actor and musician who played Finn Hudson on Glee. However, there is no mention of his mom getting set up with Burt Hummel in any of the provided texts.

Now, let me look for another Canadian actor and musician related to Glee.

From the text about Cory Monteith's death, I can see that he was a Canadian actor and musician who played Finn Hudson on Glee. However, there is no mention of his mom getting set up with Burt Hummel in any of the provided texts.

Now, let me look for another Canadian actor and musician related to Glee.

From the text about Cory Monteith's death, I can see that he was a Canadian actor and musician who played Finn Hudson on Glee. However, there is no mention of his mom getting set up with Burt Hummel in any of the provided texts.

Now, let me look for another Canadian actor and musician related to Glee.

From the text about Cory Monteith's death, I can see that he was a Canadian actor and musician who played Finn Hudson on Glee. However, there is no mention of his mom getting set up with Burt Hummel in any of the provided texts.

Now, let me look for another Canadian actor and musician related to Glee.

From the text about Cory Monteith's death, I can see that he was a Canadian actor and musician who played Finn Hudson on Glee. However, there is no mention of his mom getting set up with Burt Hummel in any of the provided texts.

Now, let me look for another Canadian actor and musician related to Glee.

From the text about Cory Monteith's death, I can see that he was a Canadian actor and musician who played Finn Hudson on Glee. However, there is no mention of his mom getting set up with Burt Hummel in any of the provided texts.

Now, let me look for another Canadian actor and musician related to Glee.

From the text about Cory Monteith's death, I can see that he was a Canadian actor and musician who played Finn Hudson on Glee. However, there is no mention of his mom getting set up with Burt Hummel in any of the provided texts.

Now, let me look for another Canadian actor and musician related to Glee.

From the text about Cory Monteith's death, I can see that he was a Canadian actor and musician who played Finn Hudson on Glee. However, there is no mention of his mom getting set up with Burt Hummel in any of the provided texts.

Now, let me look for another Canadian actor and musician related to Glee.

From the text about Cory Monteith's death, I can see that he was a Canadian actor and musician who played Finn Hudson on Glee. However, there is no mention of his mom getting set up with Burt Hummel in any of the provided texts.

Now, let me look for another Canadian actor and musician related to Glee.

From the text about Cory Monteith's death, I can see that he was a Canadian actor and musician who played Finn Hudson on Glee. However, there is no mention of his mom getting set up with Burt Hummel in any of the provided texts.

Now, let me look for another Canadian actor and musician related to Glee.

From the text about Cory Monteith's death, I can see that he was a Canadian actor and musician who played Finn Hudson on Glee. However, there is no mention of his mom getting set up with Burt Hummel in any of the provided texts.

Now, let me look for another Canadian actor and musician related to Glee.

From the text about Cory Monteith's death, I can see that he was a Canadian actor and musician who played Finn Hudson on Glee. However, there is no mention of his mom getting set up with Burt Hummel in any of the provided texts.

Now, let me look for another Canadian actor and musician related to Glee.

From the text about Cory Monteith's death, I can see that he was a Canadian actor and musician who played Finn Hudson on Glee. However, there is no mention of his mom getting set up with Burt Hummel in any of the provided texts.

Now, let me look for another Canadian actor and musician related to Glee.

From the text about Cory Monteith's death, I can see that he was a Canadian actor and musician who played Finn Hudson on Glee. However, there is no mention of his mom getting set up with Burt Hummel in any of the provided texts.

Now, let me look for another Canadian actor and musician related to Glee.

From the text about Cory Monteith's death, I can see that he was a Canadian actor and musician who played Finn Hudson on Glee. However, there is no mention of his mom getting set up with Burt Hummel in any of the provided texts.

Now, let me look for another Canadian actor and musician related to Glee.

From the text about Cory Monteith's death, I can see that he was a Canadian actor and musician who played Finn Hudson on Glee. However, there is no mention of his mom getting set up with Burt Hummel in any of the provided texts.

Now, let me look for another Canadian actor and musician related to Glee.

From the text about Cory Monteith's death, I can see that he was a Canadian actor and musician who played Finn Hudson on Glee. However, there is no mention of his mom getting set up with Burt Hummel in any of the provided texts.

Now, let me look for another Canadian actor and musician related to Glee.

From the text about Cory Monteith's death, I can see that he was a Canadian actor and musician who played Finn Hudson on Glee. However, there is no mention of his mom getting set up with Burt Hummel in any of the provided texts.

Now, let me look for another Canadian actor and musician related to Glee.

From the text about Cory Monteith's death, I can see that he was a Canadian actor and musician who played Finn Hudson on Glee. However, there is no mention of his mom getting set up with Burt Hummel in any of the provided texts.

Now, let me look for another Canadian actor and musician related to Glee.

From the text about Cory Monteith's death, I can see that he was a Canadian actor and musician who played Finn Hudson on Glee. However, there is no mention of his mom getting set up with Burt Hummel in any of the provided texts.

Now, let me look for another Canadian actor and musician related to Glee.

From the text about Cory Monteith's death, I can see that he was a Canadian actor and musician who played Finn Hudson on Glee. However, there is no mention of his mom getting set up with Burt Hummel in any of the provided texts.

Now, let me look for another Canadian actor and musician related to Glee.

From the text about Cory Monteith's death, I can see that he was a Canadian actor and musician who played Finn Hudson on Glee. However, there is no mention of his mom getting set up with Burt Hummel in any of the provided texts.

Now, let me look for another Canadian actor and musician related to Glee.

From the text about Cory Monteith's death, I can see that he was a Canadian actor and musician who played Finn Hudson on Glee. However, there is no mention of his mom getting set up with Burt Hummel in any of the provided texts.

Now, let me look for another Canadian actor and musician related to Glee.

From the text about Cory Monteith's death, I can see that he was a Canadian actor and musician who played Finn Hudson on Glee. However, there is no mention of his mom getting set up with Burt Hummel in any of the provided texts.

Now, let me look for another Canadian actor and musician related to Glee.

From the text about Cory Monteith's death, I can see that he was a Canadian actor and musician who played Finn Hudson on Glee. However, there is no mention of his mom getting set up with Burt Hummel in any of the provided texts.

Now, let me look for another Canadian actor and musician related to Glee.

From the text about Cory Monteith's death, I can see that he was a Canadian actor and musician who played Finn Hudson on Glee. However, there is no mention of his mom getting set up with Burt Hummel in any of the provided texts.

Now, let me look for another Canadian actor and musician related to Glee.

From the text about Cory Monteith's death, I can see that he was a Canadian actor and musician who played Finn Hudson on Glee. However, there is no mention of his mom getting set up with Burt Hummel in any of the provided texts.

Now, let me look for another Canadian actor and musician related to Glee.

From the text about Cory Monteith's death, I can see that he was a Canadian actor and musician who played Finn Hudson on Glee. However, there is no mention of his mom getting set up with Burt Hummel in any of the provided texts.

Now, let me look for another Canadian actor and musician related to Glee.

From the text about Cory Monteith's death, I can see that he was a Canadian actor and musician who played Finn Hudson on Glee. However, there is no mention of his mom getting set up with Burt Hummel in any of the provided texts.

Now, let me look for another Canadian actor and musician related to Glee.

From the text about Cory Monteith's death, I can see that he was a Canadian actor and musician who played Finn Hudson on Glee. However, there is no mention of his mom getting set up with Burt Hummel in any of the provided texts.

Now, let me look for another Canadian actor and musician related to Glee.

From the text about Cory Monteith's death, I can see that he was a Canadian actor and musician who played Finn Hudson on Glee. However, there is no mention of his mom getting set up with Burt Hummel in any of the provided texts.

Now, let me look for another Canadian actor and musician related to Glee.

From the text about Cory Monteith's death, I can see that he was a Canadian actor and musician who played Finn Hudson on Glee. However, there is no mention of his mom getting set up with Burt Hummel in any of the provided texts.

Now, let me look for another Canadian actor and musician related to Glee.

From the text about Cory Monteith's death, I can see that he was a Canadian actor and musician who played Finn Hudson on Glee. However, there is no mention of his mom getting set up with Burt Hummel in any of the provided texts.

Now, let me look for another Canadian actor and musician related to Glee.

From the text about Cory Monteith's death, I can see that he was a Canadian actor and musician who played Finn Hudson on Glee. However, there is no mention of his mom getting set up with Burt Hummel in any of the provided texts.

Now, let me look for another Canadian actor and musician related to Glee.

From the text about Cory Monteith's death, I can see that he was a Canadian actor and musician who played Finn Hudson on Glee. However, there is no mention of his mom getting set up with Burt Hummel in any of the provided texts.

Now, let me look for another Canadian actor and musician related to Glee.

From the text about Cory Monteith's death, I can see that he was a Canadian actor and musician who played Finn Hudson on Glee. However, there is no mention of his mom getting set up with Burt Hummel in any of the provided texts.

Now, let me look for another Canadian actor and musician related to Glee.

From the text about Cory Monteith's death, I can see that he was a Canadian actor and musician who played Finn Hudson on Glee. However, there is no mention of his mom getting set up with Burt Hummel in any of the provided texts.

Now, let me look for another Canadian actor and musician related to Glee.

From the text about Cory Monteith's death, I can see that he was a Canadian actor and musician who played Finn Hudson on Glee. However, there is no mention of his mom getting set up with Burt Hummel in any of the provided texts.

Now, let me look for another Canadian actor and musician related to Glee.

From the text about Cory Monteith's death, I can see that he was a Canadian actor and musician who played Finn Hudson on Glee. However, there is no mention of his mom getting set up with Burt Hummel in any of the provided texts.

Now, let me look for another Canadian actor and musician related to Glee.

From the text about Cory Monteith's death, I can see that he was a Canadian actor and musician who played Finn Hudson on Glee. However, there is no mention of his mom getting set up with Burt Hummel in any of the provided texts.

Now, let me look for another Canadian actor and musician related to Glee.

From the text about Cory Monteith's death, I can see that he was a Canadian actor and musician who played Finn Hudson on Glee. However, there is no mention of his mom getting set up with Burt Hummel in any of the provided texts.

Now, let me look for another Canadian actor and musician related to Glee.

From the text about Cory Monteith's death, I can see that he was a Canadian actor and musician who played Finn Hudson on Glee. However, there is no mention of his mom getting set up with Burt Hummel in any of the provided texts.

Now, let me look for another Canadian actor and musician related to Glee.

From the text about Cory Monteith's death, I can see that he was a Canadian actor and musician who played Finn Hudson on Glee. However, there is no mention of his mom getting set up with Burt Hummel in any of the provided texts.

Now, let me look for another Canadian actor and musician related to Glee.

From the text about Cory Monteith's death, I can see that he was a Canadian actor and musician who played Finn Hudson on Glee. However, there is no mention of his mom getting set up with Burt Hummel in any of the provided texts.

Now, let me look for another Canadian actor and musician related to Glee.

From the text about Cory Monteith's death, I can see that he was a Canadian actor and musician who played Finn Hudson on Glee. However, there is no mention of his mom getting set up with Burt Hummel in any of the provided texts.

Now, let me look for another Canadian actor and musician related to Glee.

From the text about Cory Monteith's death, I can see that he was a Canadian actor and musician who played Finn Hudson on Glee. However, there is no mention of his mom getting set up with Burt Hummel in any of the provided texts.

Now, let me look for another Canadian actor and musician related to Glee.

From the text about Cory Monteith's death, I can see that he was a Canadian actor and musician who played Finn Hudson on Glee. However, there is no mention of his mom getting set up with Burt Hummel in any of the provided texts.

Now, let me look for another Canadian actor and musician related to Glee.

From the text about Cory Monteith's death, I can see that he was a Canadian actor and musician who played Finn Hudson on Glee. However, there is no mention of his mom getting set up with Burt Hummel in any of the provided texts.

Now, let me look for another Canadian actor and musician related to Glee.

From the text about Cory Monteith's death, I can see that he was a Canadian actor and musician who played Finn Hudson on Glee. However, there is no mention of his mom getting set up with Burt Hummel in any of the provided texts.

Now, let me look for another Canadian actor and musician related to Glee.

From the text about Cory Monteith's death, I can see that he was a Canadian actor and musician who played Finn Hudson on Glee. However, there is no mention of his mom getting set up with Burt Hummel in any of the provided texts.

Now, let me look for another Canadian actor and musician related to Glee.

From the text about Cory Monteith's death, I can see that he was a Canadian actor and musician who played Finn Hudson on Glee. However, there is no mention of his mom getting set up with Burt Hummel in any of the provided texts.

Now, let me look for another Canadian actor and musician related to Glee.

From the text about Cory Monteith's death, I can see that he was a Canadian actor and musician who played Finn Hudson on Glee. However, there is no mention of his mom getting set up with Burt Hummel in any of the provided texts.

Now, let me look for another Canadian actor and musician related to Glee.

From the text about Cory Monteith's death, I can see that he was a Canadian actor and musician who played Finn Hudson on Glee. However, there is no mention of his mom getting set up with Burt Hummel in any of the provided texts.

Now, let me look for another Canadian actor and musician related to Glee.

From the text about Cory Monteith's death, I can see that he was a Canadian actor and musician who played Finn Hudson on Glee. However, there is no mention of his mom getting set up with Burt Hummel in any of the provided texts.

Now, let me look for another Canadian actor and musician related to Glee.

From the text about Cory Monteith's death, I can see that he was a Canadian actor and musician who played Finn Hudson on Glee. However, there is no mention of his mom getting set up with Burt Hummel in any of the provided texts.

Now, let me look for another Canadian actor and musician related to Glee.

From the text about Cory Monteith's death, I can see that he was a Canadian actor and musician who played Finn Hudson on Glee. However, there is no mention of his mom getting set up with Burt Hummel in any of the provided texts.

Now, let me look for another Canadian actor and musician related to Glee.

From the text about Cory Monteith's death, I can see that he was a Canadian actor and musician who played Finn Hudson on Glee. However, there is no mention of his mom getting set up with Burt Hummel in any of the provided texts.

Now, let me look for another Canadian actor and musician related to Glee.

From the text about Cory Monteith's death, I can see that he was a Canadian actor and musician who played Finn Hudson on Glee. However, there is no mention of his mom getting set up with Burt Hummel in any of the provided texts.

Now, let me look for another Canadian actor and musician related to Glee.

From the text about Cory Monteith's death, I can see that he was a Canadian actor and musician who played Finn Hudson on Glee. However, there is no mention of his mom getting set up with Burt Hummel in any of the provided texts.

Now, let me look for another Canadian actor and musician related to Glee.

From the text about Cory Monteith's death, I can see that he was a Canadian actor and musician who played Finn Hudson on Glee. However, there is no mention of his mom getting set up with Burt Hummel in any of the provided texts.

Now, let me look for another Canadian actor and musician related to Glee.

From the text about Cory Monteith's death, I can see that he was a Canadian actor and musician who played Finn Hudson on Glee. However, there is no mention of his mom getting set up with Burt Hummel in any of the provided texts.

Now, let me look for another Canadian actor and musician related to Glee.

From the text about Cory Monteith's death, I can see that he was a Canadian actor and musician who played Finn Hudson on Glee. However, there is no mention of his mom getting set up with Burt Hummel in any of the provided texts.

Now, let me look for another Canadian actor and musician related to Glee.

From the text about Cory Monteith's death, I can see that he was a Canadian actor and musician who played Finn Hudson on Glee. However, there is no mention of his mom getting set up with Burt Hummel in any of the provided texts.

Now, let me look for another Canadian actor and musician related to Glee.

From the text about Cory Monteith's death, I can see that he was a Canadian actor and musician who played Finn Hudson on Glee. However, there is no mention of his mom getting set up with Burt Hummel in any of the provided texts.

Now, let me look for another Canadian actor and musician related to Glee.

From the text about Cory Monteith's death, I can see that he was a Canadian actor and musician who played Finn Hudson on Glee. However, there is no mention of his mom getting set up with Burt Hummel in any of the provided texts.

Now, let me look for another Canadian actor and musician related to Glee.

From the text about Cory Monteith's death, I can see that he was a Canadian actor and musician who played Finn Hudson on Glee. However, there is no mention of his mom getting set up with Burt Hummel in any of the provided texts.

Now, let me look for another Canadian actor and musician related to Glee.

From the text about Cory Monteith's death, I can see that he was a Canadian actor and musician who played Finn Hudson on Glee. However, there is no mention of his mom getting set up with Burt Hummel in any of the provided texts.

Now, let me look for another Canadian actor and musician related to Glee.

From the text about Cory Monteith's death, I can see that he was a Canadian actor and musician who played Finn Hudson on Glee. However, there is no mention of his mom getting set up with Burt Hummel in any of the provided texts.

Now, let me look for another Canadian actor and musician related to Glee.

From the text about Cory Monteith's death, I can see that he was a Canadian actor and musician who played Finn Hudson on Glee. However, there is no mention of his mom getting set up with Burt Hummel in any of the provided texts.

Now, let me look for another Canadian actor and musician related to Glee.

From the text about Cory Monteith's death, I can see that he was a Canadian actor and musician who played Finn Hudson on Glee. However, there is no mention of his mom getting set up with Burt Hummel in any of the provided texts.

Now, let me look for another Canadian actor and musician related to Glee.

From the text about Cory Monteith's death, I can see that he was a Canadian actor and musician who played Finn Hudson on Glee. However, there is no mention of his mom getting set up with Burt Hummel in any of the provided texts.

Now, let me look for another Canadian actor and musician related to Glee.

From the text about Cory Monteith's death, I can see that he was a Canadian actor and musician who played Finn Hudson on Glee. However, there is no mention of his mom getting set up with Burt Hummel in any of the provided texts.

Now, let me look for another Canadian actor and musician related to Glee.

From the text about Cory Monteith's death, I can see that he was a Canadian actor and musician who played Finn Hudson on Glee. However, there is no mention of his mom getting set up with Burt Hummel in any of the provided texts.

Now, let me look for another Canadian actor and musician related to Glee.

From the text about Cory Monteith's death, I can see that he was a Canadian actor and musician who played Finn Hudson on Glee. However, there is no mention of his mom getting set up with Burt Hummel in any of the provided texts.

Now, let me look for another Canadian actor and musician related to Glee.

From the text about Cory Monteith's death, I can see that he was a Canadian actor and musician who played Finn Hudson on Glee. However, there is no mention of his mom getting set up with Burt Hummel in any of the provided texts.

Now, let me look for another Canadian actor and musician related to Glee.

From the text about Cory Monteith's death, I can see that he was a Canadian actor and musician who played Finn Hudson on Glee. However, there is no mention of his mom getting set up with Burt Hummel in any of the provided texts.

Now, let me look for another Canadian actor and musician related to Glee.

From the text about Cory Monteith's death, I can see that he was a Canadian actor and musician who played Finn Hudson on Glee. However, there is no mention of his mom getting set up with Burt Hummel in any of the provided texts.

Now, let me look for another Canadian actor and musician related to Glee.

From the text about Cory Monteith's death, I can see that he was a Canadian actor and musician who played Finn Hudson on Glee. However, there is no mention of his mom getting set up with Burt Hummel in any of the provided texts.

Now, let me look for another Canadian actor and musician related to Glee.

From the text about Cory Monteith's death, I can see that he was a Canadian actor and musician who played Finn Hudson on Glee. However, there is no mention of his mom getting set up with Burt Hummel in any of the provided texts.

Now, let me look for another Canadian actor and musician related to Glee.

From the text about Cory Monteith's death, I can see that he was a Canadian actor and musician who played Finn Hudson on Glee. However, there is no mention of his mom getting set up with Burt Hummel in any of the provided texts.

Now, let me look for another Canadian actor and musician related to Glee.

From the text about Cory Monteith's death, I can see that he was a Canadian actor and musician who played Finn Hudson on Glee. However, there is no mention of his mom getting set up with Burt Hummel in any of the provided texts.

Now, let me look for another Canadian actor and musician related to Glee.

From the text about Cory Monteith's death, I can see that he was a Canadian actor and musician who played Finn Hudson on Glee. However, there is no mention of his mom getting set up with Burt Hummel in any of the provided texts.

Now, let me look for another Canadian actor and musician related to Glee.

From the text about Cory Monteith's death, I can see that he was a Canadian actor and musician who played Finn Hudson on Glee. However, there is no mention of his mom getting set up with Burt Hummel in any of the provided texts.

Now, let me look for another Canadian actor and musician related to Glee.

From the text about Cory Monteith's death, I can see that he was a Canadian actor and musician who played Finn Hudson on Glee. However, there is no mention of his mom getting set up with Burt Hummel in any of the provided texts.

Now, let me look for another Canadian actor and musician related to Glee.

From the text about Cory Monteith's death, I can see that he was a Canadian actor and musician who played Finn Hudson on Glee. However, there is no mention of his mom getting set up with Burt Hummel in any of the provided texts.

Now, let me look for another Canadian actor and musician related to Glee.

From the text about Cory Monteith's death, I can see that he was a Canadian actor and musician who played Finn Hudson on Glee. However, there is no mention of his mom getting set up with Burt Hummel in any of the provided texts.

Now, let me look for another Canadian actor and musician related to Glee.

From the text about Cory Monteith's death, I can see that he was a Canadian actor and musician who played Finn Hudson on Glee. However, there is no mention of his mom getting set up with Burt Hummel in any of the provided texts.

Now, let me look for another Canadian actor and musician related to Glee.

From the text about Cory Monteith's death, I can see that he was a Canadian actor and musician who played Finn Hudson on Glee. However, there is no mention of his mom getting set up with Burt Hummel in any of the provided texts.

Now, let me look for another Canadian actor and musician related to Glee.

From the text about Cory Monteith's death, I can see that he was a Canadian actor and musician who played Finn Hudson on Glee. However, there is no mention of his mom getting set up with Burt Hummel in any of the provided texts.

Now, let me look for another Canadian actor and musician related to Glee.

From the text about Cory Monteith's death, I can see that he was a Canadian actor and musician who played Finn Hudson on Glee. However, there is no mention of his mom getting set up with Burt Hummel in any of the provided texts.

Now, let me look for another Canadian actor and musician related to Glee.

From the text about Cory Monteith's death, I can see that he was a Canadian actor and musician who played Finn Hudson on Glee. However, there is no mention of his mom getting set up with Burt Hummel in any of the provided texts.

Now, let me look for another Canadian actor and musician related to Glee.

From the text about Cory Monteith's death, I can see that he was a Canadian actor and musician who played Finn Hudson on Glee. However, there is no mention of his mom getting set up with Burt Hummel in any of the provided texts.

Now, let me look for another Canadian actor and musician related to Glee.

From the text about Cory Monteith's death, I can see that he was a Canadian actor and musician who played Finn Hudson on Glee. However, there is no mention of his mom getting set up with Burt Hummel in any of the provided texts.

Now, let me look for another Canadian actor and musician related to Glee.

From the text about Cory Monteith's death, I can see that he was a Canadian actor and musician who played Finn Hudson on Glee. However, there is no mention of his mom getting set up with Burt Hummel in any of the provided texts.

Now, let me look for another Canadian actor and musician related to Glee.

From the text about Cory Monteith's death, I can see that he was a Canadian actor and musician who played Finn Hudson on Glee. However, there is no mention of his mom getting set up with Burt Hummel in any of the provided texts.

Now, let me look for another Canadian actor and musician related to Glee.

From the text about Cory Monteith's death, I can see that he was a Canadian actor and musician who played Finn Hudson on Glee. However, there is no mention of his mom getting set up with Burt Hummel in any of the provided texts.

Now, let me look for another Canadian actor and musician related to Glee.

From the text about Cory Monteith's death, I can see that he was a Canadian actor and musician who played Finn Hudson on Glee. However, there is no mention of his mom getting set up with Burt Hummel in any of the provided texts.

Now, let me look for another Canadian actor and musician related to Glee.

From the text about Cory Monteith's death, I can see that he was a Canadian actor and musician who played Finn Hudson on Glee. However, there is no mention of his mom getting set up with Burt Hummel in any of the provided texts.

Now, let me look for another Canadian actor and musician related to Glee.

From the text about Cory Monteith's death, I can see that he was a Canadian actor and musician who played Finn Hudson on Glee. However, there is no mention of his mom getting set up with Burt Hummel in any of the provided texts.

Now, let me look for another Canadian actor and musician related to Glee.

From the text about Cory Monteith's death, I can see that he was a Canadian actor and musician who played Finn Hudson on Glee. However, there is no mention of his mom getting set up with Burt Hummel in any of the provided texts.

Now, let me look for another Canadian actor and musician related to Glee.

From the text about Cory Monteith's death, I can see that he was a Canadian actor and musician who played Finn Hudson on Glee. However, there is no mention of his mom getting set up with Burt Hummel in any of the provided texts.

Now, let me look for another Canadian actor and musician related to Glee.

From the text about Cory Monteith's death, I can see that he was a Canadian actor and musician who played Finn Hudson on Glee. However, there is no mention of his mom getting set up with Burt Hummel in any of the provided texts.

Now, let me look for another Canadian actor and musician related to Glee.

From the text about Cory Monteith's death, I can see that he was a Canadian actor and musician who played Finn Hudson on Glee. However, there is no mention of his mom getting set up with Burt Hummel in any of the provided texts.

Now, let me look for another Canadian actor and musician related to Glee.

From the text about Cory Monteith's death, I can see that he was a Canadian actor and musician who played Finn Hudson on Glee. However, there is no mention of his mom getting set up with Burt Hummel in any of the provided texts.

Now, let me look for another Canadian actor and musician related to Glee.

From the text about Cory Monteith's death, I can see that he was a Canadian actor and musician who played Finn Hudson on Glee. However, there is no mention of his mom getting set up with Burt Hummel in any of the provided texts.

Now, let me look for another Canadian actor and musician related to Glee.

From the text about Cory Monteith's death, I can see that he was a Canadian actor and musician who played Finn Hudson on Glee. However, there is no mention of his mom getting set up with Burt Hummel in any of the provided texts.

Now, let me look for another Canadian actor and musician related to Glee.

From the text about Cory Monteith's death, I can see that he was a Canadian actor and musician who played Finn Hudson on Glee. However, there is no mention of his mom getting set up with Burt Hummel in any of the provided texts.

Now, let me look for another Canadian actor and musician related to Glee.

From the text about Cory Monteith's death, I can see that he was a Canadian actor and musician who played Finn Hudson on Glee. However, there is no mention of his mom getting set up with Burt Hummel in any of the provided texts.

Now, let me look for another Canadian actor and musician related to Glee.

From the text about Cory Monteith's death, I can see that he was a Canadian actor and musician who played Finn Hudson on Glee. However, there is no mention of his mom getting set up with Burt Hummel in any of the provided texts.

Now, let me look for another Canadian actor and musician related to Glee.

From the text about Cory Monteith's death, I can see that he was a Canadian actor and musician who played Finn Hudson on Glee. However, there is no mention of his mom getting set up with Burt Hummel in any of the provided texts.

Now, let me look for another Canadian actor and musician related to Glee.

From the text about Cory Monteith's death, I can see that he was a Canadian actor and musician who played Finn Hudson on Glee. However, there is no mention of his mom getting set up with Burt Hummel in any of the provided texts.

Now, let me look for another Canadian actor and musician related to Glee.

From the text about Cory Monteith's death, I can see that he was a Canadian actor and musician who played Finn Hudson on Glee. However, there is no mention of his mom getting set up with Burt Hummel in any of the provided texts.

Now, let me look for another Canadian actor and musician related to Glee.

From the text about Cory Monteith's death, I can see that he was a Canadian actor and musician who played Finn Hudson on Glee. However, there is no mention of his mom getting set up with Burt Hummel in any of the provided texts.

Now, let me look for another Canadian actor and musician related to Glee.

From the text about Cory Monteith's death, I can see that he was a Canadian actor and musician who played Finn Hudson on Glee. However, there is no mention of his mom getting set up with Burt Hummel in any of the provided texts.

Now, let me look for another Canadian actor and musician related to Glee.

From the text about Cory Monteith's death, I can see that he was a Canadian actor and musician who played Finn Hudson on Glee. However, there is no mention of his mom getting set up with Burt Hummel in any of the provided texts.

Now, let me look for another Canadian actor and musician related to Glee.

From the text about Cory Monteith's death, I can see that he was a Canadian actor and musician who played Finn Hudson on Glee. However, there is no mention of his mom getting set up with Burt Hummel in any of the provided texts.

Now, let me look for another Canadian actor and musician related to Glee.

From the text about Cory Monteith's death, I can see that he was a Canadian actor and musician who played Finn Hudson on Glee. However, there is no mention of his mom getting set up with Burt Hummel in any of the provided texts.

Now, let me look for another Canadian actor and musician related to Glee.

From the text about Cory Monteith's death, I can see that he was a Canadian actor and musician who played Finn Hudson on Glee. However, there is no mention of his mom getting set up with Burt Hummel in any of the provided texts.

Now, let me look for another Canadian actor and musician related to Glee.

From the text about Cory Monteith's death, I can see that he was a Canadian actor and musician who played Finn Hudson on Glee. However, there is no mention of his mom getting set up with Burt Hummel in any of the provided texts.

Now, let me look for another Canadian actor and musician related to Glee.

From the text about Cory Monteith's death, I can see that he was a Canadian actor and musician who played Finn Hudson on Glee. However, there is no mention of his mom getting set up with Burt Hummel in any of the provided texts.

Now, let me look for another Canadian actor and musician related to Glee.

From the text about Cory Monteith's death, I can see that he was a Canadian actor and musician who played Finn Hudson on Glee. However, there is no mention of his mom getting set up with Burt Hummel in any of the provided texts.

Now, let me look for another Canadian actor and musician related to Glee.

From the text about Cory Monteith's death, I can see that he was a Canadian actor and musician who played Finn Hudson on Glee. However, there is no mention of his mom getting set up with Burt Hummel in any of the provided texts.

Now, let me look for another Canadian actor and musician related to Glee.

From the text about Cory Monteith's death, I can see that he was a Canadian actor and musician who played Finn Hudson on Glee. However, there is no mention of his mom getting set up with Burt Hummel in any of the provided texts.

Now, let me look for another Canadian actor and musician related to Glee.

From the text about Cory Monteith's death, I can see that he was a Canadian actor and musician who played Finn Hudson on Glee. However, there is no mention of his mom getting set up with Burt Hummel in any of the provided texts.

Now, let me look for another Canadian actor and musician related to Glee.

From the text about Cory Monteith's death, I can see that he was a Canadian actor and musician who played Finn Hudson on Glee. However, there is no mention of his mom getting set up with Burt Hummel in any of the provided texts.

Now, let me look for another Canadian actor and musician related to Glee.

From the text about Cory Monteith's death, I can see that he was a Canadian actor and musician who played Finn Hudson on Glee. However, there is no mention of his mom getting set up with Burt Hummel in any of the provided texts.

Now, let me look for another Canadian actor and musician related to Glee.

From the text about Cory Monteith's death, I can see that he was a Canadian actor and musician who played Finn Hudson on Glee. However, there is no mention of his mom getting set up with Burt Hummel in any of the provided texts.

Now, let me look for another Canadian actor and musician related to Glee.

From the text about Cory Monteith's death, I can see that he was a Canadian actor and musician who played Finn Hudson on Glee. However, there is no mention of his mom getting set up with Burt Hummel in any of the provided texts.

Now, let me look for another Canadian actor and musician related to Glee.

From the text about Cory Monteith's death, I can see that he was a Canadian actor and musician who played Finn Hudson on Glee. However, there is no mention of his mom getting set up with Burt Hummel in any of the provided texts.

Now, let me look for another Canadian actor and musician related to Glee.

From the text about Cory Monteith's death, I can see that he was a Canadian actor and musician who played Finn Hudson on Glee. However, there is no mention of his mom getting set up with Burt Hummel in any of the provided texts.

Now, let me look for another Canadian actor and musician related to Glee.

From the text about Cory Monteith's death, I can see that he was a Canadian actor and musician who played Finn Hudson on Glee. However, there is no mention of his mom getting set up with Burt Hummel in any of the provided texts.

Now, let me look for another Canadian actor and musician related to Glee.

From the text about Cory Monteith's death, I can see that he was a Canadian actor and musician who played Finn Hudson on Glee. However, there is no mention of his mom getting set up with Burt Hummel in any of the provided texts.

Now, let me look for another Canadian actor and musician related to Glee.

From the text about Cory Monteith's death, I can see that he was a Canadian actor and musician who played Finn Hudson on Glee. However, there is no mention of his mom getting set up with Burt Hummel in any of the provided texts.

Now, let me look for another Canadian actor and musician related to Glee.

From the text about Cory Monteith's death, I can see that he was a Canadian actor and musician who played Finn Hudson on Glee. However, there is no mention of his mom getting set up with Burt Hummel in any of the provided texts.

Now, let me look for another Canadian actor and musician related to Glee.

From the text about Cory Monteith's death, I can see that he was a Canadian actor and musician who played Finn Hudson on Glee. However, there is no mention of his mom getting set up with Burt Hummel in any of the provided texts.

Now, let me look for another Canadian actor and musician related to Glee.

From the text about Cory Monteith's death, I can see that he was a Canadian actor and musician who played Finn Hudson on Glee. However, there is no mention of his mom getting set up with Burt Hummel in any of the provided texts.

Now, let me look for another Canadian actor and musician related to Glee.

From the text about Cory Monteith's death, I can see that he was a Canadian actor and musician who played Finn Hudson on Glee. However, there is no mention of his mom getting set up with Burt Hummel in any of the provided texts.

Now, let me look for another Canadian actor and musician related to Glee.

From the text about Cory Monteith's death, I can see that he was a Canadian actor and musician who played Finn Hudson on Glee. However, there is no mention of his mom getting set up with Burt Hummel in any of the provided texts.

Now, let me look for another Canadian actor and musician related to Glee.

From the text about Cory Monteith's death, I can see that he was a Canadian actor and musician who played Finn Hudson on Glee. However, there is no mention of his mom getting set up with Burt Hummel in any of the provided texts.

Now, let me look for another Canadian actor and musician related to Glee.

From the text about Cory Monteith's death, I can see that he was a Canadian actor and musician who played Finn Hudson on Glee. However, there is no mention of his mom getting set up with Burt Hummel in any of the provided texts.

Now, let me look for another Canadian actor and musician related to Glee.

From the text about Cory Monteith's death, I can see that he was a Canadian actor and musician who played Finn Hudson on Glee. However, there is no mention of his mom getting set up with Burt Hummel in any of the provided texts.

Now, let me look for another Canadian actor and musician related to Glee.

From the text about Cory Monteith's death, I can see that he was a Canadian actor and musician who played Finn Hudson on Glee. However, there is no mention of his mom getting set up with Burt Hummel in any of the provided texts.

Now, let me look for another Canadian actor and musician related to Glee.

From the text about Cory Monteith's death, I can see that he was a Canadian actor and musician who played Finn Hudson on Glee. However, there is no mention of his mom getting set up with Burt Hummel in any of the provided texts.

Now, let me look for another Canadian actor and musician related to Glee.

From the text about Cory Monteith's death, I can see that he was a Canadian actor and musician who played Finn Hudson on Glee. However, there is no mention of his mom getting set up with Burt Hummel in any of the provided texts.

Now, let me look for another Canadian actor and musician related to Glee.

From the text about Cory Monteith's death, I can see that he was a Canadian actor and musician who played Finn Hudson on Glee. However, there is no mention of his mom getting set up with Burt Hummel in any of the provided texts.

Now, let me look for another Canadian actor and musician related to Glee.

From the text about Cory Monteith's death, I can see that he was a Canadian actor and musician who played Finn Hudson on Glee. However, there is no mention of his mom getting set up with Burt Hummel in any of the provided texts.

Now, let me look for another Canadian actor and musician related to Glee.

From the text about Cory Monteith's death, I can see that he was a Canadian actor and musician who played Finn Hudson on Glee. However, there is no mention of his mom getting set up with Burt Hummel in any of the provided texts.

Now, let me look for another Canadian actor and musician related to Glee.

From the text about Cory Monteith's death, I can see that he was a Canadian actor and musician who played Finn Hudson on Glee. However, there is no mention of his mom getting set up with Burt Hummel in any of the provided texts.

Now, let me look for another Canadian actor and musician related to Glee.

From the text about Cory Monteith's death, I can see that he was a Canadian actor and musician who played Finn Hudson on Glee. However, there is no mention of his mom getting set up with Burt Hummel in any of the provided texts.

Now, let me look for another Canadian actor and musician related to Glee.

From the text about Cory Monteith's death, I can see that he was a Canadian actor and musician who played Finn Hudson on Glee. However, there is no mention of his mom getting set up with Burt Hummel in any of the provided texts.

Now, let me look for another Canadian actor and musician related to Glee.

From the text about Cory Monteith's death, I can see that he was a Canadian actor and musician who played Finn Hudson on Glee. However, there is no mention of his mom getting set up with Burt Hummel in any of the provided texts.

Now, let me look for another Canadian actor and musician related to Glee.

From the text about Cory Monteith's death, I can see that he was a Canadian actor and musician who played Finn Hudson on Glee. However, there is no mention of his mom getting set up with Burt Hummel in any of the provided texts.

Now, let me look for another Canadian actor and musician related to Glee.

From the text about Cory Monteith's death, I can see that he was a Canadian actor and musician who played Finn Hudson on Glee. However, there is no mention of his mom getting set up with Burt Hummel in any of the provided texts.

Now, let me look for another Canadian actor and musician related to Glee.

From the text about Cory Monteith's death, I can see that he was a Canadian actor and musician who played Finn Hudson on Glee. However, there is no mention of his mom getting set up with Burt Hummel in any of the provided texts.

Now, let me look for another Canadian actor and musician related to Glee.

From the text about Cory Monteith's death, I can see that he was a Canadian actor and musician who played Finn Hudson on Glee. However, there is no mention of his mom getting set up with Burt Hummel in any of the provided texts.

Now, let me look for another Canadian actor and musician related to Glee.

From the text about Cory Monteith's death, I can see that he was a Canadian actor and musician who played Finn Hudson on Glee. However, there is no mention of his mom getting set up with Burt Hummel in any of the provided texts.

Now, let me look for another Canadian actor and musician related to Glee.

From the text about Cory Monteith's death, I can see that he was a Canadian actor and musician who played Finn Hudson on Glee. However, there is no mention of his mom getting set up with Burt Hummel in any of the provided texts.

Now, let me look for another Canadian actor and musician related to Glee.

From the text about Cory Monteith's death, I can see that he was a Canadian actor and musician who played Finn Hudson on Glee. However, there is no mention of his mom getting set up with Burt Hummel in any of the provided texts.

Now, let me look for another Canadian actor and musician related to Glee.

From the text about Cory Monteith's death, I can see that he was a Canadian actor and musician who played Finn Hudson on Glee. However, there is no mention of his mom getting set up with Burt Hummel in any of the provided texts.

Now, let me look for another Canadian actor and musician related to Glee.

From the text about Cory Monteith's death, I can see that he was a Canadian actor and musician who played Finn Hudson on Glee. However, there is no mention of his mom getting set up with Burt Hummel in any of the provided texts.

Now, let me look for another Canadian actor and musician related to Glee.

From the text about Cory Monteith's death, I can see that he was a Canadian actor and musician who played Finn Hudson on Glee. However, there is no mention of his mom getting set up with Burt Hummel in any of the provided texts.

Now, let me look for another Canadian actor and musician related to Glee.

From the text about Cory Monteith's death, I can see that he was a Canadian actor and musician who played Finn Hudson on Glee. However, there is no mention of his mom getting set up with Burt Hummel in any of the provided texts.

Now, let me look for another Canadian actor and musician related to Glee.

From the text about Cory Monteith's death, I can see that he was a Canadian actor and musician who played Finn Hudson on Glee. However, there is no mention of his mom getting set up with Burt Hummel in any of the provided texts.

Now, let me look for another Canadian actor and musician related to Glee.

From the text about Cory Monteith's death, I can see that he was a Canadian actor and musician who played Finn Hudson on Glee. However, there is no mention of his mom getting set up with Burt Hummel in any of the provided texts.

Now, let me look for another Canadian actor and musician related to Glee.

From the text about Cory Monteith's death, I can see that he was a Canadian actor and musician who played Finn Hudson on Glee. However, there is no mention of his mom getting set up with Burt Hummel in any of the provided texts.

Now, let me look for another Canadian actor and musician related to Glee.

From the text about Cory Monteith's death, I can see that he was a Canadian actor and musician who played Finn Hudson on Glee. However, there is no mention of his mom getting set up with Burt Hummel in any of the provided texts.

Now, let me look for another Canadian actor and musician related to Glee.

From the text about Cory Monteith's death, I can see that he was a Canadian actor and musician who played Finn Hudson on Glee. However, there is no mention of his mom getting set up with Burt Hummel in any of the provided texts.

Now, let me look for another Canadian actor and musician related to Glee.

From the text about Cory Monteith's death, I can see that he was a Canadian actor and musician who played Finn Hudson on Glee. However, there is no mention of his mom getting set up with Burt Hummel in any of the provided texts.

Now, let me look for another Canadian actor and musician related to Glee.

From the text about Cory Monteith's death, I can see that he was a Canadian actor and musician who played Finn Hudson on Glee. However, there is no mention of his mom getting set up with Burt Hummel in any of the provided texts.

Now, let me look for another Canadian actor and musician related to Glee.

From the text about Cory Monteith's death, I can see that he was a Canadian actor and musician who played Finn Hudson on Glee. However, there is no mention of his mom getting set up with Burt Hummel in any of the provided texts.

Now, let me look for another Canadian actor and musician related to Glee.

From the text about Cory Monteith's death, I can see that he was a Canadian actor and musician who played Finn Hudson on Glee. However, there is no mention of his mom getting set up with Burt Hummel in any of the provided texts.

Now, let me look for another Canadian actor and musician related to Glee.

From the text about Cory Monteith's death, I can see that he was a Canadian actor and musician who played Finn Hudson on Glee. However, there is no mention of his mom getting set up with Burt Hummel in any of the provided texts.

Now, let me look for another Canadian actor and musician related to Glee.

From the text about Cory Monteith's death, I can see that he was a Canadian actor and musician who played Finn Hudson on Glee. However, there is no mention of his mom getting set up with Burt Hummel in any of the provided texts.

Now, let me look for another Canadian actor and musician related to Glee.

From the text about Cory Monteith's death, I can see that he was a Canadian actor and musician who played Finn Hudson on Glee. However, there is no mention of his mom getting set up with Burt Hummel in any of the provided texts.

Now, let me look for another Canadian actor and musician related to Glee.

From the text about Cory Monteith's death, I can see that he was a Canadian actor and musician who played Finn Hudson on Glee. However, there is no mention of his mom getting set up with Burt Hummel in any of the provided texts.

Now, let me look for another Canadian actor and musician related to Glee.

From the text about Cory Monteith's death, I can see that he was a Canadian actor and musician who played Finn Hudson on Glee. However, there is no mention of his mom getting set up with Burt Hummel in any of the provided texts.

Now, let me look for another Canadian actor and musician related to Glee.

From the text about Cory Monteith's death, I can see that he was a Canadian actor and musician who played Finn Hudson on Glee. However, there is no mention of his mom getting set up with Burt Hummel in any of the provided texts.

Now, let me look for another Canadian actor and musician related to Glee.

From the text about Cory Monteith's death, I can see that he was a Canadian actor and musician who played Finn Hudson on Glee. However, there is no mention of his mom getting set up with Burt Hummel in any of the provided texts.

Now, let me look for another Canadian actor and musician related to Glee.

From the text about Cory Monteith's death, I can see that he was a Canadian actor and musician who played Finn Hudson on Glee. However, there is no mention of his mom getting set up with Burt Hummel in any of the provided texts.

Now, let me look for another Canadian actor and musician related to Glee.

From the text about Cory Monteith's death, I can see that he was a Canadian actor and musician who played Finn Hudson on Glee. However, there is no mention of his mom getting set up with Burt Hummel in any of the provided texts.

Now, let me look for another Canadian actor and musician related to Glee.

From the text about Cory Monteith's death, I can see that he was a Canadian actor and musician who played Finn Hudson on Glee. However, there is no mention of his mom getting set up with Burt Hummel in any of the provided texts.

Now, let me look for another Canadian actor and musician related to Glee.

From the text about Cory Monteith's death, I can see that he was a Canadian actor and musician who played Finn Hudson on Glee. However, there is no mention of his mom getting set up with Burt Hummel in any of the provided texts.

Now, let me look for another Canadian actor and musician related to Glee.

From the text about Cory Monteith's death, I can see that he was a Canadian actor and musician who played Finn Hudson on Glee. However, there is no mention of his mom getting set up with Burt Hummel in any of the provided texts.

Now, let me look for another Canadian actor and musician related to Glee.

From the text about Cory Monteith's death, I can see that he was a Canadian actor and musician who played Finn Hudson on Glee. However, there is no mention of his mom getting set up with Burt Hummel in any of the provided texts.

Now, let me look for another Canadian actor and musician related to Glee.

From the text about Cory Monteith's death, I can see that he was a Canadian actor and musician who played Finn Hudson on Glee. However, there is no mention of his mom getting set up with Burt Hummel in any of the provided texts.

Now, let me look for another Canadian actor and musician related to Glee.

From the text about Cory Monteith's death, I can see that he was a Canadian actor and musician who played Finn Hudson on Glee. However, there is no mention of his mom getting set up with Burt Hummel in any of the provided texts.

Now, let me look for another Canadian actor and musician related to Glee.

From the text about Cory Monteith's death, I can see that he was a Canadian actor and musician who played Finn Hudson on Glee. However, there is no mention of his mom getting set up with Burt Hummel in any of the provided texts.

Now, let me look for another Canadian actor and musician related to Glee.

From the text about Cory Monteith's death, I can see that he was a Canadian actor and musician who played Finn Hudson on Glee. However, there is no mention of his mom getting set up with Burt Hummel in any of the provided texts.

Now, let me look for another Canadian actor and musician related to Glee.

From the text about Cory Monteith's death, I can see that he was a Canadian actor and musician who played Finn Hudson on Glee. However, there is no mention of his mom getting set up with Burt Hummel in any of the provided texts.

Now, let me look for another Canadian actor and musician related to Glee.

From the text about Cory Monteith's death, I can see that he was a Canadian actor and musician who played Finn Hudson on Glee. However, there is no mention of his mom getting set up with Burt Hummel in any of the provided texts.

Now, let me look for another Canadian actor and musician related to Glee.

From the text about Cory Monteith's death, I can see that he was a Canadian actor and musician who played Finn Hudson on Glee. However, there is no mention of his mom getting set up with Burt Hummel in any of the provided texts.

Now, let me look for another Canadian actor and musician related to Glee.

From the text about Cory Monteith's death, I can see that he was a Canadian actor and musician who played Finn Hudson on Glee. However, there is no mention of his mom getting set up with Burt Hummel in any of the provided texts.

Now, let me look for another Canadian actor and musician related to Glee.

From the text about Cory Monteith's death, I can see that he was a Canadian actor and musician who played Finn Hudson on Glee. However, there is no mention of his mom getting set up with Burt Hummel in any of the provided texts.

Now, let me look for another Canadian actor and musician related to Glee.

From the text about Cory Monteith's death, I can see that he was a Canadian actor and musician who played Finn Hudson on Glee. However, there is no mention of his mom getting set up with Burt Hummel in any of the provided texts.

Now, let me look for another Canadian actor and musician related to Glee.

From the text about Cory Monteith's death, I can see that he was a Canadian actor and musician who played Finn Hudson on Glee. However, there is no mention of his mom getting set up with Burt Hummel in any of the provided texts.

Now, let me look for another Canadian actor and musician related to Glee.

From the text about Cory Monteith's death, I can see that he was a Canadian actor and musician who played Finn Hudson on Glee. However, there is no mention of his mom getting set up with Burt Hummel in any of the provided texts.

Now, let me look for another Canadian actor and musician related to Glee.

From the text about Cory Monteith's death, I can see that he was a Canadian actor and musician who played Finn Hudson on Glee. However, there is no mention of his mom getting set up with Burt Hummel in any of the provided texts.

Now, let me look for another Canadian actor and musician related to Glee.

From the text about Cory Monteith's death, I can see that he was a Canadian actor and musician who played Finn Hudson on Glee. However, there is no mention of his mom getting set up with Burt Hummel in any of the provided texts.

Now, let me look for another Canadian actor and musician related to Glee.

From the text about Cory Monteith's death, I can see that he was a Canadian actor and musician who played Finn Hudson on Glee. However, there is no mention of his mom getting set up with Burt Hummel in any of the provided texts.

Now, let me look for another Canadian actor and musician related to Glee.

From the text about Cory Monteith's death, I can see that he was a Canadian actor and musician who played Finn Hudson on Glee. However, there is no mention of his mom getting set up with Burt Hummel in any of the provided texts.

Now, let me look for another Canadian actor and musician related to Glee.

From the text about Cory Monteith's death, I can see that he was a Canadian actor and musician who played Finn Hudson on Glee. However, there is no mention of his mom getting set up with Burt Hummel in any of the provided texts.

Now, let me look for another Canadian actor and musician related to Glee.

From the text about Cory Monteith's death, I can see that he was a Canadian actor and musician who played Finn Hudson on Glee. However, there is no mention of his mom getting set up with Burt Hummel in any of the provided texts.

Now, let me look for another Canadian actor and musician related to Glee.

From the text about Cory Monteith's death, I can see that he was a Canadian actor and musician who played Finn Hudson on Glee. However, there is no mention of his mom getting set up with Burt Hummel in any of the provided texts.

Now, let me look for another Canadian actor and musician related to Glee.

From the text about Cory Monteith's death, I can see that he was a Canadian actor and musician who played Finn Hudson on Glee. However, there is no mention of his mom getting set up with Burt Hummel in any of the provided texts.

Now, let me look for another Canadian actor and musician related to Glee.

From the text about Cory Monteith's death, I can see that he was a Canadian actor and musician who played Finn Hudson on Glee. However, there is no mention of his mom getting set up with Burt Hummel in any of the provided texts.

Now, let me look for another Canadian actor and musician related to Glee.

From the text about Cory Monteith's death, I can see that he was a Canadian actor and musician who played Finn Hudson on Glee. However, there is no mention of his mom getting set up with Burt Hummel in any of the provided texts.

Now, let me look for another Canadian actor and musician related to Glee.

From the text about Cory Monteith's death, I can see that he was a Canadian actor and musician who played Finn Hudson on Glee. However, there is no mention of his mom getting set up with Burt Hummel in any of the provided texts.

Now, let me look for another Canadian actor and musician related to Glee.

From the text about Cory Monteith's death, I can see that he was a Canadian actor and musician who played Finn Hudson on Glee. However, there is no mention of his mom getting set up with Burt Hummel in any of the provided texts.

Now, let me look for another Canadian actor and musician related to Glee.

From the text about Cory Monteith's death, I can see that he was a Canadian actor and musician who played Finn Hudson on Glee. However, there is no mention of his mom getting set up with Burt Hummel in any of the provided texts.

Now, let me look for another Canadian actor and musician related to Glee.

From the text about Cory Monteith's death, I can see that he was a Canadian actor and musician who played Finn Hudson on Glee. However, there is no mention of his mom getting set up with Burt Hummel in any of the provided texts.

Now, let me look for another Canadian actor and musician related to Glee.

From the text about Cory Monteith's death, I can see that he was a Canadian actor and musician who played Finn Hudson on Glee. However, there is no mention of his mom getting set up with Burt Hummel in any of the provided texts.

Now, let me look for another Canadian actor and musician related to Glee.

From the text about Cory Monteith's death, I can see that he was a Canadian actor and musician who played Finn Hudson on Glee. However, there is no mention of his mom getting set up with Burt Hummel in any of the provided texts.

Now, let me look for another Canadian actor and musician related to Glee.

From the text about Cory Monteith's death, I can see that he was a Canadian actor and musician who played Finn Hudson on Glee. However, there is no mention of his mom getting set up with Burt Hummel in any of the provided texts.

Now, let me look for another Canadian actor and musician related to Glee.

From the text about Cory Monteith's death, I can see that he was a Canadian actor and musician who played Finn Hudson on Glee. However, there is no mention of his mom getting set up with Burt Hummel in any of the provided texts.

Now, let me look for another Canadian actor and musician related to Glee.

From the text about Cory Monteith's death, I can see that he was a Canadian actor and musician who played Finn Hudson on Glee. However, there is no mention of his mom getting set up with Burt Hummel in any of the provided texts.

Now, let me look for another Canadian actor and musician related to Glee.

From the text about Cory Monteith's death, I can see that he was a Canadian actor and musician who played Finn Hudson on Glee. However, there is no mention of his mom getting set up with Burt Hummel in any of the provided texts.

Now, let me look for another Canadian actor and musician related to Glee.

From the text about Cory Monteith's death, I can see that he was a Canadian actor and musician who played Finn Hudson on Glee. However, there is no mention of his mom getting set up with Burt Hummel in any of the provided texts.

Now, let me look for another Canadian actor and musician related to Glee.

From the text about Cory Monteith's death, I can see that he was a Canadian actor and musician who played Finn Hudson on Glee. However, there is no mention of his mom getting set up with Burt Hummel in any of the provided texts.

Now, let me look for another Canadian actor and musician related to Glee.

From the text about Cory Monteith's death, I can see that he was a Canadian actor and musician who played Finn Hudson on Glee. However, there is no mention of his mom getting set up with Burt Hummel in any of the provided texts.

Now, let me look for another Canadian actor and musician related to Glee.

From the text about Cory Monteith's death, I can see that he was a Canadian actor and musician who played Finn Hudson on Glee. However, there is no mention of his mom getting set up with Burt Hummel in any of the provided texts.

Now, let me look for another Canadian actor and musician related to Glee.

From the text about Cory Monteith's death, I can see that he was a Canadian actor and musician who played Finn Hudson on Glee. However, there is no mention of his mom getting set up with Burt Hummel in any of the provided texts.

Now, let me look for another Canadian actor and musician related to Glee.

From the text about Cory Monteith's death, I can see that he was a Canadian actor and musician who played Finn Hudson on Glee. However, there is no mention of his mom getting set up with Burt Hummel in any of the provided texts.

Now, let me look for another Canadian actor and musician related to Glee.

From the text about Cory Monteith's death, I can see that he was a Canadian actor and musician who played Finn Hudson on Glee. However, there is no mention of his mom getting set up with Burt Hummel in any of the provided texts.

Now, let me look for another Canadian actor and musician related to Glee.

From the text about Cory Monteith's death, I can see that he was a Canadian actor and musician who played Finn Hudson on Glee. However, there is no mention of his mom getting set up with Burt Hummel in any of the provided texts.

Now, let me look for another Canadian actor and musician related to Glee.

From the text about Cory Monteith's death, I can see that he was a Canadian actor and musician who played Finn Hudson on Glee. However, there is no mention of his mom getting set up with Burt Hummel in any of the provided texts.

Now, let me look for another Canadian actor and musician related to Glee.

From the text about Cory Monteith's death, I can see that he was a Canadian actor and musician who played Finn Hudson on Glee. However, there is no mention of his mom getting set up with Burt Hummel in any of the provided texts.

Now, let me look for another Canadian actor and musician related to Glee.

From the text about Cory Monteith's death, I can see that he was a Canadian actor and musician who played Finn Hudson on Glee. However, there is no mention of his mom getting set up with Burt Hummel in any of the provided texts.

Now, let me look for another Canadian actor and musician related to Glee.

From the text about Cory Monteith's death, I can see that he was a Canadian actor and musician who played Finn Hudson on Glee. However, there is no mention of his mom getting set up with Burt Hummel in any of the provided texts.

Now, let me look for another Canadian actor and musician related to Glee.

From the text about Cory Monteith's death, I can see that he was a Canadian actor and musician who played Finn Hudson on Glee. However, there is no mention of his mom getting set up with Burt Hummel in any of the provided texts.

Now, let me look for another Canadian actor and musician related to Glee.

From the text about Cory Monteith's death, I can see that he was a Canadian actor and musician who played Finn Hudson on Glee. However, there is no mention of his mom getting set up with Burt Hummel in any of the provided texts.

Now, let me look for another Canadian actor and musician related to Glee.

From the text about Cory Monteith's death, I can see that he was a Canadian actor and musician who played Finn Hudson on Glee. However, there is no mention of his mom getting set up with Burt Hummel in any of the provided texts.

Now, let me look for another Canadian actor and musician related to Glee.

From the text about Cory Monteith's death, I can see that he was a Canadian actor and musician who played Finn Hudson on Glee. However, there is no mention of his mom getting set up with Burt Hummel in any of the provided texts.

Now, let me look for another Canadian actor and musician related to Glee.

From the text about Cory Monteith's death, I can see that he was a Canadian actor and musician who played Finn Hudson on Glee. However, there is no mention of his mom getting set up with Burt Hummel in any of the provided texts.

Now, let me look for another Canadian actor and musician related to Glee.

From the text about Cory Monteith's death, I can see that he was a Canadian actor and musician who played Finn Hudson on Glee. However, there is no mention of his mom getting set up with Burt Hummel in any of the provided texts.

Now, let me look for another Canadian actor and musician related to Glee.

From the text about Cory Monteith's death, I can see that he was a Canadian actor and musician who played Finn Hudson on Glee. However, there is no mention of his mom getting set up with Burt Hummel in any of the provided texts.

Now, let me look for another Canadian actor and musician related to Glee.

From the text about Cory Monteith's death, I can see that he was a Canadian actor and musician who played Finn Hudson on Glee. However, there is no mention of his mom getting set up with Burt Hummel in any of the provided texts.

Now, let me look for another Canadian actor and musician related to Glee.

From the text about Cory Monteith's death, I can see that he was a Canadian actor and musician who played Finn Hudson on Glee. However, there is no mention of his mom getting set up with Burt Hummel in any of the provided texts.

Now, let me look for another Canadian actor and musician related to Glee.

From the text about Cory Monteith's death, I can see that he was a Canadian actor and musician who played Finn Hudson on Glee. However, there is no mention of his mom getting set up with Burt Hummel in any of the provided texts.

Now, let me look for another Canadian actor and musician related to Glee.

From the text about Cory Monteith's death, I can see that he was a Canadian actor and musician who played Finn Hudson on Glee. However, there is no mention of his mom getting set up with Burt Hummel in any of the provided texts.

Now, let me look for another Canadian actor and musician related to Glee.

From the text about Cory Monteith's death, I can see that he was a Canadian actor and musician who played Finn Hudson on Glee. However, there is no mention of his mom getting set up with Burt Hummel in any of the provided texts.

Now, let me look for another Canadian actor and musician related to Glee.

From the text about Cory Monteith's death, I can see that he was a Canadian actor and musician who played Finn Hudson on Glee. However, there is no mention of his mom getting set up with Burt Hummel in any of the provided texts.

Now, let me look for another Canadian actor and musician related to Glee.

From the text about Cory Monteith's death, I can see that he was a Canadian actor and musician who played Finn Hudson on Glee. However, there is no mention of his mom getting set up with Burt Hummel in any of the provided texts.

Now, let me look for another Canadian actor and musician related to Glee.

From the text about Cory Monteith's death, I can see that he was a Canadian actor and musician who played Finn Hudson on Glee. However, there is no mention of his mom getting set up with Burt Hummel in any of the provided texts.

Now, let me look for another Canadian actor and musician related to Glee.

From the text about Cory Monteith's death, I can see that he was a Canadian actor and musician who played Finn Hudson on Glee. However, there is no mention of his mom getting set up with Burt Hummel in any of the provided texts.

Now, let me look for another Canadian actor and musician related to Glee.

From the text about Cory Monteith's death, I can see that he was a Canadian actor and musician who played Finn Hudson on Glee. However, there is no mention of his mom getting set up with Burt Hummel in any of the provided texts.

Now, let me look for another Canadian actor and musician related to Glee.

From the text about Cory Monteith's death, I can see that he was a Canadian actor and musician who played Finn Hudson on Glee. However, there is no mention of his mom getting set up with Burt Hummel in any of the provided texts.

Now, let me look for another Canadian actor and musician related to Glee.

From the text about Cory Monteith's death, I can see that he was a Canadian actor and musician who played Finn Hudson on Glee. However, there is no mention of his mom getting set up with Burt Hummel in any of the provided texts.

Now, let me look for another Canadian actor and musician related to Glee.

From the text about Cory Monteith's death, I can see that he was a Canadian actor and musician who played Finn Hudson on Glee. However, there is no mention of his mom getting set up with Burt Hummel in any of the provided texts.

Now, let me look for another Canadian actor and musician related to Glee.

From the text about Cory Monteith's death, I can see that he was a Canadian actor and musician who played Finn Hudson on Glee. However, there is no mention of his mom getting set up with Burt Hummel in any of the provided texts.

Now, let me look for another Canadian actor and musician related to Glee.

From the text about Cory Monteith's death, I can see that he was a Canadian actor and musician who played Finn Hudson on Glee. However, there is no mention of his mom getting set up with Burt Hummel in any of the provided texts.

Now, let me look for another Canadian actor and musician related to Glee.

From the text about Cory Monteith's death, I can see that he was a Canadian actor and musician who played Finn Hudson on Glee. However, there is no mention of his mom getting set up with Burt Hummel in any of the provided texts.

Now, let me look for another Canadian actor and musician related to Glee.

From the text about Cory Monte","The Purple Piano Project: ""The Purple Piano Project"" is the premiere episode of the third season of the American musical television series ""Glee"", and the forty-fifth overall.  The episode was written by series co-creator Brad Falchuk, directed by Eric Stoltz, and first aired on September 20, 2011 on Fox in the United States.  It features the start of a new school year at McKinley High, and for its glee club, New Directions.  Members of the club have left, and a recruitment drive is launched to bring the numbers back up.  Blaine Anderson (Darren Criss), Kurt Hummel's (Chris Colfer) boyfriend, transfers from Dalton Academy to McKinley High, and Mercedes Jones gets a new boyfriend.  Sue Sylvester is running for Congress.
Home (Glee): ""Home"" is the sixteenth episode of the American television series ""Glee"".  The episode premiered on the Fox network on April 27, 2010.  It was directed by Paris Barclay and written by series creator Brad Falchuk.  ""Home"" sees new cheerleader Mercedes Jones (Amber Riley) deal with body image issues, while Kurt Hummel (Chris Colfer) sets his dad and Finn Hudson's mom together, in an attempt to get closer to Finn (Cory Monteith), and club director Will Schuester (Matthew Morrison) is reunited with his friend April Rhodes (Kristin Chenoweth).  Chenoweth first appeared in ""Glee"" in the episode ""The Rhodes Not Taken"".  She enjoyed the role of April so much that she agreed to return for ""Home"", and has expressed an interest in reappearing in the future.
J... (skrócone)",,Hallucination
5a74adca55429974ef308c30,C5,What acute metabolic condition can be defined by the elevation of a yellow compound that occurs in normal catabolic pathway that breaks down heme in vertebrates? ,Zieve's syndrome,"To answer this question, we need to identify an acute metabolic condition that involves the elevation of a yellow compound resulting from the breakdown of heme in vertebrates.

Step 1: Identify the key components mentioned in the question.
- Acute metabolic condition
- Elevation of a yellow compound
- Breakdown of heme in vertebrates

Step 2: Review the provided texts to find information related to these components.
- The text on ""Bilirubin"" directly addresses the breakdown of heme and the production of a yellow compound, bilirubin.

Step 3: Identify if the condition described in the question matches any known metabolic conditions mentioned in the texts.
- Zieve's syndrome is an acute metabolic condition but it involves hemolytic anemia, hyperlipoproteinaemia, jaundice (elevation of unconjugated bilirubin), and abdominal pain. It does not directly relate to the breakdown of heme resulting in a yellow compound.

Step 4: Based on the information from Step 2 and Step 3, determine if any condition matches all criteria mentioned in the question.
- Bilirubin is the yellow compound produced during the catabolic pathway that breaks down heme. However, there's no direct mention of an acute metabolic condition characterized by the elevation of bilirubin in a normal catabolic pathway.

Step 5: Since none of the texts directly match all criteria (acute metabolic condition and elevation of bilirubin), we need to infer or deduce which condition might be most closely related.
- The closest match based on the information provided is related to jaundice, which involves the elevation of unconjugated bilirubin. This seems to be the most relevant condition in relation to the breakdown of heme and the production of a yellow compound.

Step 6: Based on the analysis above, determine if there's any direct mention or implication that matches all criteria.
- There isn't a direct match for an acute metabolic condition characterized by the elevation of bilirubin resulting from the normal catabolic pathway breaking down heme. However, conditions like jaundice are related to the elevation of bilirubin but might not fully meet the ""acute metabolic condition"" and ""normal catabolic pathway"" criteria as specified.

Given this analysis, there isn't a direct match for an acute metabolic condition specifically defined by the elevation of bilirubin (the yellow compound) in the normal catabolic pathway that breaks down heme. However, conditions like jaundice are closely related but may not meet all specified criteria perfectly.

The final answer is: $\boxed{jaundice}$","Flux (metabolism): Flux, or metabolic flux is the rate of turnover of molecules through a metabolic pathway.  Flux is regulated by the enzymes involved in a pathway.  Within cells, regulation of flux is vital for all metabolic pathways to regulate the pathway's activity under different conditions.  Flux is therefore of great interest in metabolic network modelling, where it is analysed via flux balance analysis.
Metabolomic Pathway Analysis: Metabolomic Pathway Analysis, shortened to MetPA, is a freely available, user-friendly web server to assist with the identification analysis and visualization of metabolic pathways using metabolomic data.  MetPA makes use of advances originally developed for pathway analysis in microarray experiments and applies those principles and concepts to the analysis of metabolic pathways.  For input, MetPA expects either a list of compound names (identified as statistically significant or significant perturbed) or a metabolite concentration table with phenotypic labels (i.e. sick vs. healthy).  The list of compounds can include common names, HMDB IDs or KEGG IDs with one compound per row.  Compound concentration tables must have samples in rows and compounds in columns.  MetPA’s output is a series of tables indicating which pathways are significantly enriched (along with accompanying statistics) as well as a variety of graphs or pathway maps illustrating where and how certain pathways were enriched.  MetPA’s graphical output uses a colorful Google... (skrócone)",,Format error
5abc2585554299700f9d77f7,C2,Did Carroll Ballard or Richard Linklater receive an American film director award for Best Director and Best Picture?,Richard Stuart Linklater,"Neither Carroll Ballard nor Richard Linklater received an American film director award for Best Director and Best Picture, as the texts do not mention any such awards being given to them. However, Richard Linklater is mentioned as having won several awards, including Golden Globe, Critics' Choice Movie Awards, and BAFTAs for Best Director and Best Picture.","Graham Reynolds (composer): Graham Reynolds is an Austin, Texas-based composer-bandleader.  Reynolds creates, performs, and records music for film, theater, dance, rock clubs and concert halls with collaborators ranging from Richard Linklater to DJ Spooky to the Austin Symphony Orchestra.  As bandleader of the jazz-based but far reaching Golden Arm Trio, Reynolds has repeatedly toured the country and released three critically acclaimed albums.  As Co-Artistic Director of Golden Hornet Project with Peter Stopschinski, Reynolds has produced more than fifty concerts of world-premier alt-classical music by more than sixty composers, as well as five symphonies, two concertos and countless chamber pieces of his own.  Reynolds music has been heard throughout the world on TV, on stage, in films, and on radio, from HBO to Showtime, Cannes Film Festival to the Kennedy Center, and BBC to NPR.  His score to the 2006 Richard Linklater feature ""A Scanner Darkly"".  was named Best Soundtrack of the Decade by ""Cinema Retro"" magazine.  His awards include the Lowe Music Theater Award, four Austin Critic’s Table awards, an Amp Award, five Austin Chronicle Best Composer wins, a B. Iden Payne Award.  Meet the Composer and Map grants, as well as support from the National Endowment for the Arts for several projects.  2011 sees twin CD releases on Innova Records, the label branch of the American Composers Forum, of “Three Portraits of Duke Ellington”, a triptych of band, strings, and remixes in tribu... (skrócone)",,Multi-hop reasoning error
5ab9984c5542996be2020567,C5,What country do the people live who came up with the word Axé comes from? ,Nigeria,"To find the country where the people who came up with the word Axé come from, we need to look at the text that mentions Axé.

The relevant text is: Title: Axé (music)

In this text, it says: ""Axé is a popular music genre originated in Salvador, Bahia, Brazil in the 1980s...""

So, the country where the people who came up with the word Axé come from is Brazil.","Adiyan: Adiyan or Adiya people live in the northern hill districts of Kerala.  It's an exonym, people prefer to be called as Ravula.  Linguistically and ethnically they are related to Ravula language speaking Yerava tribe living in the neighbouring Coorg district of Karnataka.  The word Adiyan means “service class” in Malayalam.  The Adiyans are found in the Wayanad and Kannur districts of Kerala.  Most of them are agricultural workers and are in the process of detribalizating.  It is believed that they were agricultural serfs in the past.  During the annual festival at the Valliyurkkavu temple in Mananthavady, Wayand, the Adiyar people used to gather where they trade services with landlords.
Nguni people: The Nguni people are a group of Bantu peoples who primarily speak Nguni languages and currently reside predominantly in Southern Africa.  The Nguni people are Xhosa, Zulu, Ndebele and Swazi people.  They predominantly live in South Africa.  Swazi people live in both South Africa and Swaziland.  While Ndebele people live in both South Africa and Zimbabwe.  In South Africa, the historic Nguni kingdoms of the Xhosa, Zulu, Ndebele and Swazi lie on the present provinces of the Eastern Cape, KwaZulu-Natal, and Mpumalanga.  The most notable of these kingdoms is the Zulu Kingdom which was ruled by Shaka kaSenzangakhona, a powerful warrior king whose conquest took place in the early nineteenth century.
Thayal Eniyadi: Thayal Eniyadi is a place that comes under Bandadka village and K... (skrócone)",,Multi-hop reasoning error
5a892591554299669944a4c7,C2,"Who was formerly editor-in-chief of Marvel Comics, Arnold Bennett or Stan Lee ?",Stan Lee,"Neither Arnold Bennett nor Stan Lee was formerly editor-in-chief of Marvel Comics. However, according to the provided texts, Roy Thomas and Stan Lee were both associated with Marvel Comics as editors, but only Stan Lee is described as having been the former editor-in-chief of Marvel Comics.","Stan Lee: Stan Lee (born Stanley Martin Lieber , December 28, 1922) is an American comic-book writer, editor, film executive producer, and publisher.  He was formerly editor-in-chief of Marvel Comics, and later its publisher and chairman before leaving the company to become its chairman emeritus, as well as a member of the editorial board.
Stan Lee Meets Superheroes: Stan Lee Meets Superheroes was a limited Marvel Comics series in which comic book writer Stan Lee met one of the characters he has created in each issue.  The series was written by Stan Lee himself and is used to celebrate his 65th year as a Marvel Comics employee.  The series is marked for its tongue-in-cheek humor and the comic book characters' general dislike of Stan Lee.  The series contains five issues in which Stan Lee meets Spider-Man, The Thing, Doctor Doom, Doctor Strange, and the Silver Surfer.  Each issue also contained reprints of issues from each character's respective comic.  An issue in which Stan meets Professor Xavier and Magneto was included with the DVD edition of """".
Roy Thomas: Roy William Thomas, Jr. (born November 22, 1940) is an American comic book writer and editor, who was Stan Lee's first successor as editor-in-chief of Marvel Comics.  He is possibly best known for introducing the pulp magazine hero Conan the Barbarian to American comics, with a series that added to the storyline of Robert E. Howard's character and helped launch a sword and sorcery trend in comics.  Thomas is also known... (skrócone)",,Multi-hop reasoning error
5a75486c55429916b01642db,C2,"Which film was released more recently, Baghdad ER, or Encounters at the End of the World?",Encounters at the End of the World,"Encounters at the End of the World was released in 2007, while Baghdad ER was released on May 21, 2006. Therefore, Baghdad ER was released more recently.","Matthew O'Neill (filmmaker): Matthew O'Neill is a documentary filmmaker best known for his work on the HBO film ""Baghdad ER"", for which he and co-creator Jon Alpert won three Emmy Awards.
Encounters of the Spooky Kind: Encounters of the Spooky Kind () is a 1980 Hong Kong martial arts comedy horror film written and directed by Sammo Hung, who also starred in the lead role.  The film was produced by Hung's production company Bo Ho Film Company.  It was released as ""Spooky Encounters"" in the US.  It is sometimes listed as ""Close Encounters of the Spooky Kind"", more blatantly mimicking the title of the film ""Close Encounters of the Third Kind"" (1977).  The film was the progenitor of the jiangshi film genre and one of Hong Kong's first kung fu horror comedies.
Baghdad ER: Baghdad ER is a documentary released by HBO on May 21, 2006.  It shows the Iraq war from the perspective of a military hospital in Baghdad.  It has some relatively disturbing scenes in it (e.g. amputations), therefore the U.S. Army is officially warning that military personnel watching it could experience symptoms of post-traumatic stress disorder (PTSD).
Encounters at the End of the World: Encounters at the End of the World is a 2007 American documentary film by Werner Herzog.  The film studies people and places in Antarctica.  It was released in North America on June 11, 2008, and distributed by THINKFilm.
Islamic Golden Age: The Islamic Golden Age is the era in the history of Islam, traditionally dated from th... (skrócone)",,Multi-hop reasoning error
5ab7eb625542993667794049,C2,What type of territory does Northern New Hampshire Correctional Facility and New Hampshire Department of Corrections have in common?,state,"Both Northern New Hampshire Correctional Facility and New Hampshire Department of Corrections are located in New Hampshire, USA.","Green Haven Correctional Facility: Green Haven Correctional Facility is a maximum security prison in New York.  The prison is located in the Town of Beekman in Dutchess County.  The New York State Department of Corrections and Community Supervision lists the address as Route 216, Stormville, NY 12582.  This prison housed New York's execution chamber during the time the state briefly had the death penalty (but never used it) in the post-""Furman"" era.  New York's electric chair ""Old Sparky"" was moved here from Sing Sing Correctional Facility.  It was originally a federal prison and now houses maximum security inmates.  Green Haven Correctional Facility also operates a Hot Kosher Food Program; because of this, the prison has a large Jewish population.  Yale Law School operates the Green Haven Prison Project, a series of seminars among Yale law students and Green Haven inmates on law and policy issues concerning prisons and criminal law.
Jon Schillaci: Jon Savarino Schillaci (born December 14, 1971) is an American sex offender and a former fugitive who was added to the FBI's Top Ten Most Wanted Fugitives list on September 7, 2007.  Schillaci is the 488th fugitive to be placed on the list.  He was captured on June 5, 2008 in San José de Gracia, Michoacán, Mexico after almost nine years on the run.  On December 22, 2009 Schillaci was sentenced to 20 to 50 years in prison.  He is incarcerated in Northern New Hampshire Correctional Facility and will be eligible for parole in December... (skrócone)",,Multi-hop reasoning error
5ae662155542992ae0d1630e,C5,"Warrel Dane is the lead singer of what American power metal band, founded in Seattle in 1985?",Sanctuary,"To find the answer to the question, I will examine each text for information about Warrel Dane being the lead singer of an American power metal band founded in Seattle in 1985.

Text: Sanctuary (band)
This text mentions that ""Sanctuary is an American heavy metal band founded in Seattle in 1985."" It also lists Warrel Dane as one of the members, but it does not explicitly state that he was the lead singer. However, since this is the only text mentioning a band founded in 1985 in Seattle, I will continue to examine the other texts for information about power metal bands.

Text: The Fourth Judgement
This text mentions Jag Panzer as an American power metal band, but it does not mention Warrel Dane being associated with them. It also does not provide any information about a band founded in 1985.

Text: Nevermore (album)
This text mentions Nevermore as an American progressive metal band from Seattle, Washington, United States, formed in 1991. While this is close to the criteria of being a power metal band from Seattle, it was not founded in 1985, and it does not explicitly state that Warrel Dane was the lead singer.

Text: Warrel Dane
This text mentions Warrel Dane as the former lead singer of Nevermore but does not provide any information about an American power metal band he is currently associated with or was a part of when it was founded in 1985.

Considering all the texts, I did not find a match for an American power metal band from Seattle that was founded in 1985 and has Warrel Dane as its lead singer. However, Sanctuary (band) text mentions that Sanctuary is an American heavy metal band founded in Seattle in 1985, which matches part of the criteria.

Therefore, based on the provided texts, it appears to be a match for the question's criteria when considering ""Sanctuary"" instead of ""power metal band"".","Dreaming Neon Black: Dreaming Neon Black is the third full-length album released by Seattle progressive metal band Nevermore, and was released through Century Media in 1999.  Unlike its predecessor, ""The Politics of Ecstasy"", this album is very emotional and contains many slower, ballad-type songs.  It is also notable that ""Dreaming Neon Black"" is a concept album of sorts.  According to Nevermore's lead singer, Warrel Dane, ""it's a very simple story about a man who slowly goes insane after losing a woman that he was very close to.  Progressive levels of insanity are expressed in the songs, he goes through phases of denial and self-blame, blaming God, then denouncing God.  The ending is a little...tragic, a little depressing.  Shakesperian.  Everybody dies, it's all happy."" , which may be based on an event in the life of Dane.  Supposedly, his old girlfriend left him when she joined a religious cult and was never heard from again, and he began having nightmares of her crying out to him as she drowned.  This has been confirmed by Warrel himself in an older interview.  The spoken word samples from the tracks ""Ophidian"" and ""Forever"" are from the Clive Barker movie, ""Lord of Illusions"".
Peter Wichers: Peter Wichers is best known as one of the founding members of Swedish melodic death metal band, Soilwork.  From 1995 until late 2005, when he announced his departure from the band, he was known as the lead guitarist and also a songwriter, especially on their ""Stabbing the Drama"" alb... (skrócone)",,Multi-hop reasoning error
5ab3fcf455429976abd1bd14,C5,"Mulan and Underdog, have which mutual genre?",comedy,"To answer this question, we need to identify the genres that Mulan (1998 film) and Underdog (film) share.

Mulan is a 1998 American animated musical action comedy-drama film. The genre of the film can be identified as:

- Animated
- Musical
- Action
- Comedy-Drama

Underdog, on the other hand, is a 2007 American family superhero comedy film. Its genres are:

- Family
- Superhero
- Comedy

Comparing these two lists, we see that neither ""Animated"" nor ""Musical"" is present in Underdog's genre list. However, both films have one common genre: 

- Action (Mulan)
- Action (Underdog)

But more specifically, if we are looking for a mutual genre between Mulan and Underdog, it seems there isn't any direct match from the provided information.

However, considering that ""Action"" is indeed an action film but does not seem to be the correct answer given its lack of specificity. Considering other genres that might have been overlooked:

- Action (in Mulan)
- Superhero (in Underdog)

While it may seem like a stretch, both films do contain elements of action and superhero themes.

However, if we are strictly looking for mutual genre based on the provided texts without any possible inferences or generalizations beyond what's given, then there isn't an exact match.","Horizons of Expectation: The phrase ""Horizons of Expectation"" is a term fundamental to German academic Hans Robert Jauss's Reception theory.  The concept is a component of his theory of literary history where his intention is to minimise the gulf between the schools of literature and history which have previously relegated the reader to play only a minor role in the interpretation of literature.  Specifically, it is the structure by which a person comprehends, decodes and appraises any text based on cultural codes and conventions particular to their time in history.  These horizons are therefore historically flexible meaning readers may interpret and value a text differently from a previous generation.  It emphasises the reader as an important element in the processing of texts.  According to Jauss, the reader approaches a text armed with the knowledge and experience gained from interactions with other texts.  These earlier texts arouse familiarity for the reader based on expectations and rules of genre and style.  Jauss describes it this way, 'a literary work is not an object which stands by itself and which offers the same face to each reader in each period'.  Thus reading is not an 'autonomous, free and individual' experience but rather a collection of mutual concepts fitting a period or a people.
Nepali Sahitya Parishad Sikkim: Nepali Sahitya Parishad (Nepali:नेपाली साहित्य परिषद सिक्किम) is a Literary organisation of Nepali language and literature in Sikkim which was est... (skrócone)",,Multi-hop reasoning error
5ac4cfb85542996feb3fe946,C2,Do War and Peace and Mireille have the same number of acts?,yes,"No, War and Peace and Mireille do not have the same number of acts. War and Peace is sometimes arranged as five acts, while Mireille has exactly five acts.","Timariots: A timariot (or ""tımar"" holder; ""tımarlı"" in Turkish) was another name given to the Timarli Sipahi cavalry that served the Ottoman sultan and in return was granted a fief called a ""timar"".  The timariots had to assemble with the army when at war, and had to take care of the land entrusted to him in times of peace.  When at war, the timariot had to bring his own equipment and in addition a number of armed retainers (""cebelu"").  The timariot was granted feudatory with the obligation to go mounted to war and to supply soldiers and sailors in numbers proportionate to the revenue of the appanage.  The timariot owed personal service for his sword in time of war and for a certain sum of money owed a number of soldiers as a substitute (""cebelu"").  The (""cebelu"") was bound to live on the timariot’s estate and look after the land.  When summoned for campaign the timariot and his (""cebelu"") had to present themselves with a cuirass.  When a timariot failed to obey the summon he was deprived of his timar for one or two years.  Also non-military timar holders were obliged to supply the imperial army with soldiers and provisions.The number of men and equipment the ""timariotes"" had to provide was dependent on the size of his land holdings.  When the annual income of the holding was above 4.000 akçe the sipahi had to be accompanied by a soldier in a coat of mail, for income above 15.000 akçe by additional soldier for each additional 3.000 akçe.  Above a certain income of the ""timar""... (skrócone)",,Multi-hop reasoning error
5a77aff85542992a6e59df87,C5,"What is the name of the fantasy books by American writer Ursula K. Le Guin featuring the fictional people, The Kargs, called?",Earthsea,"To answer this question, I need to identify which texts mention books featuring the fictional people called The Kargs.

The text ""Karg"" mentions that The Kargs are a fictional people in Ursula K. Le Guin's ""Earthsea"" canon.

However, none of the other texts provide specific information about fantasy books by American writer Ursula K. Le Guin featuring the fictional people, The Kargs.

Therefore, I will look for any Earthsea-related texts that might mention The Kargs.

The text ""Earthsea"" mentions a series of fantasy books by American writer Ursula K. Le Guin, but it does not specifically mention The Kargs.

However, another text ""Tales from Earthsea"" is mentioned in the same section as other Earthsea books. This suggests that there might be some connection between this text and The Kargs.

The text ""Tales from Earthsea"" is a collection of short stories, all but ""The Daughter of Odren"" now collected in ""The Wind's Twelve Quarters"" and ""Tales from Earthsea"".

This implies that the text ""Tales from Earthsea"" might be part of the series featuring The Kargs.

However, none of the other texts provide a direct answer to this question.

Therefore, based on the available information, I will conclude that the name of the fantasy books by American writer Ursula K. Le Guin featuring the fictional people, The Kargs, is ""Tales from Earthsea"".","Earthsea: Earthsea is a series of fantasy books by the American writer Ursula K. Le Guin, and the name of their setting, a world of islands surrounded by an uncharted ocean.  Starting with a short story, ""The Word of Unbinding"" in 1964, there are six Earthsea books, beginning with ""A Wizard of Earthsea"" in 1968, and continuing with ""The Tombs of Atuan"", ""The Farthest Shore"", ""Tehanu"", and ""The Other Wind"".  There are eight short stories, all but ""The Daughter of Odren"" now collected in ""The Wind's Twelve Quarters"" and ""Tales from Earthsea"".
Karg: The Kargs are a fictional people in Ursula K. Le Guin's ""Earthsea"" canon.
The Matter of Seggri: ""The Matter of Seggri"" is a science fiction novelette by American writer Ursula K. Le Guin.  It was first published in 1994 in the third issue of ""Crank!"" , a science fiction – fantasy anthology, and has since been printed in number of other publications.  In 2002, it was published in Le Guin's collection of short stories ""The Birthday of the World: and Other Stories"".  “The Matter of Seggri” won the James Tiptree Jr.  Award in 1994 for exploring ""Gender-Bending"" and has been nominated for many other honors, including the Nebula Award.
The Word of Unbinding: ""The Word of Unbinding"" is a short story by American writer Ursula K. Le Guin, first published in the January 1964 issue of ""Fantastic"", and reprinted in collections such as ""The Wind's Twelve Quarters"".  In this story, the Earthsea realm, which was later made famous by ""A Wizard of Ea... (skrócone)",,Multi-hop reasoning error
5a755ff85542996c70cfaee8,C2,"Are Yangra and Labuche Kang part of the same mountain range , and if so what range?",Himalayas,"No, Yangra (Ganesh I) is not part of the same mountain range as Labuche Kang. Yangra is the highest peak of the Ganesh Himal, while Labuche Kang is a northern outlier of the Himalayas located in Tibet.","Yangra: Yangra (Ganesh I) is the highest peak of the Ganesh Himal,
Wind River Range: The Wind River Range (or ""Winds"" for short), is a mountain range of the Rocky Mountains in western Wyoming in the United States.  The range runs roughly NW-SE for approximately 100 miles (161 km).  The Continental Divide follows the crest of the range and includes Gannett Peak, which at 13,804 feet (4,207 m), is the highest peak in Wyoming.  There are more than 40 other named peaks in excess of 13,000 feet (3,962 m).  With the exception of the Grand Teton in the Teton Range, the next 19 highest peaks in Wyoming after Gannett are also in the Winds.  Two large National Forests including three wilderness areas encompass most of the mountain range.  Shoshone National Forest is on the eastern side of the continental divide while Bridger-Teton National Forest is on the west.  Both National Forests and the entire mountain range are an integral part of the Greater Yellowstone Ecosystem.  Portions of the range are also inside the Wind River Indian Reservation.
Jaghatai Mountains: The Jaghatai Mountain Range is a mountain range located in the western part of Razavi Khorasan Province in northeast Iran.  Running in a northwest-southeast direction, the Jaghatai Range stretches from the west and southwest of the town of Jaghatai in the northwest to the northeast and east of the city of Sabzevar in the southeast.  With an elevation of 2858 metres, Mount Nazargah is the highest point of the range.  Mount Naz... (skrócone)",,Multi-hop reasoning error
5adfa650554299025d62a321,C5,"Which genus, Farfugium or Comptonia contains more species?",Farfugium,"To determine which genus contains more species, let's compare the information provided for each genus.

For Farfugium:
- There is only one specific species mentioned: ""Farfugium japonicum"".
- However, it mentions that there are variegated cultivars of this species.
- This implies that while there may be variations of a single species within cultivation, the natural occurrence of the genus is limited to at least one species.

For Comptonia:
- It is described as ""monotypic"", which means it contains only one type or species: Comptonia peregrina.

Based on these descriptions, both Farfugium and Comptonia are described with a single specific species mentioned. However, the description of Farfugium mentions that there are variegated cultivars within cultivation, suggesting the possibility for more varieties under cultivation, even if they all belong to one natural species. 

Yet, the key term here is ""monotypic"", which directly states Comptonia contains only one type or species.

Therefore, based on the given information, both genera contain a single specific species mentioned in their descriptions, but Comptonia's description explicitly labels it as monotypic, indicating that the genus itself does not have more than one natural occurrence.","Farfugium: Farfugium is a genus of flowering plants in the family Asteraceae, native to streams and seashores in east Asia.  They are rhizomatous evergreen perennials with rounded leathery leaves and bright yellow flowers in autumn and winter.  Species include ""Farfugium japonicum"", with variegated cultivars for use in horticulture.
Comptonia (plant): Comptonia is a monotypic genus (containing only Comptonia peregrina) in the family Myricaceae, order Fagales.  It is native to eastern North America, from southern Quebec south to the extreme north of Georgia, and west to Minnesota.  The common name is sweetfern or sweet-fern, a confusing name as it is not a fern.... (skrócone)",,Multi-hop reasoning error
5a89a034554299669944a54f,C2,Charles Libby graduated from a high school located at what address?,284 Cumberland Avenue,"There is no information about Charles Libby's high school graduation address in any of the provided texts. However, according to the text ""Charles Libby"", Charles Freeman Libby graduated from Portland High School in Maine.","Colerain High School (Cincinnati, Ohio): Colerain High School is a public high school located near Cincinnati, Ohio.  It is part of the Northwest Local School District.  The high school is located in Colerain Township, about 14 miles northwest of downtown Cincinnati.  The original school opened in 1924 under the name Colerain Centralized School at 4700 and 4850 Poole Road and is now Colerain Elementary School and Colerain Middle School.  Today's Colerain High School opened in 1964 at its newer address, 8801 Cheviot Road.  It is the largest public school in the Colerain area in terms of enrollment and building size, with over 2,200 students currently attending CHS in two buildings on campus, the main school building and the Career Center building.  Today, Colerain has grown to become one of the largest high schools in the state of Ohio.
Charles Libby: Charles Freeman Libby (January 31, 1844 - 1915) was an American politician and lawyer from Maine.  Libby, a Republican served as President of the Maine Senate from 1891 to 1892 and later as President of the American Bar Association.  Libby was born in Limerick, Maine and his family moved to Portland, Maine a few years later.  Libby graduated from Portland High School and Bowdoin College in 1864.  He interned with a local law firm and studied at Columbia Law School and was admitted to the bar in 1866.  In 1882, he served as Mayor of Portland, Maine and was elected to the Maine Senate in 1889, serving until 1892.
Portland High Scho... (skrócone)",,Multi-hop reasoning error
5a7440b155429974ef308bc7,C3,"What American songwriter, born in 1932, wrote a pop hit single released by Nancy Sinatra? ","Billy Edward ""Edd"" Wheeler","The American songwriter born in 1932 who wrote a pop hit single released by Nancy Sinatra is Kenny Young, specifically with the song ""Only You Can"". However, there is no information about Young writing a song specifically released as a single by Sinatra. A more precise answer would be that Lee Hazlewood wrote several songs for Nancy Sinatra, including ""Some Velvet Morning"", ""Sugar Town"", and ""Summer Wine"".","Movin' with Nancy (album): Movin' with Nancy is the soundtrack to Nancy Sinatra's 1967 television special of the same name.  It is notable for the inclusion of the hit single ""Some Velvet Morning"", a song composed by and performed with Lee Hazlewood.  The album was arranged and conducted by Billy Strange.
Don't Let Him Waste Your Time: ""Don't Let Him Waste Your Time"" is a song by English singer and songwriter Jarvis Cocker.  Before recording the song for his debut solo album ""Jarvis"" in November 2006, the song appeared on Nancy Sinatra's self-titled 2004 album (""Nancy Sinatra"") (along with ""Baby's Coming Back to Me"", which also made it onto ""Jarvis"").  The song was released as a single on 8 January 2007, reaching number 36 in the UK Singles Chart and number 1 on the UK indie chart.
Kenny Young: Kenny Young is an American songwriter, producer and environmentalist who has been an active writer, artist, and producer from 1963 to the present.  His most famous songs are ""Under the Boardwalk,"" co-written with Arthur Resnick, ""Ai No Corrida"", ""Just a Little Bit Better"", ""SSSingle Bed', ""Captain of Your Ship"", Just One More Night"",and ""Only You Can"".  ""Under the Boardwalk"" was recorded by The Drifters in 1964 and also by The Rolling Stones, The Beach Boys, John Mellencamp, Ricky Lee Jones, The Undertones, Aaron Neville, Bette Midler and many other artists.  Young also wrote or produced Top 40 hit songs for Herman's Hermits, Quincy Jones, Ben E. King, Mark Lindsay, Reparata and the De... (skrócone)",,Multi-hop reasoning error
5ac4cfb85542996feb3fe946,C5,Do War and Peace and Mireille have the same number of acts?,yes,"To determine if War and Peace and Mireille have the same number of acts, we need to examine each opera's description.

War and Peace (Op. 91) is described as an opera ""sometimes arranged as five acts"" but initially written in two parts with 13 scenes.

Mireille is described as an 1864 opera ""in five acts"".

Since both operas have different numbers of acts mentioned, we cannot conclude that they have the same number of acts.","Timariots: A timariot (or ""tımar"" holder; ""tımarlı"" in Turkish) was another name given to the Timarli Sipahi cavalry that served the Ottoman sultan and in return was granted a fief called a ""timar"".  The timariots had to assemble with the army when at war, and had to take care of the land entrusted to him in times of peace.  When at war, the timariot had to bring his own equipment and in addition a number of armed retainers (""cebelu"").  The timariot was granted feudatory with the obligation to go mounted to war and to supply soldiers and sailors in numbers proportionate to the revenue of the appanage.  The timariot owed personal service for his sword in time of war and for a certain sum of money owed a number of soldiers as a substitute (""cebelu"").  The (""cebelu"") was bound to live on the timariot’s estate and look after the land.  When summoned for campaign the timariot and his (""cebelu"") had to present themselves with a cuirass.  When a timariot failed to obey the summon he was deprived of his timar for one or two years.  Also non-military timar holders were obliged to supply the imperial army with soldiers and provisions.The number of men and equipment the ""timariotes"" had to provide was dependent on the size of his land holdings.  When the annual income of the holding was above 4.000 akçe the sipahi had to be accompanied by a soldier in a coat of mail, for income above 15.000 akçe by additional soldier for each additional 3.000 akçe.  Above a certain income of the ""timar""... (skrócone)",,Multi-hop reasoning error
5abebdb15542994516f45412,C2,"Tina Turner and Lukas Rossi, were raised in the Southeastern United States?",no,"No, Tina Turner was not raised in the Southeastern United States as stated in one text. However, according to another text, she was ""born and raised"" there. This appears to be an inconsistency.","Look Me in the Heart: ""Look Me in the Heart"" is a song by recording artist Tina Turner.  It was written by Billy Steinberg and Tom Kelly and produced by Dan Hartman for her 1989 ""Foreign Affair"".  Released as a single in 1990, it reached number 23 on the Irish Singles Chart and number 31 in the United Kingdom.  In the United States, it reached number 8 on the Adult Contemporary chart.  The single was released in a variety of formats including a live recording of the ""Private Dancer"" track ""Steel Claw"", remixes of ""Look Me in the Heart"" and the 1987 ""Tina Turner Montage Mix"", a nine-minute megamix including tracks from ""Private Dancer"" and ""Break Every Rule"".
River Deep – Mountain High: ""River Deep – Mountain High"" is a 1966 single performed by Tina Turner and credited to Ike & Tina Turner.  Considered by producer Phil Spector to be his best work, the single was successful in Europe, peaking at number three in the United Kingdom, and peaking at number 16 in Australia though it flopped on its original release in the United States.  Spector claimed to be pleased with the response from the critics and his peers, but he then withdrew from the music industry for two years, beginning his personal decline.
I, Tina: I, Tina is a 1986 autobiography by rock singer Tina Turner, co-written by MTV news correspondent and music critic Kurt Loder.  It described Turner's story from a girl born and raised in Nutbush, Tennessee to her initial rise to fame under the leadership of famed blues musi... (skrócone)",,Multi-hop reasoning error
5a7a83145542995eb53be855,C3,What county did Joe Smith die in?,"Suffolk County, New York","There are multiple individuals named Joe Smith mentioned across the texts, but without specific information about which one you're referring to, I'll provide answers for a few notable ones:

* Joe Smith (the musician) died on December 2, 1937, in Central Islip, New York.
* Perry K. Smith (P.K. Smith) died in March 1983.
* Joe Smith (the politician from Missouri) was still alive as of the given texts, so I couldn't find information about his death.
* There might be other individuals named Joe Smith mentioned across the texts, but without specific context or details, it's difficult to provide accurate answers.

If you could specify which Joe Smith you're referring to or provide more context, I'll try to give a more precise answer.","A Dialogue between Joseph Smith and the Devil: ""A Dialogue between Joseph Smith and the Devil"" (or ""Joe Smith and the Devil"") is an 1844 short story by Parley P. Pratt, generally credited as the first work of Mormon fiction.  A piece of closet drama, ""Dialogue"" begins with the devil putting up handbills:
Don Kent (wrestler): Leo Joseph ""Joe"" Smith Jr. (June 24, 1933 – June 7, 1993) was an American professional wrestler who wrestled as Don Kent and also as The Black Dragon, Doug Kent, Joe Smith and Super Medico III during his 20 years in professional wrestling.
Joe Smith (Missouri politician): Joe Smith (born c. 1973) is a former Republican member of the Missouri House of Representatives.  He represented the 14th district, encompassing part of St. Charles County.  By Missouri law, Smith was term-limited and unable to run for reelection in 2010.
2000–01 Minnesota Timberwolves season: The 2000–01 NBA season was the Timberwolves' 12th season in the National Basketball Association.  After the death of Malik Sealy, the Timberwolves scrambled to find a replacement for him, signing free agent Chauncey Billups, a close friend of Kevin Garnett while signing LaPhonso Ellis.  Meanwhile, the Timberwolves secret free agent deal signed by Joe Smith was voided by the NBA, who ruled their proper procedure in signing the contract, while stripping their first round draft picks for the next five seasons and fined $3.5 million.  Smith would sign with the Detroit Pistons, and the Timberwolves' own... (skrócone)",,Entity confusion
5a7a83145542995eb53be855,C3,What county did Joe Smith die in?,"Suffolk County, New York","I couldn't find any text that states Joe Smith died in a specific county. However, I can tell you which counties are associated with some of the texts about individuals named Joe Smith:

* Central Islip, New York is mentioned as the location where Joe Smith (the jazz trumpeter) died.
* The jazz trumpeter died on December 2, 1937, but it's not specified what county he died in. However, according to the text about Central Islip, New York, it is located in Suffolk County, New York.

If you provide more context or clarify which Joe Smith you are referring to, I may be able to give a more specific answer.","A Dialogue between Joseph Smith and the Devil: ""A Dialogue between Joseph Smith and the Devil"" (or ""Joe Smith and the Devil"") is an 1844 short story by Parley P. Pratt, generally credited as the first work of Mormon fiction.  A piece of closet drama, ""Dialogue"" begins with the devil putting up handbills:
Don Kent (wrestler): Leo Joseph ""Joe"" Smith Jr. (June 24, 1933 – June 7, 1993) was an American professional wrestler who wrestled as Don Kent and also as The Black Dragon, Doug Kent, Joe Smith and Super Medico III during his 20 years in professional wrestling.
Joe Smith (Missouri politician): Joe Smith (born c. 1973) is a former Republican member of the Missouri House of Representatives.  He represented the 14th district, encompassing part of St. Charles County.  By Missouri law, Smith was term-limited and unable to run for reelection in 2010.
2000–01 Minnesota Timberwolves season: The 2000–01 NBA season was the Timberwolves' 12th season in the National Basketball Association.  After the death of Malik Sealy, the Timberwolves scrambled to find a replacement for him, signing free agent Chauncey Billups, a close friend of Kevin Garnett while signing LaPhonso Ellis.  Meanwhile, the Timberwolves secret free agent deal signed by Joe Smith was voided by the NBA, who ruled their proper procedure in signing the contract, while stripping their first round draft picks for the next five seasons and fined $3.5 million.  Smith would sign with the Detroit Pistons, and the Timberwolves' own... (skrócone)",,Multi-hop reasoning error
5ac03661554299294b218f54,C2,What do Archibald MacLeish and Agatha Christie have in common?,writer,"Archibald MacLeish and Agatha Christie have in common that they both had a connection to the theatre district in London, with Archibald MacLeish's nephew Roderick MacLeish not being the one who shared this connection, but rather another relation of his is not mentioned.","The Body in the Library (film): The Body in the Library is a 1984 television film adaptation of Agatha Christie's 1942 detective novel ""The Body in the Library"", which was co-produced by the BBC and the A&E Network.  The film uses an adapted screenplay by T. R. Bowen and was directed by Silvio Narizzano.  Starring Joan Hickson in the title role, it was the first film presented in the British television series ""Miss Marple"" and premiered in three parts from 26 to 28 December 1984 on BBC One.  In the United States the film was first broadcast on 4 January 1986 as a part of PBS's ""Mystery! "".  In his review in ""The New York Times"", critic John J. O'Connor wrote: ""Miss Christie would no doubt approve of Joan Hickson, the veteran British character actress who plays Miss Marple... This BBC/Arts & Entertainment co-production offers an especially good example of Agatha Christie in adaptation.  The characters are nicely realized and the suspense holds.  Miss Hickson is lovely, neither as awesome as Miss Rutherford nor as overly cute as Helen Hayes.  And the supporting cast is admirable, particularly Gwen Watford as Dolly and David Horovitch as Inspector Slack.  As someone notes about the case, 'you'll have to admit it has all the bizarre elements of a cheap thriller.'  Once hooked, you won't be able to turn it off.""
Agatha Christie Award (Japan): The Agatha Christie Award (アガサ・クリスティー賞 ) is a Japanese literary award established in 2010 in commemoration of the 120th anniversary of Agath... (skrócone)",,Multi-hop reasoning error
5ac4cfb85542996feb3fe946,C5,Do War and Peace and Mireille have the same number of acts?,yes,"To determine if War and Peace and Mireille have the same number of acts, we need to examine the information provided for each opera.

For War and Peace (opera), it is mentioned that ""War and Peace (Op. 91) (Russian: Война и мир , ""Voyna i mir"") is an opera in two parts (an Epigraph and 13 scenes), sometimes arranged as five acts...""

For Mireille, the text states that ""Mireille is an 1864 opera in five acts by Charles Gounod to a French libretto by Michel Carré after Frédéric Mistral's poem 'Mireio'.""

Based on this information:

- War and Peace can be arranged as either two parts or five acts.
- Mireille has exactly five acts.

Therefore, the answer is no, they do not have the same number of acts.","Timariots: A timariot (or ""tımar"" holder; ""tımarlı"" in Turkish) was another name given to the Timarli Sipahi cavalry that served the Ottoman sultan and in return was granted a fief called a ""timar"".  The timariots had to assemble with the army when at war, and had to take care of the land entrusted to him in times of peace.  When at war, the timariot had to bring his own equipment and in addition a number of armed retainers (""cebelu"").  The timariot was granted feudatory with the obligation to go mounted to war and to supply soldiers and sailors in numbers proportionate to the revenue of the appanage.  The timariot owed personal service for his sword in time of war and for a certain sum of money owed a number of soldiers as a substitute (""cebelu"").  The (""cebelu"") was bound to live on the timariot’s estate and look after the land.  When summoned for campaign the timariot and his (""cebelu"") had to present themselves with a cuirass.  When a timariot failed to obey the summon he was deprived of his timar for one or two years.  Also non-military timar holders were obliged to supply the imperial army with soldiers and provisions.The number of men and equipment the ""timariotes"" had to provide was dependent on the size of his land holdings.  When the annual income of the holding was above 4.000 akçe the sipahi had to be accompanied by a soldier in a coat of mail, for income above 15.000 akçe by additional soldier for each additional 3.000 akçe.  Above a certain income of the ""timar""... (skrócone)",,Multi-hop reasoning error
5a7a38d35542990198eaf0f1,C2,"What is located several miles southeast of the city with a recorded a population of 76,693?",series of lava tubes,"The city with a recorded population of 76,693 is located near the Arnold Lava Tube System, which is several miles southeast of the city. However, based on the information provided, it can be concluded that the city is actually Bend, Oregon.","The Galena Territory, Illinois: The Galena Territory is a census-designated place in Jo Daviess County, Illinois, United States.  Its population was 1,058 as of the 2010 census.  The community consists of a private 6800 acre development located several miles southeast of downtown Galena.  The Territory, which is managed by a homeowners association, has set aside 1500 acre of protected recreational land.  The remainder is filled with low-density residential development and Eagle Ridge Resort & Spa.  As of Aug. 27, 2017, there were 4,082 property owners.  As of Aug. 27, 2017, there are 554 permanent residences with 1,675 vacation residences.
Campus of Michigan State University: The campus of Michigan State University is located in East Lansing on the banks of the Red Cedar River, and comprises a contiguous area of 5200 acre , 2000 acre of which are developed.  Built amid virgin forest, the campus opened in 1855 with three buildings, none of which remain.  As an agricultural college, the campus was originally located several miles outside of the city of Lansing, but as the population of the college grew, the city of East Lansing developed just north of the area's main avenue.
Arnold Lava Tube System: The Arnold Lava Tube System (or Arnold system) is series of lava tubes in Deschutes County, Oregon, of the United States.  It is located several miles southeast of the city of Bend.  The system starts in the Deschutes National Forest on the northern flank of Newberry Volcano, heads ... (skrócone)",,Multi-hop reasoning error
5ab3fcf455429976abd1bd14,C3,"Mulan and Underdog, have which mutual genre?",comedy,"I couldn't find any direct evidence that Mulan (1998 film) and Underdog share a mutual genre from the provided texts. However, if we consider the fact that Mulan is an animated musical action comedy-drama film and Underdog is a family superhero comedy film, we can say they both belong to the same general genre of ""Comedy"" or more specifically ""Animated Comedy/Drama"" for Mulan, but this is not a direct mutual genre from the texts.","Horizons of Expectation: The phrase ""Horizons of Expectation"" is a term fundamental to German academic Hans Robert Jauss's Reception theory.  The concept is a component of his theory of literary history where his intention is to minimise the gulf between the schools of literature and history which have previously relegated the reader to play only a minor role in the interpretation of literature.  Specifically, it is the structure by which a person comprehends, decodes and appraises any text based on cultural codes and conventions particular to their time in history.  These horizons are therefore historically flexible meaning readers may interpret and value a text differently from a previous generation.  It emphasises the reader as an important element in the processing of texts.  According to Jauss, the reader approaches a text armed with the knowledge and experience gained from interactions with other texts.  These earlier texts arouse familiarity for the reader based on expectations and rules of genre and style.  Jauss describes it this way, 'a literary work is not an object which stands by itself and which offers the same face to each reader in each period'.  Thus reading is not an 'autonomous, free and individual' experience but rather a collection of mutual concepts fitting a period or a people.
Nepali Sahitya Parishad Sikkim: Nepali Sahitya Parishad (Nepali:नेपाली साहित्य परिषद सिक्किम) is a Literary organisation of Nepali language and literature in Sikkim which was est... (skrócone)",,Multi-hop reasoning error
5a7d0af455429909bec76916,C4,Who created the practice in which the Florida Legislative Investigation Committee used during the era of the Second Red Scare?,Joseph McCarthy,"To answer this question, I will analyze the provided texts to determine who created the practice used by the Florida Legislative Investigation Committee during the era of the Second Red Scare.

The key text that provides relevant information is ""Florida Legislative Investigation Committee"". According to this text, the committee was established in 1956, during the era of the Second Red Scare and the Lavender Scare. However, it does not mention who created the practice used by the committee.

To find out more about the practice used by the Florida Legislative Investigation Committee, I will look at other texts that might be related to the topic. The text ""Card-carrying Communist"" mentions that this term was popularized during the Second Red Scare as a label for members of communist and far-left organizations. However, it does not mention the Florida Legislative Investigation Committee.

The text ""Red-baiting"" defines red-baiting as an informal logical fallacy that intends to discredit an opponent's argument by accusing them of being a communist or sympathetic towards communism. This definition might be relevant to the practice used by the Florida Legislative Investigation Committee, but it does not mention who created this practice.

The text ""Homosexuality and Citizenship in Florida"" mentions that the Purple Pamphlet was published by the Florida Legislative Investigation Committee in 1964. The pamphlet contained several pornographic images and a glossary of terminology used in the gay community. This text might provide some insight into the practices used by the committee, but it does not mention who created these practices.

After analyzing all the provided texts, I found that none of them directly mentions who created the practice used by the Florida Legislative Investigation Committee during the era of the Second Red Scare. However, based on the context and the definition of red-baiting, it can be inferred that the committee likely used this practice to discredit individuals or groups accused of being communists or sympathetic towards communism.

Therefore, I will provide a tentative answer:

The final answer is: It cannot be determined from the provided texts who created the practice used by the Florida Legislative Investigation Committee during the era of the Second Red Scare.","Gus Hall: Gus Hall (born Arvo Kustaa Halberg; October 8, 1910 – October 13, 2000) was a leader and chairman of the Communist Party USA (CPUSA) and its four-time U.S. presidential candidate.  As a labor leader, Hall was closely associated with the so-called ""Little Steel"" Strike of 1937, an effort to unionize the nation's smaller, regional steel manufacturers.  During the Second Red Scare, Hall was indicted under the Smith Act and was sentenced to eight years in prison.  After his release, Hall led the CPUSA for over 40 years, often taking an orthodox Marxist–Leninist stance.
McCarthyism: McCarthyism is the practice of making accusations of subversion or treason without proper regard for evidence.  The term refers to U.S. Senator Joseph McCarthy and has its origins in the period in the United States known as the Second Red Scare, lasting roughly from 1947 to 1956 and characterized by heightened political repression as well as a campaign spreading fear of influence on American institutions and of espionage by Soviet agents.
Lavender scare: The lavender scare refers to a witch hunt and the mass firings of gay people in the 1950s from the United States government.  It paralleled the anti-communist campaign known as McCarthyism and the Second Red Scare.  Gay men and lesbians were said to be security risks and communist sympathizers, which led to the call to remove them from state employment.
Card-carrying Communist: ""Card-carrying communist"" is a term popularised during the Second... (skrócone)",,Multi-hop reasoning error
5a7b7f6e5542995eb53be93c,C3,"What level of the Argentine football system does the club based in the leafy, northern neighborhood of Buenos Aires play?",Primera B Metropolitana,"There is no text that describes a football club based in the leafy, northern neighborhood of Buenos Aires (Belgrano). However, it appears you're asking about a different team.

Since there isn't any specific information provided in the given texts about a team playing in Belgrano, I can tell you about the team from the other text that's related to this location:

Club Atlético Excursionistas is an Argentine football club based in the Belgrano neighbourhood of Buenos Aires. The squad currently plays in the Primera B Metropolitana, the third level of the Argentine football league system.","CA Excursionistas: Club Atlético Excursionistas (familiarly called Excursio by fans) is an Argentine football club based in the Belgrano neighbourhood of Buenos Aires.  The squad currently plays in the Primera B Metropolitana, the third level of the Argentine football league system.
Edward Banfield (railroad engineer): Edward Banfield (9 February 1837 – 6 July 1872) was an English railroad engineer who drove the first locomotive (""La Porteña"") through Buenos Aires, Argentina, in 1857 as part of the Buenos Aires Western Railway.  He was the first General Manager of the British-owned Buenos Aires Great Southern Railway between 1865 and 1872, founded in Argentina by Edward Lund in 1862.  Banfield died in 1872, and the town of Banfield in Buenos Aires Province, founded in 1873, was named after him.  The professional Argentine football club Club Atlético Banfield also carries his name.
Estudiantes de Buenos Aires: Club Atlético Estudiantes, usually called Estudiantes de Caseros or Estudiantes de Buenos Aires, is an Argentine football club from Caseros, Buenos Aires.  The club is mostly known for its football team, which currently plays in the Primera B Metropolitana, the regionalised third division of the Argentine football league system.
Sportivo Dock Sud: Club Sportivo Dock Sud is an Argentine football club based in the Dock Sud district of Avellaneda Partido, Greater Buenos Aires.  The club is mostly known for its football team, which currently plays in Primera C Metropolitana,... (skrócone)",,Multi-hop reasoning error
5abbe54f554299114383a085,C2,"The 1992–93 NBA season was the Magic's fourth season in the National Basketball Association, in December, the team acquired Steve Kerr, an American former professional basketball player and the current head coach, of the which organization?",Golden State Warriors,"The current head coach of the Golden State Warriors, Steve Kerr, was acquired by the Orlando Magic from the Cleveland Cavaliers during the 1992-93 NBA season.","1992–93 Orlando Magic season: The 1992–93 NBA season was the Magic's fourth season in the National Basketball Association.  This season held a lot of promise as Shaquille O'Neal was drafted first overall by the Magic in the 1992 NBA draft.  Meanwhile, the Magic signed free agent Donald Royal during the offseason.  There were predictions that O'Neal would become the next dominant center in the NBA.  Shaq became an instant superstar with merchandising that rivaled only Michael Jordan.  The Magic started to show improvement winning eight of their first eleven games, but then lost six straight afterwards.  In December, the team acquired Steve Kerr from the Cleveland Cavaliers.  However, the Magic had various problems with injuries as Dennis Scott was out with a sore Achilles tendon at midseason, as the Magic lost a tie-breaker for the final playoff spot in the Eastern Conference to the Indiana Pacers with a 41–41 record.
1992–93 New York Knicks season: The 1992–93 NBA season was the 47th season for the New York Knicks in the National Basketball Association.  During the offseason, the Knicks acquired Charles D. Smith, Doc Rivers and Bo Kimble from the Los Angeles Clippers.  Other acquisitions included Rolando Blackman from the Dallas Mavericks, Tony Campbell from the Minnesota Timberwolves, and free agent Herb Williams.  The Knicks finished the season by winning 24 of their final 28 games, including a nine-game winning streak in March and five straight victories to end the season.... (skrócone)",,Multi-hop reasoning error
5ab9984c5542996be2020567,C2,What country do the people live who came up with the word Axé comes from? ,Nigeria,"The country where the people live who came up with the word ""Axé"" comes from is Brazil.","Adiyan: Adiyan or Adiya people live in the northern hill districts of Kerala.  It's an exonym, people prefer to be called as Ravula.  Linguistically and ethnically they are related to Ravula language speaking Yerava tribe living in the neighbouring Coorg district of Karnataka.  The word Adiyan means “service class” in Malayalam.  The Adiyans are found in the Wayanad and Kannur districts of Kerala.  Most of them are agricultural workers and are in the process of detribalizating.  It is believed that they were agricultural serfs in the past.  During the annual festival at the Valliyurkkavu temple in Mananthavady, Wayand, the Adiyar people used to gather where they trade services with landlords.
Nguni people: The Nguni people are a group of Bantu peoples who primarily speak Nguni languages and currently reside predominantly in Southern Africa.  The Nguni people are Xhosa, Zulu, Ndebele and Swazi people.  They predominantly live in South Africa.  Swazi people live in both South Africa and Swaziland.  While Ndebele people live in both South Africa and Zimbabwe.  In South Africa, the historic Nguni kingdoms of the Xhosa, Zulu, Ndebele and Swazi lie on the present provinces of the Eastern Cape, KwaZulu-Natal, and Mpumalanga.  The most notable of these kingdoms is the Zulu Kingdom which was ruled by Shaka kaSenzangakhona, a powerful warrior king whose conquest took place in the early nineteenth century.
Thayal Eniyadi: Thayal Eniyadi is a place that comes under Bandadka village and K... (skrócone)",,Multi-hop reasoning error
5a74adca55429974ef308c30,C5,What acute metabolic condition can be defined by the elevation of a yellow compound that occurs in normal catabolic pathway that breaks down heme in vertebrates? ,Zieve's syndrome,"To answer this question, I need to identify an acute metabolic condition that is defined by the elevation of a yellow compound that occurs in the normal catabolic pathway that breaks down heme in vertebrates.

Step 1: Identify the key components mentioned in the question.
- Acute metabolic condition
- Elevation of a yellow compound
- Normal catabolic pathway that breaks down heme in vertebrates

Step 2: Analyze each text to find information related to these components.
- Bilirubin (formerly referred to as haematoidin and discovered by Rudolf Virchow in 1847) is a yellow compound that occurs in the normal catabolic pathway that breaks down heme in vertebrates.

Step 3: Identify the condition associated with bilirubin elevation.
- Zieve's syndrome is an acute metabolic condition that can occur during withdrawal from prolonged alcohol abuse. It is defined by hemolytic anemia (with spur cells and acanthocytes), hyperlipoproteinaemia (excessive blood lipoprotein), jaundice (elevation of unconjugated bilirubin), and abdominal pain.

Step 4: Determine the relationship between Zieve's syndrome and the breakdown of heme.
- The elevation of unconjugated bilirubin is directly related to the breakdown of heme in vertebrates, as it is a byproduct of this process.

Conclusion:
The acute metabolic condition that can be defined by the elevation of a yellow compound (bilirubin) that occurs in the normal catabolic pathway that breaks down heme in vertebrates is Zieve's syndrome.","Flux (metabolism): Flux, or metabolic flux is the rate of turnover of molecules through a metabolic pathway.  Flux is regulated by the enzymes involved in a pathway.  Within cells, regulation of flux is vital for all metabolic pathways to regulate the pathway's activity under different conditions.  Flux is therefore of great interest in metabolic network modelling, where it is analysed via flux balance analysis.
Metabolomic Pathway Analysis: Metabolomic Pathway Analysis, shortened to MetPA, is a freely available, user-friendly web server to assist with the identification analysis and visualization of metabolic pathways using metabolomic data.  MetPA makes use of advances originally developed for pathway analysis in microarray experiments and applies those principles and concepts to the analysis of metabolic pathways.  For input, MetPA expects either a list of compound names (identified as statistically significant or significant perturbed) or a metabolite concentration table with phenotypic labels (i.e. sick vs. healthy).  The list of compounds can include common names, HMDB IDs or KEGG IDs with one compound per row.  Compound concentration tables must have samples in rows and compounds in columns.  MetPA’s output is a series of tables indicating which pathways are significantly enriched (along with accompanying statistics) as well as a variety of graphs or pathway maps illustrating where and how certain pathways were enriched.  MetPA’s graphical output uses a colorful Google... (skrócone)",,Multi-hop reasoning error
5a8fa6e05542995b44242083,C3,"What prize was the translator of the song ""My Boy"" awarded? ",the Gold Badge,"There is no specific mention of a prize being awarded to the translator of ""My Boy"". The translation was done by Phil Coulter and Bill Martin, but they do not appear to have received any notable awards or prizes for this work.","Banipal Prize for Arabic Literary Translation: The Banipal Prize, whose full name is the Saif Ghobash–Banipal Prize for Arabic Literary Translation, is an annual prize awarded to a translator (or translators) for the published English translation of a full-length literary work in the Arabic language.  The prize was inaugurated in 2006 by the literary magazine ""Banipal"" which promotes the diffusion of contemporary Arabic literature through English translations and the Banipal Trust for Arab Literature.  It is administered by the Society of Authors in the UK (which runs a number of similar literary translation prizes), and the prize money is sponsored by Omar Saif Ghobash and his family in memory of Ghobash's late father Saif Ghobash.  As of 2009, the prize money amounted to £3000.
Peter Handke: Peter Handke (] ; born 6 December 1942) is an Austrian novelist, playwright and translator.  His writings about the Yugoslav Wars and subsequent NATO bombing of Yugoslavia with criticism of the Western position and his speech at the funeral of Slobodan Milošević have caused controversy, and he has been widely described as an apologist for far-right Serbian nationalism.  He has been awarded the Georg Büchner Prize, the Franz Kafka Prize and the International Ibsen Award; the latter award was extremely controversial and Handke was met by protesters in Oslo and widely described by critics in Norwegian media as a fascist with ties to war criminals.  In 2006 his nomination for the Heinrich H... (skrócone)",,Multi-hop reasoning error
5a8edaef55429917b4a5bde6,C5,What part did the star of The Michael J. Fox Show have on Spin City?,Mike Flaherty,"To answer the question, we need to find out which actor played a part on Spin City and also had a role on The Michael J. Fox Show.

From the provided texts, we can see that:

* Tom Degnan had roles on several TV shows, including ""The Michael J. Fox Show"".
* However, there is no information in the provided texts about Tom Degnan having a role on Spin City.
* On the other hand, Michael Hobert had a recurring role on Scrubs and also starred in Spin City.

Therefore, based on the provided texts, it seems that Michael Hobert was the actor who played a part on both Spin City and The Michael J. Fox Show.","Juliette Goglia: Juliette Rose Goglia (born September 22, 1995) is an American actress.  She is best known for portraying Sierra in the Disney Channel series ""That's So Raven"", Hannah West in the CBS series """", and Eve Henry on ""The Michael J. Fox Show"".
The Churchills (American band): The Churchills are an indie pop/rock foursome from the New York/New Jersey area.  They are probably most commonly known for their appearance on the television show Spin City, during season 3 in the episode titled ""Internal Affairs"".  They performed their song ""Everybody Gets What They Deserve"" at the end of the show in front of the Flatiron Building in Manhattan.  This same song is also featured in the TV show Scrubs, in the episode titled My Lips Are Sealed.  Meadow Soprano wears a band T-shirt in Episode 3 of Season 2 of The Sopranos, and again in Episode 3 of Season 3.
Tom Degnan: Tom Degnan (born September 24, 1982 in Bucks County, Pennsylvania) is an American actor.  He is best known for his role on ""One Life to Live"" as Joey Buchanan from 2010 to 2011.  He also appeared in ""As the World Turns"" in 2009 as Riley Morgan/Adam Munson.  Additional appearances include ""Handsome Harry"", alongside Steve Buscemi, and ""Little Miss Perfect"", alongside Lilla Crawford.  In 2013 he played the role of Fire Marshall Rick Kelly in the 10th episode of the 4th season of the CBS police procedural drama ""Blue Bloods"" in the episode ""Mistaken Identity"".  He has also played roles in the TV shows ""Lipstick Jungle... (skrócone)",,Entity confusion
5ab3fcf455429976abd1bd14,C2,"Mulan and Underdog, have which mutual genre?",comedy,"There is no mutual genre shared by Mulan (1998 film) and Underdog (film). They belong to different genres: Mulan is an animated musical action comedy-drama film, while Underdog is a family superhero comedy film.","Horizons of Expectation: The phrase ""Horizons of Expectation"" is a term fundamental to German academic Hans Robert Jauss's Reception theory.  The concept is a component of his theory of literary history where his intention is to minimise the gulf between the schools of literature and history which have previously relegated the reader to play only a minor role in the interpretation of literature.  Specifically, it is the structure by which a person comprehends, decodes and appraises any text based on cultural codes and conventions particular to their time in history.  These horizons are therefore historically flexible meaning readers may interpret and value a text differently from a previous generation.  It emphasises the reader as an important element in the processing of texts.  According to Jauss, the reader approaches a text armed with the knowledge and experience gained from interactions with other texts.  These earlier texts arouse familiarity for the reader based on expectations and rules of genre and style.  Jauss describes it this way, 'a literary work is not an object which stands by itself and which offers the same face to each reader in each period'.  Thus reading is not an 'autonomous, free and individual' experience but rather a collection of mutual concepts fitting a period or a people.
Nepali Sahitya Parishad Sikkim: Nepali Sahitya Parishad (Nepali:नेपाली साहित्य परिषद सिक्किम) is a Literary organisation of Nepali language and literature in Sikkim which was est... (skrócone)",,Multi-hop reasoning error
5abfd0745542997ec76fd453,C5,"K Trevor Wilson, is a Canadian comedian, writer and actor, he grew up in Toronto, Ontario and is best known as the character Squirrely Dan on the show Letterkenny, Letterkenny is a Canadian television sitcom created by Jared Keeso and Jacob Tierney, that debuted on what?",CraveTV,"To answer this question, I will refer to the text that mentions Letterkenny.

Text: Letterkenny is a Canadian television sitcom created by Jared Keeso and Jacob Tierney, that debuted on CraveTV in February 2016, and later also aired on The Comedy Network. 

The question asks for the debut date of Letterkenny on any platform. Therefore, I will choose the correct answer based on this information.

Final Answer: 
The final answer is February 2016.","Letterkenny (TV series): Letterkenny is a Canadian television sitcom created by Jared Keeso and Jacob Tierney, that debuted on CraveTV in February 2016, and later also aired on The Comedy Network.  The show stars Keeso and Nathan Dales as Wayne and Daryl, two friends living in the small town of Letterkenny, Ontario, a fictional community loosely based on Keeso's own hometown of Listowel, Ontario.
Mosquito Lake (TV series): Mosquito Lake was a short-lived Canadian television sitcom, which aired on CBC Television in the 1989-90 television season.  The show, a family sitcom, starred comedian Mike MacDonald as the father of a family spending the summer in a dilapidated cottage on Mosquito Lake.  The cast also included Mary Long, Tara Strong, Maria Vacratsis, Bradley Machry and Dan Redican.  The show was created by Paul Willis.
K Trevor Wilson: K Trevor Wilson (born March 9, 1981) is a Canadian comedian, writer and actor.  He grew up in Toronto, Ontario and is best known as the character Squirrely Dan on the show Letterkenny.
Jared Keeso: Jared Keeso ( , born July 1, 1984) is an award-winning Canadian actor.  He currently stars as the series lead in the role of Wayne in the sitcom ""Letterkenny"", which he also created and as the series lead of ""19-2"" in the role of Ben Chartier.
Little Mosque on the Prairie: Little Mosque on the Prairie is a Canadian television sitcom created by Zarqa Nawaz and produced by WestWind Pictures, originally broadcast between 2007 and 2012 on CBC.  Filme... (skrócone)",,Format error
5a7440b155429974ef308bc7,C5,"What American songwriter, born in 1932, wrote a pop hit single released by Nancy Sinatra? ","Billy Edward ""Edd"" Wheeler","To answer this question, I will look through the provided texts for information about an American songwriter born in 1932 who wrote a pop hit single released by Nancy Sinatra.

The text ""Billy Edd Wheeler"" mentions Billy Edward ""Edd"" Wheeler (born December 9, 1932), but it doesn't mention him writing any songs for Nancy Sinatra. 

However, the text ""Kenny Young"" mentions Kenny Young as an American songwriter who wrote or produced Top 40 hit songs for various artists, including Nancy Sinatra.

The text ""Jackson (Johnny Cash and June Carter song)"" does not mention a songwriter born in 1932 writing a pop hit single released by Nancy Sinatra.

The text ""Sugar Town"" mentions the song written by Lee Hazlewood, but it doesn't mention him being born in 1932. 

The text ""Summer Wine"" also mentions Lee Hazlewood as the writer of the song, but again, it does not mention his birth year.

Based on this information, I will look for another text that might provide a match to the question's requirements. The text ""You Only Live Twice (song)"" doesn't mention a songwriter born in 1932 writing a pop hit single released by Nancy Sinatra.

The text ""Shot You Down"" mentions Billy Strange on guitar and Nancy Sinatra on vocals, but it does not mention an American songwriter born in 1932 who wrote a pop hit single for Nancy Sinatra.

However, the text ""Kenny Young"" is the only one that mentions Kenny Young as an American songwriter, producer, and environmentalist who has been active from 1963 to the present. It also specifically states that he wrote or produced Top 40 hit songs for various artists, including Nancy Sinatra.

Based on this information, I can conclude that the answer is Kenny Young.","Movin' with Nancy (album): Movin' with Nancy is the soundtrack to Nancy Sinatra's 1967 television special of the same name.  It is notable for the inclusion of the hit single ""Some Velvet Morning"", a song composed by and performed with Lee Hazlewood.  The album was arranged and conducted by Billy Strange.
Don't Let Him Waste Your Time: ""Don't Let Him Waste Your Time"" is a song by English singer and songwriter Jarvis Cocker.  Before recording the song for his debut solo album ""Jarvis"" in November 2006, the song appeared on Nancy Sinatra's self-titled 2004 album (""Nancy Sinatra"") (along with ""Baby's Coming Back to Me"", which also made it onto ""Jarvis"").  The song was released as a single on 8 January 2007, reaching number 36 in the UK Singles Chart and number 1 on the UK indie chart.
Kenny Young: Kenny Young is an American songwriter, producer and environmentalist who has been an active writer, artist, and producer from 1963 to the present.  His most famous songs are ""Under the Boardwalk,"" co-written with Arthur Resnick, ""Ai No Corrida"", ""Just a Little Bit Better"", ""SSSingle Bed', ""Captain of Your Ship"", Just One More Night"",and ""Only You Can"".  ""Under the Boardwalk"" was recorded by The Drifters in 1964 and also by The Rolling Stones, The Beach Boys, John Mellencamp, Ricky Lee Jones, The Undertones, Aaron Neville, Bette Midler and many other artists.  Young also wrote or produced Top 40 hit songs for Herman's Hermits, Quincy Jones, Ben E. King, Mark Lindsay, Reparata and the De... (skrócone)",,Multi-hop reasoning error
5a8fa6e05542995b44242083,C4,"What prize was the translator of the song ""My Boy"" awarded? ",the Gold Badge,"To answer this question, I need to find a prize that is associated with the translation of the song ""My Boy"". 

The text about Phil Coulter mentions that he was awarded the Gold Badge from the British Academy of Songwriters, Composers and Authors in October 2009. However, there is no mention of him being involved in translating the song ""My Boy"".

The text about Hanni Ossott mentions several prizes she received, but none of them are related to the translation of ""My Boy"".

The text about Kiril Kadiiski lists many awards and honors he has received, but again, there is no mention of him being involved in translating ""My Boy"".

The text about the Merck Kakehashi Literature Prize mentions that it is a biannual literary translation prize awarded by the Goethe-Institut Tokyo and Merck KGaA. However, this prize is for works by German authors made accessible to a Japanese readership.

The text about the Popescu Prize mentions that it is given by the Poetry Society for a volume of poetry translated from a European language into English. This prize does not seem to be related to song translations.

The text about the American Literary Translators Association (ALTA) mentions several prizes, including the National Translation Award and the Lucien Stryk Asian Translation Prize. However, there is no mention of these prizes being associated with the translation of ""My Boy"".

The text about Phil Coulter also mentions that he translated the lyrics of ""My Boy"" from French into English.

Since Phil Coulter was involved in translating the song ""My Boy"", I will look for a prize that might be related to him. The text about Phil Coulter mentions that he was awarded the Gold Badge from the British Academy of Songwriters, Composers and Authors in October 2009. However, this is not specifically related to the translation of ""My Boy"".

The only other relevant text is the one about the Banipal Prize for Arabic Literary Translation. This prize is awarded to a translator (or translators) for the published English translation of a full-length literary work in the Arabic language. There is no mention of song translations.

However, I also found another text that mentions Phil Coulter's involvement with translating ""My Boy"". The text about the Gold Badge from the British Academy of Songwriters, Composers and Authors does not seem to be related to the translation of ""My Boy"", but it mentions that Phil Coulter was awarded this prize in 2009.

The only other relevant text is the one about the Popescu Prize. This prize is given by the Poetry Society for a volume of poetry translated from a European language into English. However, there is no mention of song translations.

I also found another text that mentions Phil Coulter's involvement with translating ""My Boy"". The text about the American Literary Translators Association (ALTA) does not seem to be related to the translation of ""My Boy"", but it mentions several prizes, including the National Translation Award and the Lucien Stryk Asian Translation Prize.

However, I also found another text that mentions Phil Coulter's involvement with translating ""My Boy"". The text about the Banipal Prize for Arabic Literary Translation does not seem to be related to song translations.

The only other relevant text is the one about the Merck Kakehashi Literature Prize. This prize is awarded by the Goethe-Institut Tokyo and Merck KGaA, a German chemical and pharmaceutical company. It is for works by German authors made accessible to a Japanese readership.

However, I also found another text that mentions Phil Coulter's involvement with translating ""My Boy"". The text about the Popescu Prize does not seem to be related to song translations.

The only other relevant text is the one about the American Literary Translators Association (ALTA). This organization bridges cultural communication and understanding among countries and languages through the art and craft of literary translation. It promotes literary translation through its annual conference, which draws hundreds of translators and literary professionals from around the world; the National Translation Award, an annual $5,000 prize for the best book-length translation into English of a work of fiction, poetry, or literary non-fiction.

However, I also found another text that mentions Phil Coulter's involvement with translating ""My Boy"". The text about the Banipal Prize for Arabic Literary Translation does not seem to be related to song translations.

The only other relevant text is the one about the Merck Kakehashi Literature Prize. This prize is awarded by the Goethe-Institut Tokyo and Merck KGaA, a German chemical and pharmaceutical company. It is for works by German authors made accessible to a Japanese readership.

However, I also found another text that mentions Phil Coulter's involvement with translating ""My Boy"". The text about the Popescu Prize does not seem to be related to song translations.

The only other relevant text is the one about the American Literary Translators Association (ALTA). This organization bridges cultural communication and understanding among countries and languages through the art and craft of literary translation. It promotes literary translation through its annual conference, which draws hundreds of translators and literary professionals from around the world; the National Translation Award, an annual $5,000 prize for the best book-length translation into English of a work of fiction, poetry, or literary non-fiction.

However, I also found another text that mentions Phil Coulter's involvement with translating ""My Boy"". The text about the Banipal Prize for Arabic Literary Translation does not seem to be related to song translations.

The only other relevant text is the one about the Merck Kakehashi Literature Prize. This prize is awarded by the Goethe-Institut Tokyo and Merck KGaA, a German chemical and pharmaceutical company. It is for works by German authors made accessible to a Japanese readership.

However, I also found another text that mentions Phil Coulter's involvement with translating ""My Boy"". The text about the Popescu Prize does not seem to be related to song translations.

The only other relevant text is the one about the American Literary Translators Association (ALTA). This organization bridges cultural communication and understanding among countries and languages through the art and craft of literary translation. It promotes literary translation through its annual conference, which draws hundreds of translators and literary professionals from around the world; the National Translation Award, an annual $5,000 prize for the best book-length translation into English of a work of fiction, poetry, or literary non-fiction.

However, I also found another text that mentions Phil Coulter's involvement with translating ""My Boy"". The text about the Banipal Prize for Arabic Literary Translation does not seem to be related to song translations.

The only other relevant text is the one about the Merck Kakehashi Literature Prize. This prize is awarded by the Goethe-Institut Tokyo and Merck KGaA, a German chemical and pharmaceutical company. It is for works by German authors made accessible to a Japanese readership.

However, I also found another text that mentions Phil Coulter's involvement with translating ""My Boy"". The text about the Popescu Prize does not seem to be related to song translations.

The only other relevant text is the one about the American Literary Translators Association (ALTA). This organization bridges cultural communication and understanding among countries and languages through the art and craft of literary translation. It promotes literary translation through its annual conference, which draws hundreds of translators and literary professionals from around the world; the National Translation Award, an annual $5,000 prize for the best book-length translation into English of a work of fiction, poetry, or literary non-fiction.

However, I also found another text that mentions Phil Coulter's involvement with translating ""My Boy"". The text about the Banipal Prize for Arabic Literary Translation does not seem to be related to song translations.

The only other relevant text is the one about the Merck Kakehashi Literature Prize. This prize is awarded by the Goethe-Institut Tokyo and Merck KGaA, a German chemical and pharmaceutical company. It is for works by German authors made accessible to a Japanese readership.

However, I also found another text that mentions Phil Coulter's involvement with translating ""My Boy"". The text about the Popescu Prize does not seem to be related to song translations.

The only other relevant text is the one about the American Literary Translators Association (ALTA). This organization bridges cultural communication and understanding among countries and languages through the art and craft of literary translation. It promotes literary translation through its annual conference, which draws hundreds of translators and literary professionals from around the world; the National Translation Award, an annual $5,000 prize for the best book-length translation into English of a work of fiction, poetry, or literary non-fiction.

However, I also found another text that mentions Phil Coulter's involvement with translating ""My Boy"". The text about the Banipal Prize for Arabic Literary Translation does not seem to be related to song translations.

The only other relevant text is the one about the Merck Kakehashi Literature Prize. This prize is awarded by the Goethe-Institut Tokyo and Merck KGaA, a German chemical and pharmaceutical company. It is for works by German authors made accessible to a Japanese readership.

However, I also found another text that mentions Phil Coulter's involvement with translating ""My Boy"". The text about the Popescu Prize does not seem to be related to song translations.

The only other relevant text is the one about the American Literary Translators Association (ALTA). This organization bridges cultural communication and understanding among countries and languages through the art and craft of literary translation. It promotes literary translation through its annual conference, which draws hundreds of translators and literary professionals from around the world; the National Translation Award, an annual $5,000 prize for the best book-length translation into English of a work of fiction, poetry, or literary non-fiction.

However, I also found another text that mentions Phil Coulter's involvement with translating ""My Boy"". The text about the Banipal Prize for Arabic Literary Translation does not seem to be related to song translations.

The only other relevant text is the one about the Merck Kakehashi Literature Prize. This prize is awarded by the Goethe-Institut Tokyo and Merck KGaA, a German chemical and pharmaceutical company. It is for works by German authors made accessible to a Japanese readership.

However, I also found another text that mentions Phil Coulter's involvement with translating ""My Boy"". The text about the Popescu Prize does not seem to be related to song translations.

The only other relevant text is the one about the American Literary Translators Association (ALTA). This organization bridges cultural communication and understanding among countries and languages through the art and craft of literary translation. It promotes literary translation through its annual conference, which draws hundreds of translators and literary professionals from around the world; the National Translation Award, an annual $5,000 prize for the best book-length translation into English of a work of fiction, poetry, or literary non-fiction.

However, I also found another text that mentions Phil Coulter's involvement with translating ""My Boy"". The text about the Banipal Prize for Arabic Literary Translation does not seem to be related to song translations.

The only other relevant text is the one about the Merck Kakehashi Literature Prize. This prize is awarded by the Goethe-Institut Tokyo and Merck KGaA, a German chemical and pharmaceutical company. It is for works by German authors made accessible to a Japanese readership.

However, I also found another text that mentions Phil Coulter's involvement with translating ""My Boy"". The text about the Popescu Prize does not seem to be related to song translations.

The only other relevant text is the one about the American Literary Translators Association (ALTA). This organization bridges cultural communication and understanding among countries and languages through the art and craft of literary translation. It promotes literary translation through its annual conference, which draws hundreds of translators and literary professionals from around the world; the National Translation Award, an annual $5,000 prize for the best book-length translation into English of a work of fiction, poetry, or literary non-fiction.

However, I also found another text that mentions Phil Coulter's involvement with translating ""My Boy"". The text about the Banipal Prize for Arabic Literary Translation does not seem to be related to song translations.

The only other relevant text is the one about the Merck Kakehashi Literature Prize. This prize is awarded by the Goethe-Institut Tokyo and Merck KGaA, a German chemical and pharmaceutical company. It is for works by German authors made accessible to a Japanese readership.

However, I also found another text that mentions Phil Coulter's involvement with translating ""My Boy"". The text about the Popescu Prize does not seem to be related to song translations.

The only other relevant text is the one about the American Literary Translators Association (ALTA). This organization bridges cultural communication and understanding among countries and languages through the art and craft of literary translation. It promotes literary translation through its annual conference, which draws hundreds of translators and literary professionals from around the world; the National Translation Award, an annual $5,000 prize for the best book-length translation into English of a work of fiction, poetry, or literary non-fiction.

However, I also found another text that mentions Phil Coulter's involvement with translating ""My Boy"". The text about the Banipal Prize for Arabic Literary Translation does not seem to be related to song translations.

The only other relevant text is the one about the Merck Kakehashi Literature Prize. This prize is awarded by the Goethe-Institut Tokyo and Merck KGaA, a German chemical and pharmaceutical company. It is for works by German authors made accessible to a Japanese readership.

However, I also found another text that mentions Phil Coulter's involvement with translating ""My Boy"". The text about the Popescu Prize does not seem to be related to song translations.

The only other relevant text is the one about the American Literary Translators Association (ALTA). This organization bridges cultural communication and understanding among countries and languages through the art and craft of literary translation. It promotes literary translation through its annual conference, which draws hundreds of translators and literary professionals from around the world; the National Translation Award, an annual $5,000 prize for the best book-length translation into English of a work of fiction, poetry, or literary non-fiction.

However, I also found another text that mentions Phil Coulter's involvement with translating ""My Boy"". The text about the Banipal Prize for Arabic Literary Translation does not seem to be related to song translations.

The only other relevant text is the one about the Merck Kakehashi Literature Prize. This prize is awarded by the Goethe-Institut Tokyo and Merck KGaA, a German chemical and pharmaceutical company. It is for works by German authors made accessible to a Japanese readership.

However, I also found another text that mentions Phil Coulter's involvement with translating ""My Boy"". The text about the Popescu Prize does not seem to be related to song translations.

The only other relevant text is the one about the American Literary Translators Association (ALTA). This organization bridges cultural communication and understanding among countries and languages through the art and craft of literary translation. It promotes literary translation through its annual conference, which draws hundreds of translators and literary professionals from around the world; the National Translation Award, an annual $5,000 prize for the best book-length translation into English of a work of fiction, poetry, or literary non-fiction.

However, I also found another text that mentions Phil Coulter's involvement with translating ""My Boy"". The text about the Banipal Prize for Arabic Literary Translation does not seem to be related to song translations.

The only other relevant text is the one about the Merck Kakehashi Literature Prize. This prize is awarded by the Goethe-Institut Tokyo and Merck KGaA, a German chemical and pharmaceutical company. It is for works by German authors made accessible to a Japanese readership.

However, I also found another text that mentions Phil Coulter's involvement with translating ""My Boy"". The text about the Popescu Prize does not seem to be related to song translations.

The only other relevant text is the one about the American Literary Translators Association (ALTA). This organization bridges cultural communication and understanding among countries and languages through the art and craft of literary translation. It promotes literary translation through its annual conference, which draws hundreds of translators and literary professionals from around the world; the National Translation Award, an annual $5,000 prize for the best book-length translation into English of a work of fiction, poetry, or literary non-fiction.

However, I also found another text that mentions Phil Coulter's involvement with translating ""My Boy"". The text about the Banipal Prize for Arabic Literary Translation does not seem to be related to song translations.

The only other relevant text is the one about the Merck Kakehashi Literature Prize. This prize is awarded by the Goethe-Institut Tokyo and Merck KGaA, a German chemical and pharmaceutical company. It is for works by German authors made accessible to a Japanese readership.

However, I also found another text that mentions Phil Coulter's involvement with translating ""My Boy"". The text about the Popescu Prize does not seem to be related to song translations.

The only other relevant text is the one about the American Literary Translators Association (ALTA). This organization bridges cultural communication and understanding among countries and languages through the art and craft of literary translation. It promotes literary translation through its annual conference, which draws hundreds of translators and literary professionals from around the world; the National Translation Award, an annual $5,000 prize for the best book-length translation into English of a work of fiction, poetry, or literary non-fiction.

However, I also found another text that mentions Phil Coulter's involvement with translating ""My Boy"". The text about the Banipal Prize for Arabic Literary Translation does not seem to be related to song translations.

The only other relevant text is the one about the Merck Kakehashi Literature Prize. This prize is awarded by the Goethe-Institut Tokyo and Merck KGaA, a German chemical and pharmaceutical company. It is for works by German authors made accessible to a Japanese readership.

However, I also found another text that mentions Phil Coulter's involvement with translating ""My Boy"". The text about the Popescu Prize does not seem to be related to song translations.

The only other relevant text is the one about the American Literary Translators Association (ALTA). This organization bridges cultural communication and understanding among countries and languages through the art and craft of literary translation. It promotes literary translation through its annual conference, which draws hundreds of translators and literary professionals from around the world; the National Translation Award, an annual $5,000 prize for the best book-length translation into English of a work of fiction, poetry, or literary non-fiction.

However, I also found another text that mentions Phil Coulter's involvement with translating ""My Boy"". The text about the Banipal Prize for Arabic Literary Translation does not seem to be related to song translations.

The only other relevant text is the one about the Merck Kakehashi Literature Prize. This prize is awarded by the Goethe-Institut Tokyo and Merck KGaA, a German chemical and pharmaceutical company. It is for works by German authors made accessible to a Japanese readership.

However, I also found another text that mentions Phil Coulter's involvement with translating ""My Boy"". The text about the Popescu Prize does not seem to be related to song translations.

The only other relevant text is the one about the American Literary Translators Association (ALTA). This organization bridges cultural communication and understanding among countries and languages through the art and craft of literary translation. It promotes literary translation through its annual conference, which draws hundreds of translators and literary professionals from around the world; the National Translation Award, an annual $5,000 prize for the best book-length translation into English of a work of fiction, poetry, or literary non-fiction.

However, I also found another text that mentions Phil Coulter's involvement with translating ""My Boy"". The text about the Banipal Prize for Arabic Literary Translation does not seem to be related to song translations.

The only other relevant text is the one about the Merck Kakehashi Literature Prize. This prize is awarded by the Goethe-Institut Tokyo and Merck KGaA, a German chemical and pharmaceutical company. It is for works by German authors made accessible to a Japanese readership.

However, I also found another text that mentions Phil Coulter's involvement with translating ""My Boy"". The text about the Popescu Prize does not seem to be related to song translations.

The only other relevant text is the one about the American Literary Translators Association (ALTA). This organization bridges cultural communication and understanding among countries and languages through the art and craft of literary translation. It promotes literary translation through its annual conference, which draws hundreds of translators and literary professionals from around the world; the National Translation Award, an annual $5,000 prize for the best book-length translation into English of a work of fiction, poetry, or literary non-fiction.

However, I also found another text that mentions Phil Coulter's involvement with translating ""My Boy"". The text about the Banipal Prize for Arabic Literary Translation does not seem to be related to song translations.

The only other relevant text is the one about the Merck Kakehashi Literature Prize. This prize is awarded by the Goethe-Institut Tokyo and Merck KGaA, a German chemical and pharmaceutical company. It is for works by German authors made accessible to a Japanese readership.

However, I also found another text that mentions Phil Coulter's involvement with translating ""My Boy"". The text about the Popescu Prize does not seem to be related to song translations.

The only other relevant text is the one about the American Literary Translators Association (ALTA). This organization bridges cultural communication and understanding among countries and languages through the art and craft of literary translation. It promotes literary translation through its annual conference, which draws hundreds of translators and literary professionals from around the world; the National Translation Award, an annual $5,000 prize for the best book-length translation into English of a work of fiction, poetry, or literary non-fiction.

However, I also found another text that mentions Phil Coulter's involvement with translating ""My Boy"". The text about the Banipal Prize for Arabic Literary Translation does not seem to be related to song translations.

The only other relevant text is the one about the Merck Kakehashi Literature Prize. This prize is awarded by the Goethe-Institut Tokyo and Merck KGaA, a German chemical and pharmaceutical company. It is for works by German authors made accessible to a Japanese readership.

However, I also found another text that mentions Phil Coulter's involvement with translating ""My Boy"". The text about the Popescu Prize does not seem to be related to song translations.

The only other relevant text is the one about the American Literary Translators Association (ALTA). This organization bridges cultural communication and understanding among countries and languages through the art and craft of literary translation. It promotes literary translation through its annual conference, which draws hundreds of translators and literary professionals from around the world; the National Translation Award, an annual $5,000 prize for the best book-length translation into English of a work of fiction, poetry, or literary non-fiction.

However, I also found another text that mentions Phil Coulter's involvement with translating ""My Boy"". The text about the Banipal Prize for Arabic Literary Translation does not seem to be related to song translations.

The only other relevant text is the one about the Merck Kakehashi Literature Prize. This prize is awarded by the Goethe-Institut Tokyo and Merck KGaA, a German chemical and pharmaceutical company. It is for works by German authors made accessible to a Japanese readership.

However, I also found another text that mentions Phil Coulter's involvement with translating ""My Boy"". The text about the Popescu Prize does not seem to be related to song translations.

The only other relevant text is the one about the American Literary Translators Association (ALTA). This organization bridges cultural communication and understanding among countries and languages through the art and craft of literary translation. It promotes literary translation through its annual conference, which draws hundreds of translators and literary professionals from around the world; the National Translation Award, an annual $5,000 prize for the best book-length translation into English of a work of fiction, poetry, or literary non-fiction.

However, I also found another text that mentions Phil Coulter's involvement with translating ""My Boy"". The text about the Banipal Prize for Arabic Literary Translation does not seem to be related to song translations.

The only other relevant text is the one about the Merck Kakehashi Literature Prize. This prize is awarded by the Goethe-Institut Tokyo and Merck KGaA, a German chemical and pharmaceutical company. It is for works by German authors made accessible to a Japanese readership.

However, I also found another text that mentions Phil Coulter's involvement with translating ""My Boy"". The text about the Popescu Prize does not seem to be related to song translations.

The only other relevant text is the one about the American Literary Translators Association (ALTA). This organization bridges cultural communication and understanding among countries and languages through the art and craft of literary translation. It promotes literary translation through its annual conference, which draws hundreds of translators and literary professionals from around the world; the National Translation Award, an annual $5,000 prize for the best book-length translation into English of a work of fiction, poetry, or literary non-fiction.

However, I also found another text that mentions Phil Coulter's involvement with translating ""My Boy"". The text about the Banipal Prize for Arabic Literary Translation does not seem to be related to song translations.

The only other relevant text is the one about the Merck Kakehashi Literature Prize. This prize is awarded by the Goethe-Institut Tokyo and Merck KGaA, a German chemical and pharmaceutical company. It is for works by German authors made accessible to a Japanese readership.

However, I also found another text that mentions Phil Coulter's involvement with translating ""My Boy"". The text about the Popescu Prize does not seem to be related to song translations.

The only other relevant text is the one about the American Literary Translators Association (ALTA). This organization bridges cultural communication and understanding among countries and languages through the art and craft of literary translation. It promotes literary translation through its annual conference, which draws hundreds of translators and literary professionals from around the world; the National Translation Award, an annual $5,000 prize for the best book-length translation into English of a work of fiction, poetry, or literary non-fiction.

However, I also found another text that mentions Phil Coulter's involvement with translating ""My Boy"". The text about the Banipal Prize for Arabic Literary Translation does not seem to be related to song translations.

The only other relevant text is the one about the Merck Kakehashi Literature Prize. This prize is awarded by the Goethe-Institut Tokyo and Merck KGaA, a German chemical and pharmaceutical company. It is for works by German authors made accessible to a Japanese readership.

However, I also found another text that mentions Phil Coulter's involvement with translating ""My Boy"". The text about the Popescu Prize does not seem to be related to song translations.

The only other relevant text is the one about the American Literary Translators Association (ALTA). This organization bridges cultural communication and understanding among countries and languages through the art and craft of literary translation. It promotes literary translation through its annual conference, which draws hundreds of translators and literary professionals from around the world; the National Translation Award, an annual $5,000 prize for the best book-length translation into English of a work of fiction, poetry, or literary non-fiction.

However, I also found another text that mentions Phil Coulter's involvement with translating ""My Boy"". The text about the Banipal Prize for Arabic Literary Translation does not seem to be related to song translations.

The only other relevant text is the one about the Merck Kakehashi Literature Prize. This prize is awarded by the Goethe-Institut Tokyo and Merck KGaA, a German chemical and pharmaceutical company. It is for works by German authors made accessible to a Japanese readership.

However, I also found another text that mentions Phil Coulter's involvement with translating ""My Boy"". The text about the Popescu Prize does not seem to be related to song translations.

The only other relevant text is the one about the American Literary Translators Association (ALTA). This organization bridges cultural communication and understanding among countries and languages through the art and craft of literary translation. It promotes literary translation through its annual conference, which draws hundreds of translators and literary professionals from around the world; the National Translation Award, an annual $5,000 prize for the best book-length translation into English of a work of fiction, poetry, or literary non-fiction.

However, I also found another text that mentions Phil Coulter's involvement with translating ""My Boy"". The text about the Banipal Prize for Arabic Literary Translation does not seem to be related to song translations.

The only other relevant text is the one about the Merck Kakehashi Literature Prize. This prize is awarded by the Goethe-Institut Tokyo and Merck KGaA, a German chemical and pharmaceutical company. It is for works by German authors made accessible to a Japanese readership.

However, I also found another text that mentions Phil Coulter's involvement with translating ""My Boy"". The text about the Popescu Prize does not seem to be related to song translations.

The only other relevant text is the one about the American Literary Translators Association (ALTA). This organization bridges cultural communication and understanding among countries and languages through the art and craft of literary translation. It promotes literary translation through its annual conference, which draws hundreds of translators and literary professionals from around the world; the National Translation Award, an annual $5,000 prize for the best book-length translation into English of a work of fiction, poetry, or literary non-fiction.

However, I also found another text that mentions Phil Coulter's involvement with translating ""My Boy"". The text about the Banipal Prize for Arabic Literary Translation does not seem to be related to song translations.

The only other relevant text is the one about the Merck Kakehashi Literature Prize. This prize is awarded by the Goethe-Institut Tokyo and Merck KGaA, a German chemical and pharmaceutical company. It is for works by German authors made accessible to a Japanese readership.

However, I also found another text that mentions Phil Coulter's involvement with translating ""My Boy"". The text about the Popescu Prize does not seem to be related to song translations.

The only other relevant text is the one about the American Literary Translators Association (ALTA). This organization bridges cultural communication and understanding among countries and languages through the art and craft of literary translation. It promotes literary translation through its annual conference, which draws hundreds of translators and literary professionals from around the world; the National Translation Award, an annual $5,000 prize for the best book-length translation into English of a work of fiction, poetry, or literary non-fiction.

However, I also found another text that mentions Phil Coulter's involvement with translating ""My Boy"". The text about the Banipal Prize for Arabic Literary Translation does not seem to be related to song translations.

The only other relevant text is the one about the Merck Kakehashi Literature Prize. This prize is awarded by the Goethe-Institut Tokyo and Merck KGaA, a German chemical and pharmaceutical company. It is for works by German authors made accessible to a Japanese readership.

However, I also found another text that mentions Phil Coulter's involvement with translating ""My Boy"". The text about the Popescu Prize does not seem to be related to song translations.

The only other relevant text is the one about the American Literary Translators Association (ALTA). This organization bridges cultural communication and understanding among countries and languages through the art and craft of literary translation. It promotes literary translation through its annual conference, which draws hundreds of translators and literary professionals from around the world; the National Translation Award, an annual $5,000 prize for the best book-length translation into English of a work of fiction, poetry, or literary non-fiction.

However, I also found another text that mentions Phil Coulter's involvement with translating ""My Boy"". The text about the Banipal Prize for Arabic Literary Translation does not seem to be related to song translations.

The only other relevant text is the one about the Merck Kakehashi Literature Prize. This prize is awarded by the Goethe-Institut Tokyo and Merck KGaA, a German chemical and pharmaceutical company. It is for works by German authors made accessible to a Japanese readership.

However, I also found another text that mentions Phil Coulter's involvement with translating ""My Boy"". The text about the Popescu Prize does not seem to be related to song translations.

The only other relevant text is the one about the American Literary Translators Association (ALTA). This organization bridges cultural communication and understanding among countries and languages through the art and craft of literary translation. It promotes literary translation through its annual conference, which draws hundreds of translators and literary professionals from around the world; the National Translation Award, an annual $5,000 prize for the best book-length translation into English of a work of fiction, poetry, or literary non-fiction.

However, I also found another text that mentions Phil Coulter's involvement with translating ""My Boy"". The text about the Banipal Prize for Arabic Literary Translation does not seem to be related to song translations.

The only other relevant text is the one about the Merck Kakehashi Literature Prize. This prize is awarded by the Goethe-Institut Tokyo and Merck KGaA, a German chemical and pharmaceutical company. It is for works by German authors made accessible to a Japanese readership.

However, I also found another text that mentions Phil Coulter's involvement with translating ""My Boy"". The text about the Popescu Prize does not seem to be related to song translations.

The only other relevant text is the one about the American Literary Translators Association (ALTA). This organization bridges cultural communication and understanding among countries and languages through the art and craft of literary translation. It promotes literary translation through its annual conference, which draws hundreds of translators and literary professionals from around the world; the National Translation Award, an annual $5,000 prize for the best book-length translation into English of a work of fiction, poetry, or literary non-fiction.

However, I also found another text that mentions Phil Coulter's involvement with translating ""My Boy"". The text about the Banipal Prize for Arabic Literary Translation does not seem to be related to song translations.

The only other relevant text is the one about the Merck Kakehashi Literature Prize. This prize is awarded by the Goethe-Institut Tokyo and Merck KGaA, a German chemical and pharmaceutical company. It is for works by German authors made accessible to a Japanese readership.

However, I also found another text that mentions Phil Coulter's involvement with translating ""My Boy"". The text about the Popescu Prize does not seem to be related to song translations.

The only other relevant text is the one about the American Literary Translators Association (ALTA). This organization bridges cultural communication and understanding among countries and languages through the art and craft of literary translation. It promotes literary translation through its annual conference, which draws hundreds of translators and literary professionals from around the world; the National Translation Award, an annual $5,000 prize for the best book-length translation into English of a work of fiction, poetry, or literary non-fiction.

However, I also found another text that mentions Phil Coulter's involvement with translating ""My Boy"". The text about the Banipal Prize for Arabic Literary Translation does not seem to be related to song translations.

The only other relevant text is the one about the Merck Kakehashi Literature Prize. This prize is awarded by the Goethe-Institut Tokyo and Merck KGaA, a German chemical and pharmaceutical company. It is for works by German authors made accessible to a Japanese readership.

However, I also found another text that mentions Phil Coulter's involvement with translating ""My Boy"". The text about the Popescu Prize does not seem to be related to song translations.

The only other relevant text is the one about the American Literary Translators Association (ALTA). This organization bridges cultural communication and understanding among countries and languages through the art and craft of literary translation. It promotes literary translation through its annual conference, which draws hundreds of translators and literary professionals from around the world; the National Translation Award, an annual $5,000 prize for the best book-length translation into English of a work of fiction, poetry, or literary non-fiction.

However, I also found another text that mentions Phil Coulter's involvement with translating ""My Boy"". The text about the Banipal Prize for Arabic Literary Translation does not seem to be related to song translations.

The only other relevant text is the one about the Merck Kakehashi Literature Prize. This prize is awarded by the Goethe-Institut Tokyo and Merck KGaA, a German chemical and pharmaceutical company. It is for works by German authors made accessible to a Japanese readership.

However, I also found another text that mentions Phil Coulter's involvement with translating ""My Boy"". The text about the Popescu Prize does not seem to be related to song translations.

The only other relevant text is the one about the American Literary Translators Association (ALTA). This organization bridges cultural communication and understanding among countries and languages through the art and craft of literary translation. It promotes literary translation through its annual conference, which draws hundreds of translators and literary professionals from around the world; the National Translation Award, an annual $5,000 prize for the best book-length translation into English of a work of fiction, poetry, or literary non-fiction.

However, I also found another text that mentions Phil Coulter's involvement with translating ""My Boy"". The text about the Banipal Prize for Arabic Literary Translation does not seem to be related to song translations.

The only other relevant text is the one about the Merck Kakehashi Literature Prize. This prize is awarded by the Goethe-Institut Tokyo and Merck KGaA, a German chemical and pharmaceutical company. It is for works by German authors made accessible to a Japanese readership.

However, I also found another text that mentions Phil Coulter's involvement with translating ""My Boy"". The text about the Popescu Prize does not seem to be related to song translations.

The only other relevant text is the one about the American Literary Translators Association (ALTA). This organization bridges cultural communication and understanding among countries and languages through the art and craft of literary translation. It promotes literary translation through its annual conference, which draws hundreds of translators and literary professionals from around the world; the National Translation Award, an annual $5,000 prize for the best book-length translation into English of a work of fiction, poetry, or literary non-fiction.

However, I also found another text that mentions Phil Coulter's involvement with translating ""My Boy"". The text about the Banipal Prize for Arabic Literary Translation does not seem to be related to song translations.

The only other relevant text is the one about the Merck Kakehashi Literature Prize. This prize is awarded by the Goethe-Institut Tokyo and Merck KGaA, a German chemical and pharmaceutical company. It is for works by German authors made accessible to a Japanese readership.

However, I also found another text that mentions Phil Coulter's involvement with translating ""My Boy"". The text about the Popescu Prize does not seem to be related to song translations.

The only other relevant text is the one about the American Literary Translators Association (ALTA). This organization bridges cultural communication and understanding among countries and languages through the art and craft of literary translation. It promotes literary translation through its annual conference, which draws hundreds of translators and literary professionals from around the world; the National Translation Award, an annual $5,000 prize for the best book-length translation into English of a work of fiction, poetry, or literary non-fiction.

However, I also found another text that mentions Phil Coulter's involvement with translating ""My Boy"". The text about the Banipal Prize for Arabic Literary Translation does not seem to be related to song translations.

The only other relevant text is the one about the Merck Kakehashi Literature Prize. This prize is awarded by the Goethe-Institut Tokyo and Merck KGaA, a German chemical and pharmaceutical company. It is for works by German authors made accessible to a Japanese readership.

However, I also found another text that mentions Phil Coulter's involvement with translating ""My Boy"". The text about the Popescu Prize does not seem to be related to song translations.

The only other relevant text is the one about the American Literary Translators Association (ALTA). This organization bridges cultural communication and understanding among countries and languages through the art and craft of literary translation. It promotes literary translation through its annual conference, which draws hundreds of translators and literary professionals from around the world; the National Translation Award, an annual $5,000 prize for the best book-length translation into English of a work of fiction, poetry, or literary non-fiction.

However, I also found another text that mentions Phil Coulter's involvement with translating ""My Boy"". The text about the Banipal Prize for Arabic Literary Translation does not seem to be related to song translations.

The only other relevant text is the one about the Merck Kakehashi Literature Prize. This prize is awarded by the Goethe-Institut Tokyo and Merck KGaA, a German chemical and pharmaceutical company. It is for works by German authors made accessible to a Japanese readership.

However, I also found another text that mentions Phil Coulter's involvement with translating ""My Boy"". The text about the Popescu Prize does not seem to be related to song translations.

The only other relevant text is the one about the American Literary Translators Association (ALTA). This organization bridges cultural communication and understanding among countries and languages through the art and craft of literary translation. It promotes literary translation through its annual conference, which draws hundreds of translators and literary professionals from around the world; the National Translation Award, an annual $5,000 prize for the best book-length translation into English of a work of fiction, poetry, or literary non-fiction.

However, I also found another text that mentions Phil Coulter's involvement with translating ""My Boy"". The text about the Banipal Prize for Arabic Literary Translation does not seem to be related to song translations.

The only other relevant text is the one about the Merck Kakehashi Literature Prize. This prize is awarded by the Goethe-Institut Tokyo and Merck KGaA, a German chemical and pharmaceutical company. It is for works by German authors made accessible to a Japanese readership.

However, I also found another text that mentions Phil Coulter's involvement with translating ""My Boy"". The text about the Popescu Prize does not seem to be related to song translations.

The only other relevant text is the one about the American Literary Translators Association (ALTA). This organization bridges cultural communication and understanding among countries and languages through the art and craft of literary translation. It promotes literary translation through its annual conference, which draws hundreds of translators and literary professionals from around the world; the National Translation Award, an annual $5,000 prize for the best book-length translation into English of a work of fiction, poetry, or literary non-fiction.

However, I also found another text that mentions Phil Coulter's involvement with translating ""My Boy"". The text about the Banipal Prize for Arabic Literary Translation does not seem to be related to song translations.

The only other relevant text is the one about the Merck Kakehashi Literature Prize. This prize is awarded by the Goethe-Institut Tokyo and Merck KGaA, a German chemical and pharmaceutical company. It is for works by German authors made accessible to a Japanese readership.

However, I also found another text that mentions Phil Coulter's involvement with translating ""My Boy"". The text about the Popescu Prize does not seem to be related to song translations.

The only other relevant text is the one about the American Literary Translators Association (ALTA). This organization bridges cultural communication and understanding among countries and languages through the art and craft of literary translation. It promotes literary translation through its annual conference, which draws hundreds of translators and literary professionals from around the world; the National Translation Award, an annual $5,000 prize for the best book-length translation into English of a work of fiction, poetry, or literary non-fiction.

However, I also found another text that mentions Phil Coulter's involvement with translating ""My Boy"". The text about the Banipal Prize for Arabic Literary Translation does not seem to be related to song translations.

The only other relevant text is the one about the Merck Kakehashi Literature Prize. This prize is awarded by the Goethe-Institut Tokyo and Merck KGaA, a German chemical and pharmaceutical company. It is for works by German authors made accessible to a Japanese readership.

However, I also found another text that mentions Phil Coulter's involvement with translating ""My Boy"". The text about the Popescu Prize does not seem to be related to song translations.

The only other relevant text is the one about the American Literary Translators Association (ALTA). This organization bridges cultural communication and understanding among countries and languages through the art and craft of literary translation. It promotes literary translation through its annual conference, which draws hundreds of translators and literary professionals from around the world; the National Translation Award, an annual $5,000 prize for the best book-length translation into English of a work of fiction, poetry, or literary non-fiction.

However, I also found another text that mentions Phil Coulter's involvement with translating ""My Boy"". The text about the Banipal Prize for Arabic Literary Translation does not seem to be related to song translations.

The only other relevant text is the one about the Merck Kakehashi Literature Prize. This prize is awarded by the Goethe-Institut Tokyo and Merck KGaA, a German chemical and pharmaceutical company. It is for works by German authors made accessible to a Japanese readership.

However, I also found another text that mentions Phil Coulter's involvement with translating ""My Boy"". The text about the Popescu Prize does not seem to be related to song translations.

The only other relevant text is the one about the American Literary Translators Association (ALTA). This organization bridges cultural communication and understanding among countries and languages through the art and craft of literary translation. It promotes literary translation through its annual conference, which draws hundreds of translators and literary professionals from around the world; the National Translation Award, an annual $5,000 prize for the best book-length translation into English of a work of fiction, poetry, or literary non-fiction.

However, I also found another text that mentions Phil Coulter's involvement with translating ""My Boy"". The text about the Banipal Prize for Arabic Literary Translation does not seem to be related to song translations.

The only other relevant text is the one about the Merck Kakehashi Literature Prize. This prize is awarded by the Goethe-Institut Tokyo and Merck KGaA, a German chemical and pharmaceutical company. It is for works by German authors made accessible to a Japanese readership.

However, I also found another text that mentions Phil Coulter's involvement with translating ""My Boy"". The text about the Popescu Prize does not seem to be related to song translations.

The only other relevant text is the one about the American Literary Translators Association (ALTA). This organization bridges cultural communication and understanding among countries and languages through the art and craft of literary translation. It promotes literary translation through its annual conference, which draws hundreds of translators and literary professionals from around the world; the National Translation Award, an annual $5,000 prize for the best book-length translation into English of a work of fiction, poetry, or literary non-fiction.

However, I also found another text that mentions Phil Coulter's involvement with translating ""My Boy"". The text about the Banipal Prize for Arabic Literary Translation does not seem to be related to song translations.

The only other relevant text is the one about the Merck Kakehashi Literature Prize. This prize is awarded by the Goethe-Institut Tokyo and Merck KGaA, a German chemical and pharmaceutical company. It is for works by German authors made accessible to a Japanese readership.

However, I also found another text that mentions Phil Coulter's involvement with translating ""My Boy"". The text about the Popescu Prize does not seem to be related to song translations.

The only other relevant text is the one about the American Literary Translators Association (ALTA). This organization bridges cultural communication and understanding among countries and languages through the art and craft of literary translation. It promotes literary translation through its annual conference, which draws hundreds of translators and literary professionals from around the world; the National Translation Award, an annual $5,000 prize for the best book-length translation into English of a work of fiction, poetry, or literary non-fiction.

However, I also found another text that mentions Phil Coulter's involvement with translating ""My Boy"". The text about the Banipal Prize for Arabic Literary Translation does not seem to be related to song translations.

The only other relevant text is the one about the Merck Kakehashi Literature Prize. This prize is awarded by the Goethe-Institut Tokyo and Merck KGaA, a German chemical and pharmaceutical company. It is for works by German authors made accessible to a Japanese readership.

However, I also found another text that mentions Phil Coulter's involvement with translating ""My Boy"". The text about the Popescu Prize does not seem to be related to song translations.

The only other relevant text is the one about the American Literary Translators Association (ALTA). This organization bridges cultural communication and understanding among countries and languages through the art and craft of literary translation. It promotes literary translation through its annual conference, which draws hundreds of translators and literary professionals from around the world; the National Translation Award, an annual $5,000 prize for the best book-length translation into English of a work of fiction, poetry, or literary non-fiction.

However, I also found another text that mentions Phil Coulter's involvement with translating ""My Boy"". The text about the Banipal Prize for Arabic Literary Translation does not seem to be related to song translations.

The only other relevant text is the one about the Merck Kakehashi Literature Prize. This prize is awarded by the Goethe-Institut Tokyo and Merck KGaA, a German chemical and pharmaceutical company. It is for works by German authors made accessible to a Japanese readership.

However, I also found another text that mentions Phil Coulter's involvement with translating ""My Boy"". The text about the Popescu Prize does not seem to be related to song translations.

The only other relevant text is the one about the American Literary Translators Association (ALTA). This organization bridges cultural communication and understanding among countries and languages through the art and craft of literary translation. It promotes literary translation through its annual conference, which draws hundreds of translators and literary professionals from around the world; the National Translation Award, an annual $5,000 prize for the best book-length translation into English of a work of fiction, poetry, or literary non-fiction.

However, I also found another text that mentions Phil Coulter's involvement with translating ""My Boy"". The text about the Banipal Prize for Arabic Literary Translation does not seem to be related to song translations.

The only other relevant text is the one about the Merck Kakehashi Literature Prize. This prize is awarded by the Goethe-Institut Tokyo and Merck KGaA, a German chemical and pharmaceutical company. It is for works by German authors made accessible to a Japanese readership.

However, I also found another text that mentions Phil Coulter's involvement with translating ""My Boy"". The text about the Popescu Prize does not seem to be related to song translations.

The only other relevant text is the one about the American Literary Translators Association (ALTA). This organization bridges cultural communication and understanding among countries and languages through the art and craft of literary translation. It promotes literary translation through its annual conference, which draws hundreds of translators and literary professionals from around the world; the National Translation Award, an annual $5,000 prize for the best book-length translation into English of a work of fiction, poetry, or literary non-fiction.

However, I also found another text that mentions Phil Coulter's involvement with translating ""My Boy"". The text about the Banipal Prize for Arabic Literary Translation does not seem to be related to song translations.

The only other relevant text is the one about the Merck Kakehashi Literature Prize. This prize is awarded by the Goethe-Institut Tokyo and Merck KGaA, a German chemical and pharmaceutical company. It is for works by German authors made accessible to a Japanese readership.

However, I also found another text that mentions Phil Coulter's involvement with translating ""My Boy"". The text about the Popescu Prize does not seem to be related to song translations.

The only other relevant text is the one about the American Literary Translators Association (ALTA). This organization bridges cultural communication and understanding among countries and languages through the art and craft of literary translation. It promotes literary translation through its annual conference, which draws hundreds of translators and literary professionals from around the world; the National Translation Award, an annual $5,000 prize for the best book-length translation into English of a work of fiction, poetry, or literary non-fiction.

However, I also found another text that mentions Phil Coulter's involvement with translating ""My Boy"". The text about the Banipal Prize for Arabic Literary Translation does not seem to be related to song translations.

The only other relevant text is the one about the Merck Kakehashi Literature Prize. This prize is awarded by the Goethe-Institut Tokyo and Merck KGaA, a German chemical and pharmaceutical company. It is for works by German authors made accessible to a Japanese readership.

However, I also found another text that mentions Phil Coulter's involvement with translating ""My Boy"". The text about the Popescu Prize does not seem to be related to song translations.

The only other relevant text is the one about the American Literary Translators Association (ALTA). This organization bridges cultural communication and understanding among countries and languages through the art and craft of literary translation. It promotes literary translation through its annual conference, which draws hundreds of translators and literary professionals from around the world; the National Translation Award, an annual $5,000 prize for the best book-length translation into English of a work of fiction, poetry, or literary non-fiction.

However, I also found another text that mentions Phil Coulter's involvement with translating ""My Boy"". The text about the Banipal Prize for Arabic Literary Translation does not seem to be related to song translations.

The only other relevant text is the one about the Merck Kakehashi Literature Prize. This prize is awarded by the Goethe-Institut Tokyo and Merck KGaA, a German chemical and pharmaceutical company. It is for works by German authors made accessible to a Japanese readership.

However, I also found another text that mentions Phil Coulter's involvement with translating ""My Boy"". The text about the Popescu Prize does not seem to be related to song translations.

The only other relevant text is the one about the American Literary Translators Association (ALTA). This organization bridges cultural communication and understanding among countries and languages through the art and craft of literary translation. It promotes literary translation through its annual conference, which draws hundreds of translators and literary professionals from around the world; the National Translation Award, an annual $5,000 prize for the best book-length translation into English of a work of fiction, poetry, or literary non-fiction.

However, I also found another text that mentions Phil Coulter's involvement with translating ""My Boy"". The text about the Banipal Prize for Arabic Literary Translation does not seem to be related to song translations.

The only other relevant text is the one about the Merck Kakehashi Literature Prize. This prize is awarded by the Goethe-Institut Tokyo and Merck KGaA, a German chemical and pharmaceutical company. It is for works by German authors made accessible to a Japanese readership.

However, I also found another text that mentions Phil Coulter's involvement with translating ""My Boy"". The text about the Popescu Prize does not seem to be related to song translations.

The only other relevant text is the one about the American Literary Translators Association (ALTA). This organization bridges cultural communication and understanding among countries and languages through the art and craft of literary translation. It promotes literary translation through its annual conference, which draws hundreds of translators and literary professionals from around the world; the National Translation Award, an annual $5,000 prize for the best book-length translation into English of a work of fiction, poetry, or literary non-fiction.

However, I also found another text that mentions Phil Coulter's involvement with translating ""My Boy"". The text about the Banipal Prize for Arabic Literary Translation does not seem to be related to song translations.

The only other relevant text is the one about the Merck Kakehashi Literature Prize. This prize is awarded by the Goethe-Institut Tokyo and Merck KGaA, a German chemical and pharmaceutical company. It is for works by German authors made accessible to a Japanese readership.

However, I also found another text that mentions Phil Coulter's involvement with translating ""My Boy"". The text about the Popescu Prize does not seem to be related to song translations.

The only other relevant text is the one about the American Literary Translators Association (ALTA). This organization bridges cultural communication and understanding among countries and languages through the art and craft of literary translation. It promotes literary translation through its annual conference, which draws hundreds of translators and literary professionals from around the world; the National Translation Award, an annual $5,000 prize for the best book-length translation into English of a work of fiction, poetry, or literary non-fiction.

However, I also found another text that mentions Phil Coulter's involvement with translating ""My Boy"". The text about the Banipal Prize for Arabic Literary Translation does not seem to be related to song translations.

The only other relevant text is the one about the Merck Kakehashi Literature Prize. This prize is awarded by the Goethe-Institut Tokyo and Merck KGaA, a German chemical and pharmaceutical company. It is for works by German authors made accessible to a Japanese readership.

However, I also found another text that mentions Phil Coulter's involvement with translating ""My Boy"". The text about the Popescu Prize does not seem to be related to song translations.

The only other relevant text is the one about the American Literary Translators Association (ALTA). This organization bridges cultural communication and understanding among countries and languages through the art and craft of literary translation. It promotes literary translation through its annual conference, which draws hundreds of translators and literary professionals from around the world; the National Translation Award, an annual $5,000 prize for the best book-length translation into English of a work of fiction, poetry, or literary non-fiction.

However, I also found another text that mentions Phil Coulter's involvement with translating ""My Boy"". The text about the Banipal Prize for Arabic Literary Translation does not seem to be related to song translations.

The only other relevant text is the one about the Merck Kakehashi Literature Prize. This prize is awarded by the Goethe-Institut Tokyo and Merck KGaA, a German chemical and pharmaceutical company. It is for works by German authors made accessible to a Japanese readership.

However, I also found another text that mentions Phil Coulter's involvement with translating ""My Boy"". The text about the Popescu Prize does not seem to be related to song translations.

The only other relevant text is the one about the American Literary Translators Association (ALTA). This organization bridges cultural communication and understanding among countries and languages through the art and craft of literary translation. It promotes literary translation through its annual conference, which draws hundreds of translators and literary professionals from around the world; the National Translation Award, an annual $5,000 prize for the best book-length translation into English of a work of fiction, poetry, or literary non-fiction.

However, I also found another text that mentions Phil Coulter's involvement with translating ""My Boy"". The text about the Banipal Prize for Arabic Literary Translation does not seem to be related to song translations.

The only other relevant text is the one about the Merck Kakehashi Literature Prize. This prize is awarded by the Goethe-Institut Tokyo and Merck KGaA, a German chemical and pharmaceutical company. It is for works by German authors made accessible to a Japanese readership.

However, I also found another text that mentions Phil Coulter's involvement with translating ""My Boy"". The text about the Popescu Prize does not seem to be related to song translations.

The only other relevant text is the one about the American Literary Translators Association (ALTA). This organization bridges cultural communication and understanding among countries and languages through the art and craft of literary translation. It promotes literary translation through its annual conference, which draws hundreds of translators and literary professionals from around the world; the National Translation Award, an annual $5,000 prize for the best book-length translation into English of a work of fiction, poetry, or literary non-fiction.

However, I also found another text that mentions Phil Coulter's involvement with translating ""My Boy"". The text about the Banipal Prize for Arabic Literary Translation does not seem to be related to song translations.

The only other relevant text is the one about the Merck Kakehashi Literature Prize. This prize is awarded by the Goethe-Institut Tokyo and Merck KGaA, a German chemical and pharmaceutical company. It is for works by German authors made accessible to a Japanese readership.

However, I also found another text that mentions Phil Coulter's involvement with translating ""My Boy"". The text about the Popescu Prize does not seem to be related to song translations.

The only other relevant text is the one about the American Literary Translators Association (ALTA). This organization bridges cultural communication and understanding among countries and languages through the art and craft of literary translation. It promotes literary translation through its annual conference, which draws hundreds of translators and literary professionals from around the world; the National Translation Award, an annual $5,000 prize for the best book-length translation into English of a work of fiction, poetry, or literary non-fiction.

However, I also found another text that mentions Phil Coulter's involvement with translating ""My Boy"". The text about the Banipal Prize for Arabic Literary Translation does not seem to be related to song translations.

The only other relevant text is the one about the Merck Kakehashi Literature Prize. This prize is awarded by the Goethe-Institut Tokyo and Merck KGaA, a German chemical and pharmaceutical company. It is for works by German authors made accessible to a Japanese readership.

However, I also found another text that mentions Phil Coulter's involvement with translating ""My Boy"". The text about the Popescu Prize does not seem to be related to song translations.

The only other relevant text is the one about the American Literary Translators Association (ALTA). This organization bridges cultural communication and understanding among countries and languages through the art and craft of literary translation. It promotes literary translation through its annual conference, which draws hundreds of translators and literary professionals from around the world; the National Translation Award, an annual $5,000 prize for the best book-length translation into English of a work of fiction, poetry, or literary non-fiction.

However, I also found another text that mentions Phil Coulter's involvement with translating ""My Boy"". The text about the Banipal Prize for Arabic Literary Translation does not seem to be related to song translations.

The only other relevant text is the one about the Merck Kakehashi Literature Prize. This prize is awarded by the Goethe-Institut Tokyo and Merck KGaA, a German chemical and pharmaceutical company. It is for works by German authors made accessible to a Japanese readership.

However, I also found another text that mentions Phil Coulter's involvement with translating ""My Boy"". The text about the Popescu Prize does not seem to be related to song translations.

The only other relevant text is the one about the American Literary Translators Association (ALTA). This organization bridges cultural communication and understanding among countries and languages through the art and craft of literary translation. It promotes literary translation through its annual conference, which draws hundreds of translators and literary professionals from around the world; the National Translation Award, an annual $5,000 prize for the best book-length translation into English of a work of fiction, poetry, or literary non-fiction.

However, I also found another text that mentions Phil Coulter's involvement with translating ""My Boy"". The text about the Banipal Prize for Arabic Literary Translation does not seem to be related to song translations.

The only other relevant text is the one about the Merck Kakehashi Literature Prize. This prize is awarded by the Goethe-Institut Tokyo and Merck KGaA, a German chemical and pharmaceutical company. It is for works by German authors made accessible to a Japanese readership.

However, I also found another text that mentions Phil Coulter's involvement with translating ""My Boy"". The text about the Popescu Prize does not seem to be related to song translations.

The only other relevant text is the one about the American Literary Translators Association (ALTA). This organization bridges cultural communication and understanding among countries and languages through the art and craft of literary translation. It promotes literary translation through its annual conference, which draws hundreds of translators and literary professionals from around the world; the National Translation Award, an annual $5,000 prize for the best book-length translation into English of a work of fiction, poetry, or literary non-fiction.

However, I also found another text that mentions Phil Coulter's involvement with translating ""My Boy"". The text about the Banipal Prize for Arabic Literary Translation does not seem to be related to song translations.

The only other relevant text is the one about the Merck Kakehashi Literature Prize. This prize is awarded by the Goethe-Institut Tokyo and Merck KGaA, a German chemical and pharmaceutical company. It is for works by German authors made accessible to a Japanese readership.

However, I also found another text that mentions Phil Coulter's involvement with translating ""My Boy"". The text about the Popescu Prize does not seem to be related to song translations.

The only other relevant text is the one about the American Literary Translators Association (ALTA). This organization bridges cultural communication and understanding among countries and languages through the art and craft of literary translation. It promotes literary translation through its annual conference, which draws hundreds of translators and literary professionals from around the world; the National Translation Award, an annual $5,000 prize for the best book-length translation into English of a work of fiction, poetry, or literary non-fiction.

However, I also found another text that mentions Phil Coulter's involvement with translating ""My Boy"". The text about the Banipal Prize for Arabic Literary Translation does not seem to be related to song translations.

The only other relevant text is the one about the Merck Kakehashi Literature Prize. This prize is awarded by the Goethe-Institut Tokyo and Merck KGaA, a German chemical and pharmaceutical company. It is for works by German authors made accessible to a Japanese readership.

However, I also found another text that mentions Phil Coulter's involvement with translating ""My Boy"". The text about the Popescu Prize does not seem to be related to song translations.

The only other relevant text is the one about the American Literary Translators Association (ALTA). This organization bridges cultural communication and understanding among countries and languages through the art and craft of literary translation. It promotes literary translation through its annual conference, which draws hundreds of translators and literary professionals from around the world; the National Translation Award, an annual $5,000 prize for the best book-length translation into English of a work of fiction, poetry, or literary non-fiction.

However, I also found another text that mentions Phil Coulter's involvement with translating ""My Boy"". The text about the Banipal Prize for Arabic Literary Translation does not seem to be related to song translations.

The only other relevant text is the one about the Merck Kakehashi Literature Prize. This prize is awarded by the Goethe-Institut Tokyo and Merck KGaA, a German chemical and pharmaceutical company. It is for works by German authors made accessible to a Japanese readership.

However, I also found another text that mentions Phil Coulter's involvement with translating ""My Boy"". The text about the Popescu Prize does not seem to be related to song translations.

The only other relevant text is the one about the American Literary Translators Association (ALTA). This organization bridges cultural communication and understanding among countries and languages through the art and craft of literary translation. It promotes literary translation through its annual conference, which draws hundreds of translators and literary professionals from around the world; the National Translation Award, an annual $5,000 prize for the best book-length translation into English of a work of fiction, poetry, or literary non-fiction.

However, I also found another text that mentions Phil Coulter's involvement with translating ""My Boy"". The text about the Banipal Prize for Arabic Literary Translation does not seem to be related to song translations.

The only other relevant text is the one about the Merck Kakehashi Literature Prize. This prize is awarded by the Goethe-Institut Tokyo and Merck KGaA, a German chemical and pharmaceutical company. It is for works by German authors made accessible to a Japanese readership.

However, I also found another text that mentions Phil Coulter's involvement with translating ""My Boy"". The text about the Popescu Prize does not seem to be related to song translations.

The only other relevant text is the one about the American Literary Translators Association (ALTA). This organization bridges cultural communication and understanding among countries and languages through the art and craft of literary translation. It promotes literary translation through its annual conference, which draws hundreds of translators and literary professionals from around the world; the National Translation Award, an annual $5,000 prize for the best book-length translation into English of a work of fiction, poetry, or literary non-fiction.

However, I also found another text that mentions Phil Coulter's involvement with translating ""My Boy"". The text about the Banipal Prize for Arabic Literary Translation does not seem to be related to song translations.

The only other relevant text is the one about the Merck Kakehashi Literature Prize. This prize is awarded by the Goethe-Institut Tokyo and Merck KGaA, a German chemical and pharmaceutical company. It is for works by German authors made accessible to a Japanese readership.

However, I also found another text that mentions Phil Coulter's involvement with translating ""My Boy"". The text about the Popescu Prize does not seem to be related to song translations.

The only other relevant text is the one about the American Literary Translators Association (ALTA). This organization bridges cultural communication and understanding among countries and languages through the art and craft of literary translation. It promotes literary translation through its annual conference, which draws hundreds of translators and literary professionals from around the world; the National Translation Award, an annual $5,000 prize for the best book-length translation into English of a work of fiction, poetry, or literary non-fiction.

However, I also found another text that mentions Phil Coulter's involvement with translating ""My Boy"". The text about the Banipal Prize for Arabic Literary Translation does not seem to be related to song translations.

The only other relevant text is the one about the Merck Kakehashi Literature Prize. This prize is awarded by the Goethe-Institut Tokyo and Merck KGaA, a German chemical and pharmaceutical company. It is for works by German authors made accessible to a Japanese readership.

However, I also found another text that mentions Phil Coulter's involvement with translating ""My Boy"". The text about the Popescu Prize does not seem to be related to song translations.

The only other relevant text is the one about the American Literary Translators Association (ALTA). This organization bridges cultural communication and understanding among countries and languages through the art and craft of literary translation. It promotes literary translation through its annual conference, which draws hundreds of translators and literary professionals from around the world; the National Translation Award, an annual $5,000 prize for the best book-length translation into English of a work of fiction, poetry, or literary non-fiction.

However, I also found another text that mentions Phil Coulter's involvement with translating ""My Boy"". The text about the Banipal Prize for Arabic Literary Translation does not seem to be related to song translations.

The only other relevant text is the one about the Merck Kakehashi Literature Prize. This prize is awarded by the Goethe-Institut Tokyo and Merck KGaA, a German chemical and pharmaceutical company. It is for works by German authors made accessible to a Japanese readership.

However, I also found another text that mentions Phil Coulter's involvement with translating ""My Boy"". The text about the Popescu Prize does not seem to be related to song translations.

The only other relevant text is the one about the American Literary Translators Association (ALTA). This organization bridges cultural communication and understanding among countries and languages through the art and craft of literary translation. It promotes literary translation through its annual conference, which draws hundreds of translators and literary professionals from around the world; the National Translation Award, an annual $5,000 prize for the best book-length translation into English of a work of fiction, poetry, or literary non-fiction.

However, I also found another text that mentions Phil Coulter's involvement with translating ""My Boy"". The text about the Banipal Prize for Arabic Literary Translation does not seem to be related to song translations.

The only other relevant text is the one about the Merck Kakehashi Literature Prize. This prize is awarded by the Goethe-Institut Tokyo and Merck KGaA, a German chemical and pharmaceutical company. It is for works by German authors made accessible to a Japanese readership.

However, I also found another text that mentions Phil Coulter's involvement with translating ""My Boy"". The text about the Popescu Prize does not seem to be related to song translations.

The only other relevant text is the one about the American Literary Translators Association (ALTA). This organization bridges cultural communication and understanding among countries and languages through the art and craft of literary translation. It promotes literary translation through its annual conference, which draws hundreds of translators and literary professionals from around the world; the National Translation Award, an annual $5,000 prize for the best book-length translation into English of a work of fiction, poetry, or literary non-fiction.

However, I also found another text that mentions Phil Coulter's involvement with translating ""My Boy"". The text about the Banipal Prize for Arabic Literary Translation does not seem to be related to song translations.

The only other relevant text is the one about the Merck Kakehashi Literature Prize. This prize is awarded by the Goethe-Institut Tokyo and Merck KGaA, a German chemical and pharmaceutical company. It is for works by German authors made accessible to a Japanese readership.

However, I also found another text that mentions Phil Coulter's involvement with translating ""My Boy"". The text about the Popescu Prize does not seem to be related to song translations.

The only other relevant text is the one about the American Literary Translators Association (ALTA). This organization bridges cultural communication and understanding among countries and languages through the art and craft of literary translation. It promotes literary translation through its annual conference, which draws hundreds of translators and literary professionals from around the world; the National Translation Award, an annual $5,000 prize for the best book-length translation into English of a work of fiction, poetry, or literary non-fiction.

However, I also found another text that mentions Phil Coulter's involvement with translating ""My Boy"". The text about the Banipal Prize for Arabic Literary Translation does not seem to be related to song translations.

The only other relevant text is the one about the Merck Kakehashi Literature Prize. This prize is awarded by the Goethe-Institut Tokyo and Merck KGaA, a German chemical and pharmaceutical company. It is for works by German authors made accessible to a Japanese readership.

However, I also found another text that mentions Phil Coulter's involvement with translating ""My Boy"". The text about the Popescu Prize does not seem to be related to song translations.

The only other relevant text is the one about the American Literary Translators Association (ALTA). This organization bridges cultural communication and understanding among countries and languages through the art and craft of literary translation. It promotes literary translation through its annual conference, which draws hundreds of translators and literary professionals from around the world; the National Translation Award, an annual $5,000 prize for the best book-length translation into English of a work of fiction, poetry, or literary non-fiction.

However, I also found another text that mentions Phil Coulter's involvement with translating ""My Boy"". The text about the Banipal Prize for Arabic Literary Translation does not seem to be related to song translations.

The only other relevant text is the one about the Merck Kakehashi Literature Prize. This prize is awarded by the Goethe-Institut Tokyo and Merck KGaA, a German chemical and pharmaceutical company. It is for works by German authors made accessible to a Japanese readership.

However, I also found another text that mentions Phil Coulter's involvement with translating ""My Boy"". The text about the Popescu Prize does not seem to be related to song translations.

The only other relevant text is the one about the American Literary Translators Association (ALTA). This organization bridges cultural communication and understanding among countries and languages through the art and craft of literary translation. It promotes literary translation through its annual conference, which draws hundreds of translators and literary professionals from around the world; the National Translation Award, an annual $5,000 prize for the best book-length translation into English of a work of fiction, poetry, or literary non-fiction.

However, I also found another text that mentions Phil Coulter's involvement with translating ""My Boy"". The text about the Banipal Prize for Arabic Literary Translation does not seem to be related to song translations.

The only other relevant text is the one about the Merck Kakehashi Literature Prize. This prize is awarded by the Goethe-Institut Tokyo and Merck KGaA, a German chemical and pharmaceutical company. It is for works by German authors made accessible to a Japanese readership.

However, I also found another text that mentions Phil Coulter's involvement with translating ""My Boy"". The text about the Popescu Prize does not seem to be related to song translations.

The only other relevant text is the one about the American Literary Translators Association (ALTA). This organization bridges cultural communication and understanding among countries and languages through the art and craft of literary translation. It promotes literary translation through its annual conference, which draws hundreds of translators and literary professionals from around the world; the National Translation Award, an annual $5,000 prize for the best book-length translation into English of a work of fiction, poetry, or literary non-fiction.

However, I also found another text that mentions Phil Coulter's involvement with translating ""My Boy"". The text about the Banipal Prize for Arabic Literary Translation does not seem to be related to song translations.

The only other relevant text is the one about the Merck Kakehashi Literature Prize. This prize is awarded by the Goethe-Institut Tokyo and Merck KGaA, a German chemical and pharmaceutical company. It is for works by German authors made accessible to a Japanese readership.

However, I also found another text that mentions Phil Coulter's involvement with translating ""My Boy"". The text about the Popescu Prize does not seem to be related to song translations.

The only other relevant text is the one about the American Literary Translators Association (ALTA). This organization bridges cultural communication and understanding among countries and languages through the art and craft of literary translation. It promotes literary translation through its annual conference, which draws hundreds of translators and literary professionals from around the world; the National Translation Award, an annual $5,000 prize for the best book-length translation into English of a work of fiction, poetry, or literary non-fiction.

However, I also found another text that mentions Phil Coulter's involvement with translating ""My Boy"". The text about the Banipal Prize for Arabic Literary Translation does not seem to be related to song translations.

The only other relevant text is the one about the Merck Kakehashi Literature Prize. This prize is awarded by the Goethe-Institut Tokyo and Merck KGaA, a German chemical and pharmaceutical company. It is for works by German authors made accessible to a Japanese readership.

However, I also found another text that mentions Phil Coulter's involvement with translating ""My Boy"". The text about the Popescu Prize does not seem to be related to song translations.

The only other relevant text is the one about the American Literary Translators Association (ALTA). This organization bridges cultural communication and understanding among countries and languages through the art and craft of literary translation. It promotes literary translation through its annual conference, which draws hundreds of translators and literary professionals from around the world; the National Translation Award, an annual $5,000 prize for the best book-length translation into English of a work of fiction, poetry, or literary non-fiction.

However, I also found another text that mentions Phil Coulter's involvement with translating ""My Boy"". The text about the Banipal Prize for Arabic Literary Translation does not seem to be related to song translations.

The only other relevant text is the one about the Merck Kakehashi Literature Prize. This prize is awarded by the Goethe-Institut Tokyo and Merck KGaA, a German chemical and pharmaceutical company. It is for works by German authors made accessible to a Japanese readership.

However, I also found another text that mentions Phil Coulter's involvement with translating ""My Boy"". The text about the Popescu Prize does not seem to be related to song translations.

The only other relevant text is the one about the American Literary Translators Association (ALTA). This organization bridges cultural communication and understanding among countries and languages through the art and craft of literary translation. It promotes literary translation through its annual conference, which draws hundreds of translators and literary professionals from around the world; the National Translation Award, an annual $5,000 prize for the best book-length translation into English of a work of fiction, poetry, or literary non-fiction.

However, I also found another text that mentions Phil Coulter's involvement with translating ""My Boy"". The text about the Banipal Prize for Arabic Literary Translation does not seem to be related to song translations.

The only other relevant text is the one about the Merck Kakehashi Literature Prize. This prize is awarded by the Goethe-Institut Tokyo and Merck KGaA, a German chemical and pharmaceutical company. It is for works by German authors made accessible to a Japanese readership.

However, I also found another text that mentions Phil Coulter's involvement with translating ""My Boy"". The text about the Popescu Prize does not seem to be related to song translations.

The only other relevant text is the one about the American Literary Translators Association (ALTA). This organization bridges cultural communication and understanding among countries and languages through the art and craft of literary translation. It promotes literary translation through its annual conference, which draws hundreds of translators and literary professionals from around the world; the National Translation Award, an annual $5,000 prize for the best book-length translation into English of a work of fiction, poetry, or literary non-fiction.

However, I also found another text that mentions Phil Coulter's involvement with translating ""My Boy"". The text about the Banipal Prize for Arabic Literary Translation does not seem to be related to song translations.

The only other relevant text is the one about the Merck Kakehashi Literature Prize. This prize is awarded by the Goethe-Institut Tokyo and Merck KGaA, a German chemical and pharmaceutical company. It is for works by German authors made accessible to a Japanese readership.

However, I also found another text that mentions Phil Coulter's involvement with translating ""My Boy"". The text about the Popescu Prize does not seem to be related to song translations.

The only other relevant text is the one about the American Literary Translators Association (ALTA). This organization bridges cultural communication and understanding among countries and languages through the art and craft of literary translation. It promotes literary translation through its annual conference, which draws hundreds of translators and literary professionals from around the world; the National Translation Award, an annual $5,000 prize for the best book-length translation into English of a work of fiction, poetry, or literary non-fiction.

However, I also found another text that mentions Phil Coulter's involvement with translating ""My Boy"". The text about the Banipal Prize for Arabic Literary Translation does not seem to be related to song translations.

The only other relevant text is the one about the Merck Kakehashi Literature Prize. This prize is awarded by the Goethe-Institut Tokyo and Merck KGaA, a German chemical and pharmaceutical company. It is for works by German authors made accessible to a Japanese readership.

However, I also found another text that mentions Phil Coulter's involvement with translating ""My Boy"". The text about the Popescu Prize does not seem to be related to song translations.

The only other relevant text is the one about the American Literary Translators Association (ALTA). This organization bridges cultural communication and understanding among countries and languages through the art and craft of literary translation. It promotes literary translation through its annual conference, which draws hundreds of translators and literary professionals from around the world; the National Translation Award, an annual $5,000 prize for the best book-length translation into English of a work of fiction, poetry, or literary non-fiction.

However, I also found another text that mentions Phil Coulter's involvement with translating ""My Boy"". The text about the Banipal Prize for Arabic Literary Translation does not seem to be related to song translations.

The only other relevant text is the one about the Merck Kakehashi Literature Prize. This prize is awarded by the Goethe-Institut Tokyo and Merck KGaA, a German chemical and pharmaceutical company. It is for works by German authors made accessible to a Japanese readership.

However, I also found another text that mentions Phil Coulter's involvement with translating ""My Boy"". The text about the Popescu Prize does not seem to be related to song translations.

The only other relevant text is the one about the American Literary Translators Association (ALTA). This organization bridges cultural communication and understanding among countries and languages through the art and craft of literary translation. It promotes literary translation through its annual conference, which draws hundreds of translators and literary professionals from around the world; the National Translation Award, an annual $5,000 prize for the best book-length translation into English of a work of fiction, poetry, or literary non-fiction.

However, I also found another text that mentions Phil Coulter's involvement with translating ""My Boy"". The text about the Banipal Prize for Arabic Literary Translation does not seem to be related to song translations.

The only other relevant text is the one about the Merck Kakehashi Literature Prize. This prize is awarded by the Goethe-Institut Tokyo and Merck KGaA, a German chemical and pharmaceutical company. It is for works by German authors made accessible to a Japanese readership.

However, I also found another text that mentions Phil Coulter's involvement with translating ""My Boy"". The text about the Popescu Prize does not seem to be related to song translations.

The only other relevant text is the one about the American Literary Translators Association (ALTA). This organization bridges cultural communication and understanding among countries and languages through the art and craft of literary translation. It promotes literary translation through its annual conference, which draws hundreds of translators and literary professionals from around the world; the National Translation Award, an annual $5,000 prize for the best book-length translation into English of a work of fiction, poetry, or literary non-fiction.

However, I also found another text that mentions Phil Coulter's involvement with translating ""My Boy"". The text about the Banipal Prize for Arabic Literary Translation does not seem to be related to song translations.

The only other relevant text is the one about the Merck Kakehashi Literature Prize. This prize is awarded by the Goethe-Institut Tokyo and Merck KGaA, a German chemical and pharmaceutical company. It is for works by German authors made accessible to a Japanese readership.

However, I also found another text that mentions Phil Coulter's involvement with translating ""My Boy"". The text about the Popescu Prize does not seem to be related to song translations.

The only other relevant text is the one about the American Literary Translators Association (ALTA). This organization bridges cultural communication and understanding among countries and languages through the art and craft of literary translation. It promotes literary translation through its annual conference, which draws hundreds of translators and literary professionals from around the world; the National Translation Award, an annual $5,000 prize for the best book-length translation into English of a work of fiction, poetry, or literary non-fiction.

However, I also found another text that mentions Phil Coulter's involvement with translating ""My Boy"". The text about the Banipal Prize for Arabic Literary Translation does not seem to be related to song translations.

The only other relevant text is the one about the Merck Kakehashi Literature Prize. This prize is awarded by the Goethe-Institut Tokyo and Merck KGaA, a German chemical and pharmaceutical company. It is for works by German authors made accessible to a Japanese readership.

However, I also found another text that mentions Phil Coulter's involvement with translating ""My Boy"". The text about the Popescu Prize does not seem to be related to song translations.

The only other relevant text is the one about the American Literary Translators Association (ALTA). This organization bridges cultural communication and understanding among countries and languages through the art and craft of literary translation. It promotes literary translation through its annual conference, which draws hundreds of translators and literary professionals from around the world; the National Translation Award, an annual $5,000 prize for the best book-length translation into English of a work of fiction, poetry, or literary non-fiction.

However, I also found another text that mentions Phil Coulter's involvement with translating ""My Boy"". The text about the Banipal Prize for Arabic Literary Translation does not seem to be related to song translations.

The only other relevant text is the one about the Merck Kakehashi Literature Prize. This prize is awarded by the Goethe-Institut Tokyo and Merck KGaA, a German chemical and pharmaceutical company. It is for works by German authors made accessible to a Japanese readership.

However, I also found another text that mentions Phil Coulter's involvement with translating ""My Boy"". The text about the Popescu Prize does not seem to be related to song translations.

The only other relevant text is the one about the American Literary Translators Association (ALTA). This organization bridges cultural communication and understanding among countries and languages through the art and craft of literary translation. It promotes literary translation through its annual conference, which draws hundreds of translators and literary professionals from around the world; the National Translation Award, an annual $5,000 prize for the best book-length translation into English of a work of fiction, poetry, or literary non-fiction.

However, I also found another text that mentions Phil Coulter's involvement with translating ""My Boy"". The text about the Banipal Prize for Arabic Literary Translation does not seem to be related to song translations.

The only other relevant text is the one about the Merck Kakehashi Literature Prize. This prize is awarded by the Goethe-Institut Tokyo and Merck KGaA, a German chemical and pharmaceutical company. It is for works by German authors made accessible to a Japanese readership.

However, I also found another text that mentions Phil Coulter's involvement with translating ""My Boy"". The text about the Popescu Prize does not seem to be related to song translations.

The only other relevant text is the one about the American Literary Translators Association (ALTA). This organization bridges cultural communication and understanding among countries and languages through the art and craft of literary translation. It promotes literary translation through its annual conference, which draws hundreds of translators and literary professionals from around the world; the National Translation Award, an annual $5,000 prize for the best book-length translation into English of a work of fiction, poetry, or literary non-fiction.

However, I also found another text that mentions Phil Coulter's involvement with translating ""My Boy"". The text about the Banipal Prize for Arabic Literary Translation does not seem to be related to song translations.

The only other relevant text is the one about the Merck Kakehashi Literature Prize. This prize is awarded by the Goethe-Institut Tokyo and Merck KGaA, a German chemical and pharmaceutical company. It is for works by German authors made accessible to a Japanese readership.

However, I also found another text that mentions Phil Coulter's involvement with translating ""My Boy"". The text about the Popescu Prize does not seem to be related to song translations.

The only other relevant text is the one about the American Literary Translators Association (ALTA). This organization bridges cultural communication and understanding among countries and languages through the art and craft of literary translation. It promotes literary translation through its annual conference, which draws hundreds of translators and literary professionals from around the world; the National Translation Award, an annual $5,000 prize for the best book-length translation into English of a work of fiction, poetry, or literary non-fiction.

However, I also found another text that mentions Phil Coulter's involvement with translating ""My Boy"". The text about the Banipal Prize for Arabic Literary Translation does not seem to be related to song translations.

The only other relevant text is the one about the Merck Kakehashi Literature Prize. This prize is awarded by the Goethe-Institut Tokyo and Merck KGaA, a German chemical and pharmaceutical company. It is for works by German authors made accessible to a Japanese readership.

However, I also found another text that mentions Phil Coulter's involvement with translating ""My Boy"". The text about the Popescu Prize does not seem to be related to song translations.

The only other relevant text is the one about the American Literary Translators Association (ALTA). This organization bridges cultural communication and understanding among countries and languages through the art and craft of literary translation. It promotes literary translation through its annual conference, which draws hundreds of translators and literary professionals from around the world; the National Translation Award, an annual $5,000 prize for the best book-length translation into English of a work of fiction, poetry, or literary non-fiction.

However, I also found another text that mentions Phil Coulter's involvement with translating ""My Boy"". The text about the Banipal Prize for Arabic Literary Translation does not seem to be related to song translations.

The only other relevant text is the one about the Merck Kakehashi Literature Prize. This prize is awarded by the Goethe-Institut Tokyo and Merck KGaA, a German chemical and pharmaceutical company. It is for works by German authors made accessible to a Japanese readership.

However, I also found another text that mentions Phil Coulter's involvement with translating ""My Boy"". The text about the Popescu Prize does not seem to be related to song translations.

The only other relevant text is the one about the American Literary Translators Association (ALTA). This organization bridges cultural communication and understanding among countries and languages through the art and craft of literary translation. It promotes literary translation through its annual conference, which draws hundreds of translators and literary professionals from around the world; the National Translation Award, an annual $5,000 prize for the best book-length translation into English of a work of fiction, poetry, or literary non-fiction.

However, I also found another text that mentions Phil Coulter's involvement with translating ""My Boy"". The text about the Banipal Prize for Arabic Literary Translation does not seem to be related to song translations.

The only other relevant text is the one about the Merck Kakehashi Literature Prize. This prize is awarded by the Goethe-Institut Tokyo and Merck KGaA, a German chemical and pharmaceutical company. It is for works by German authors made accessible to a Japanese readership.

However, I also found another text that mentions Phil Coulter's involvement with translating ""My Boy"". The text about the Popescu Prize does not seem to be related to song translations.

The only other relevant text is the one about the American Literary Translators Association (ALTA). This organization bridges cultural communication and understanding among countries and languages through the art and craft of literary translation. It promotes literary translation through its annual conference, which draws hundreds of translators and literary professionals from around the world; the National Translation Award, an annual $5,000 prize for the best book-length translation into English of a work of fiction, poetry, or literary non-fiction.

However, I also found another text that mentions Phil Coulter's involvement with translating ""My Boy"". The text about the Banipal Prize for Arabic Literary Translation does not seem to be related to song translations.

The only other relevant text is the one about the Merck Kakehashi Literature Prize. This prize is awarded by the Goethe-Institut Tokyo and Merck KGaA, a German chemical and pharmaceutical company. It is for works by German authors made accessible to a Japanese readership.

However, I also found another text that mentions Phil Coulter's involvement with translating ""My Boy"". The text about the Popescu Prize does not seem to be related to song translations.

The only other relevant text is the one about the American Literary Translators Association (ALTA). This organization bridges cultural communication and understanding among countries and languages through the art and craft of literary translation. It promotes literary translation through its annual conference, which draws hundreds of translators and literary professionals from around the world; the National Translation Award, an annual $5,000 prize for the best book-length translation into English of a work of fiction, poetry, or literary non-fiction.

However, I also found another text that mentions Phil Coulter's involvement with translating ""My Boy"". The text about the Banipal Prize for Arabic Literary Translation does not seem to be related to song translations.

The only other relevant text is the one about the Merck Kakehashi Literature Prize. This prize is awarded by the Goethe-Institut Tokyo and Merck KGaA, a German chemical and pharmaceutical company. It is for works by German authors made accessible to a Japanese readership.

However, I also found another text that mentions Phil Coulter's involvement with translating ""My Boy"". The text about the Popescu Prize does not seem to be related to song translations.

The only other relevant text is the one about the American Literary Translators Association (ALTA). This organization bridges cultural communication and understanding among countries and languages through the art and craft of literary translation. It promotes literary translation through its annual conference, which draws hundreds of translators and literary professionals from around the world; the National Translation Award, an annual $5,000 prize for the best book-length translation into English of a work of fiction, poetry, or literary non-fiction.

However, I also found another text that mentions Phil Coulter's involvement with translating ""My Boy"". The text about the Banipal Prize for Arabic Literary Translation does not seem to be related to song translations.

The only other relevant text is the one about the Merck Kakehashi Literature Prize. This prize is awarded by the Goethe-Institut Tokyo and Merck KGaA, a German chemical and pharmaceutical company. It is for works by German authors made accessible to a Japanese readership.

However, I also found another text that mentions Phil Coulter's involvement with translating ""My Boy"". The text about the Popescu Prize does not seem to be related to song translations.

The only other relevant text is the one about the American Literary Translators Association (ALTA). This organization bridges cultural communication and understanding among countries and languages through the art and craft of literary translation. It promotes literary translation through its annual conference, which draws hundreds of translators and literary professionals from around the world; the National Translation Award, an annual $5,000 prize for the best book-length translation into English of a work of fiction, poetry, or literary non-fiction.

However, I also found another text that mentions Phil Coulter's involvement with translating ""My Boy"". The text about the Banipal Prize for Arabic Literary Translation does not seem to be related to song translations.

The only other relevant text is the one about the Merck Kakehashi Literature Prize. This prize is awarded by the Goethe-Institut Tokyo and Merck KGaA, a German chemical and pharmaceutical company. It is for works by German authors made accessible to a Japanese readership.

However, I also found another text that mentions Phil Coulter's involvement with translating ""My Boy"". The text about the Popescu Prize does not seem to be related to song translations.

The only other relevant text is the one about the American Literary Translators Association (ALTA). This organization bridges cultural communication and understanding among countries and languages through the art and craft of literary translation. It promotes literary translation through its annual conference, which draws hundreds of translators and literary professionals from around the world; the National Translation Award, an annual $5,000 prize for the best book-length translation into English of a work of fiction, poetry, or literary non-fiction.

However, I also found another text that mentions Phil Coulter's involvement with translating ""My Boy"". The text about the Banipal Prize for Arabic Literary Translation does not seem to be related to song translations.

The only other relevant text is the one about the Merck Kakehashi Literature Prize. This prize is awarded by the Goethe-Institut Tokyo and Merck KGaA, a German chemical and pharmaceutical company. It is for works by German authors made accessible to a Japanese readership.

However, I also found another text that mentions Phil Coulter's involvement with translating ""My Boy"". The text about the Popescu Prize does not seem to be related to song translations.

The only other relevant text is the one about the American Literary Translators Association (ALTA). This organization bridges cultural communication and understanding among countries and languages through the art and craft of literary translation. It promotes literary translation through its annual conference, which draws hundreds of translators and literary professionals from around the world; the National Translation Award, an annual $5,000 prize for the best book-length translation into English of a work of fiction, poetry, or literary non-fiction.

However, I also found another text that mentions Phil Coulter's involvement with translating ""My Boy"". The text about the Banipal Prize for Arabic Literary Translation does not seem to be related to song translations.

The only other relevant text is the one about the Merck Kakehashi Literature Prize. This prize is awarded by the Goethe-Institut Tokyo and Merck KGaA, a German chemical and pharmaceutical company. It is for works by German authors made accessible to a Japanese readership.

However, I also found another text that mentions Phil Coulter's involvement with translating ""My Boy"". The text about the Popescu Prize does not seem to be related to song translations.

The only other relevant text is the one about the American Literary Translators Association (ALTA). This organization bridges cultural communication and understanding among countries and languages through the art and craft of literary translation. It promotes literary translation through its annual conference, which draws hundreds of translators and literary professionals from around the world; the National Translation Award, an annual $5,000 prize for the best book-length translation into English of a work of fiction, poetry, or literary non-fiction.

However, I also found another text that mentions Phil Coulter's involvement with translating ""My Boy"". The text about the Banipal Prize for Arabic Literary Translation does not seem to be related to song translations.

The only other relevant text is the one about the Merck Kakehashi Literature Prize. This prize is awarded by the Goethe-Institut Tokyo and Merck KGaA, a German chemical and pharmaceutical company. It is for works by German authors made accessible to a Japanese readership.

However, I also found another text that mentions Phil Coulter's involvement with translating ""My Boy"". The text about the Popescu Prize does not seem to be related to song translations.

The only other relevant text is the one about the American Literary Translators Association (ALTA). This organization bridges cultural communication and understanding among countries and languages through the art and craft of literary translation. It promotes literary translation through its annual conference, which draws hundreds of translators and literary professionals from around the world; the National Translation Award, an annual $5,000 prize for the best book-length translation into English of a work of fiction, poetry, or literary non-fiction.

However, I also found another text that mentions Phil Coulter's involvement with translating ""My Boy"". The text about the Banipal Prize for Arabic Literary Translation does not seem to be related to song translations.

The only other relevant text is the one about the Merck Kakehashi Literature Prize. This prize is awarded by the Goethe-Institut Tokyo and Merck KGaA, a German chemical and pharmaceutical company. It is for works by German authors made accessible to a Japanese readership.

However, I also found another text that mentions Phil Coulter's involvement with translating ""My Boy"". The text about the Popescu Prize does not seem to be related to song translations.

The only other relevant text is the one about the American Literary Translators Association (ALTA). This organization bridges cultural communication and understanding among countries and languages through the art and craft of literary translation. It promotes literary translation through its annual conference, which draws hundreds of translators and literary professionals from around the world; the National Translation Award, an annual $5,000 prize for the best book-length translation into English of a work of fiction, poetry, or literary non-fiction.

However, I also found another text that mentions Phil Coulter's involvement with translating ""My Boy"". The text about the Banipal Prize for Arabic Literary Translation does not seem to be related to song translations.

The only other relevant text is the one about the Merck Kakehashi Literature Prize. This prize is awarded by the Goethe-Institut Tokyo and Merck KGaA, a German chemical and pharmaceutical company. It is for works by German authors made accessible to a Japanese readership.

However, I also found another text that mentions Phil Coulter's involvement with translating ""My Boy"". The text about the Popescu Prize does not seem to be related to song translations.

The only other relevant text is the one about the American Literary Translators Association (ALTA). This organization bridges cultural communication and understanding among countries and languages through the art and craft of literary translation. It promotes literary translation through its annual conference, which draws hundreds of translators and literary professionals from around the world; the National Translation Award, an annual $5,000 prize for the best book-length translation into English of a work of fiction, poetry, or literary non-fiction.

However, I also found another text that mentions Phil Coulter's involvement with translating ""My Boy"". The text about the Banipal Prize for Arabic Literary Translation does not seem to be related to song translations.

The only other relevant text is the one about the Merck Kakehashi Literature Prize. This prize is awarded by the Goethe-Institut Tokyo and Merck KGaA, a German chemical and pharmaceutical company. It is for works by German authors made accessible to a Japanese readership.

However, I also found another text that mentions Phil Coulter's involvement with translating ""My Boy"". The text about the Popescu Prize does not seem to be related to song translations.

The only other relevant text is the one about the American Literary Translators Association (ALTA). This organization bridges cultural communication and understanding among countries and languages through the art and craft of literary translation. It promotes literary translation through its annual conference, which draws hundreds of translators and literary professionals from around the world; the National Translation Award, an annual $5,000 prize for the best book-length translation into English of a work of fiction, poetry, or literary non-fiction.

However, I also found another text that mentions Phil Coulter's involvement with translating ""My Boy"". The text about the Banipal Prize for Arabic Literary Translation does not seem to be related to song translations.

The only other relevant text is the one about the Merck Kakehashi Literature Prize. This prize is awarded by the Goethe-Institut Tokyo and Merck KGaA, a German chemical and pharmaceutical company. It is for works by German authors made accessible to a Japanese readership.

However, I also found another text that mentions Phil Coulter's involvement with translating ""My Boy"". The text about the Popescu Prize does not seem to be related to song translations.

The only other relevant text is the one about the American Literary Translators Association (ALTA). This organization bridges cultural communication and understanding among countries and languages through the art and craft of literary translation. It promotes literary translation through its annual conference, which draws hundreds of translators and literary professionals from around the world; the National Translation Award, an annual $5,000 prize for the best book-length translation into English of a work of fiction, poetry, or literary non-fiction.

However, I also found another text that mentions Phil Coulter's involvement with translating ""My Boy"". The text about the Banipal Prize for Arabic Literary Translation does not seem to be related to song translations.

The only other relevant text is the one about the Merck Kakehashi Literature Prize. This prize is awarded by the Goethe-Institut Tokyo and Merck KGaA, a German chemical and pharmaceutical company. It is for works by German authors made accessible to a Japanese readership.

However, I also found another text that mentions Phil Coulter's involvement with translating ""My Boy"". The text about the Popescu Prize does not seem to be related to song translations.

The only other relevant text is the one about the American Literary Translators Association (ALTA). This organization bridges cultural communication and understanding among countries and languages through the art and craft of literary translation. It promotes literary translation through its annual conference, which draws hundreds of translators and literary professionals from around the world; the National Translation Award, an annual $5,000 prize for the best book-length translation into English of a work of fiction, poetry, or literary non-fiction.

However, I also found another text that mentions Phil Coulter's involvement with translating ""My Boy"". The text about the Banipal Prize for Arabic Literary Translation does not seem to be related to song translations.

The only other relevant text is the one about the Merck Kakehashi Literature Prize. This prize is awarded by the Goethe-Institut Tokyo and Merck KGaA, a German chemical and pharmaceutical company. It is for works by German authors made accessible to a Japanese readership.

However, I also found another text that mentions Phil Coulter's involvement with translating ""My Boy"". The text about the Popescu Prize does not seem to be related to song translations.

The only other relevant text is the one about the American Literary Translators Association (ALTA). This organization bridges cultural communication and understanding among countries and languages through the art and craft of literary translation. It promotes literary translation through its annual conference, which draws hundreds of translators and literary professionals from around the world; the National Translation Award, an annual $5,000 prize for the best book-length translation into English of a work of fiction, poetry, or literary non-fiction.

However, I also found another text that mentions Phil Coulter's involvement with translating ""My Boy"". The text about the Banipal Prize for Arabic Literary Translation does not seem to be related to song translations.

The only other relevant text is the one about the Merck Kakehashi Literature Prize. This prize is awarded by the Goethe-Institut Tokyo and Merck KGaA, a German chemical and pharmaceutical company. It is for works by German authors made accessible to a Japanese readership.

However, I also found another text that mentions Phil Coulter's involvement with translating ""My Boy"". The text about the Popescu Prize does not seem to be related to song translations.

The only other relevant text is the one about the American Literary Translators Association (ALTA). This organization bridges cultural communication and understanding among countries and languages through the art and craft of literary translation. It promotes literary translation through its annual conference, which draws hundreds of translators and literary professionals from around the world; the National Translation Award, an annual $5,000 prize for the best book-length translation into English of a work of fiction, poetry, or literary non-fiction.

However, I also found another text that mentions Phil Coulter's involvement with translating ""My Boy"". The text about the Banipal Prize for Arabic Literary Translation does not seem to be related to song translations.

The only other relevant text is the one about the Merck Kakehashi Literature Prize. This prize is awarded by the Goethe-Institut Tokyo and Merck KGaA, a German chemical and pharmaceutical company. It is for works by German authors made accessible to a Japanese readership.

However, I also found another text that mentions Phil Coulter's involvement with translating ""My Boy"". The text about the Popescu Prize does not seem to be related to song translations.

The only other relevant text is the one about the American Literary Translators Association (ALTA). This organization bridges cultural communication and understanding among countries and languages through the art and craft of literary translation. It promotes literary translation through its annual conference, which draws hundreds of translators and literary professionals from around the world; the National Translation Award, an annual $5,000 prize for the best book-length translation into English of a work of fiction, poetry, or literary non-fiction.

However, I also found another text that mentions Phil Coulter's involvement with translating ""My Boy"". The text about the Banipal Prize for Arabic Literary Translation does not seem to be related to song translations.

The only other relevant text is the one about the Merck Kakehashi Literature Prize. This prize is awarded by the Goethe-Institut Tokyo and Merck KGaA, a German chemical and pharmaceutical company. It is for works by German authors made accessible to a Japanese readership.

However, I also found another text that mentions Phil Coulter's involvement with translating ""My Boy"". The text about the Popescu Prize does not seem to be related to song translations.

The only other relevant text is the one about the American Literary Translators Association (ALTA). This organization bridges cultural communication and understanding among countries and languages through the art and craft of literary translation. It promotes literary translation through its annual conference, which draws hundreds of translators and literary professionals from around the world; the National Translation Award, an annual $5,000 prize for the best book-length translation into English of a work of fiction, poetry, or literary non-fiction.

However, I also found another text that mentions Phil Coulter's involvement with translating ""My Boy"". The text about the Banipal Prize for Arabic Literary Translation does not seem to be related to song translations.

The only other relevant text is the one about the Merck Kakehashi Literature Prize. This prize is awarded by the Goethe-Institut Tokyo and Merck KGaA, a German chemical and pharmaceutical company. It is for works by German authors made accessible to a Japanese readership.

However, I also found another text that mentions Phil Coulter's involvement with translating ""My Boy"". The text about the Popescu Prize does not seem to be related to song translations.

The only other relevant text is the one about the American Literary Translators Association (ALTA). This organization bridges cultural communication and understanding among countries and languages through the art and craft of literary translation. It promotes literary translation through its annual conference, which draws hundreds of translators and literary professionals from around the world; the National Translation Award, an annual $5,000 prize for the best book-length translation into English of a work of fiction, poetry, or literary non-fiction.

However, I also found another text that mentions Phil Coulter's involvement with translating ""My Boy"". The text about the Banipal Prize for Arabic Literary Translation does not seem to be related to song translations.

The only other relevant text is the one about the Merck Kakehashi Literature Prize. This prize is awarded by the Goethe-Institut Tokyo and Merck KGaA, a German chemical and pharmaceutical company. It is for works by German authors made accessible to a Japanese readership.

However, I also found another text that mentions Phil Coulter's involvement with translating ""My Boy"". The text about the Popescu Prize does not seem to be related to song translations.

The only other relevant text is the one about the American Literary Translators Association (ALTA). This organization bridges cultural communication and understanding among countries and languages through the art and craft of literary translation. It promotes literary translation through its annual conference, which draws hundreds of translators and literary professionals from around the world; the National Translation Award, an annual $5,000 prize for the best book-length translation into English of a work of fiction, poetry, or literary non-fiction.

However, I also found another text that mentions Phil Coulter's involvement with translating ""My Boy"". The text about the Banipal Prize for Arabic Literary Translation does not seem to be related to song translations.

The only other relevant text is the one about the Merck Kakehashi Literature Prize. This prize is awarded by the Goethe-Institut Tokyo and Merck KGaA, a German chemical and pharmaceutical company. It is for works by German authors made accessible to a Japanese readership.

However, I also found another text that mentions Phil Coulter's involvement with translating ""My Boy"". The text about the Popescu Prize does not seem to be related to song translations.

The only other relevant text is the one about the American Literary Translators Association (ALTA). This organization bridges cultural communication and understanding among countries and languages through the art and craft of literary translation. It promotes literary translation through its annual conference, which draws hundreds of translators and literary professionals from around the world; the National Translation Award, an annual $5,000 prize for the best book-length translation into English of a work of fiction, poetry, or literary non-fiction.

However, I also found another text that mentions Phil Coulter's involvement with translating ""My Boy"". The text about the Banipal Prize for Arabic Literary Translation does not seem to be related to song translations.

The only other relevant text is the one about the Merck Kakehashi Literature Prize. This prize is awarded by the Goethe-Institut Tokyo and Merck KGaA, a German chemical and pharmaceutical company. It is for works by German authors made accessible to a Japanese readership.

However, I also found another text that mentions Phil Coulter's involvement with translating ""My Boy"". The text about the Popescu Prize does not seem to be related to song translations.

The only other relevant text is the one about the American Literary Translators Association (ALTA). This organization bridges cultural communication and understanding among countries and languages through the art and craft of literary translation. It promotes literary translation through its annual conference, which draws hundreds of translators and literary professionals from around the world; the National Translation Award, an annual $5,000 prize for the best book-length translation into English of a work of fiction, poetry, or literary non-fiction.

However, I also found another text that mentions Phil Coulter's involvement with translating ""My Boy"". The text about the Banipal Prize for Arabic Literary Translation does not seem to be related to song translations.

The only other relevant text is the one about the Merck Kakehashi Literature Prize. This prize is awarded by the Goethe-Institut Tokyo and Merck KGaA, a German chemical and pharmaceutical company. It is for works by German authors made accessible to a Japanese readership.

However, I also found another text that mentions Phil Coulter's involvement with translating ""My Boy"". The text about the Popescu Prize does not seem to be related to song translations.

The only other relevant text is the one about the American Literary Translators Association (ALTA). This organization bridges cultural communication and understanding among countries and languages through the art and craft of literary translation. It promotes literary translation through its annual conference, which draws hundreds of translators and literary professionals from around the world; the National Translation Award, an annual $5,000 prize for the best book-length translation into English of a work of fiction, poetry, or literary non-fiction.

However, I also found another text that mentions Phil Coulter's involvement with translating ""My Boy"". The text about the Banipal Prize for Arabic Literary Translation does not seem to be related to song translations.

The only other relevant text is the one about the Merck Kakehashi Literature Prize. This prize is awarded by the Goethe-Institut Tokyo and Merck KGaA, a German chemical and pharmaceutical company. It is for works by German authors made accessible to a Japanese readership.

However, I also found another text that mentions Phil Coulter's involvement with translating ""My Boy"". The text about the Popescu Prize does not seem to be related to song translations.

The only other relevant text is the one about the American Literary Translators Association (ALTA). This organization bridges cultural communication and understanding among countries and languages through the art and craft of literary translation. It promotes literary translation through its annual conference, which draws hundreds of translators and literary professionals from around the world; the National Translation Award, an annual $5,000 prize for the best book-length translation into English of a work of fiction, poetry, or literary non-fiction.

However, I also found another text that mentions Phil Coulter's involvement with translating ""My Boy"". The text about the Banipal Prize for Arabic Literary Translation does not seem to be related to song translations.

The only other relevant text is the one about the Merck Kakehashi Literature Prize. This prize is awarded by the Goethe-Institut Tokyo and Merck KGaA, a German chemical and pharmaceutical company. It is for works by German authors made accessible to a Japanese readership.

However, I also found another text that mentions Phil Coulter's involvement with translating ""My Boy"". The text about the Popescu Prize does not seem to be related to song translations.

The only other relevant text is the one about the American Literary Translators Association (ALTA). This organization bridges cultural communication and understanding among countries and languages through the art and craft of literary translation. It promotes literary translation through its annual conference, which draws hundreds of translators and literary professionals from around the world; the National Translation Award, an annual $5,000 prize for the best book-length translation into English of a work of fiction, poetry, or literary non-fiction.

However, I also found another text that mentions Phil Coulter's involvement with translating ""My Boy"". The text about the Banipal Prize for Arabic Literary Translation does not seem to be related to song translations.

The only other relevant text is the one about the Merck Kakehashi Literature Prize. This prize is awarded by the Goethe-Institut Tokyo and Merck KGaA, a German chemical and pharmaceutical company. It is for works by German authors made accessible to a Japanese readership.

However, I also found another text that mentions Phil Coulter's involvement with translating ""My Boy"". The text about the Popescu Prize does not seem to be related to song translations.

The only other relevant text is the one about the American Literary Translators Association (ALTA). This organization bridges cultural communication and understanding among countries and languages through the art and craft of literary translation. It promotes literary translation through its annual conference, which draws hundreds of translators and literary professionals from around the world; the National Translation Award, an annual $5,000 prize for the best book-length translation into English of a work of fiction, poetry, or literary non-fiction.

However, I also found another text that mentions Phil Coulter's involvement with translating ""My Boy"". The text about the Banipal Prize for Arabic Literary Translation does not seem to be related to song translations.

The only other relevant text is the one about the Merck Kakehashi Literature Prize. This prize is awarded by the Goethe-Institut Tokyo and Merck KGaA, a German chemical and pharmaceutical company. It is for works by German authors made accessible to a Japanese readership.

However, I also found another text that mentions Phil Coulter's involvement with translating ""My Boy"". The text about the Popescu Prize does not seem to be related to song translations.

The only other relevant text is the one about the American Literary Translators Association (ALTA). This organization bridges cultural communication and understanding among countries and languages through the art and craft of literary translation. It promotes literary translation through its annual conference, which draws hundreds of translators and literary professionals from around the world; the National Translation Award, an annual $5,000 prize for the best book-length translation into English of a work of fiction, poetry, or literary non-fiction.

However, I also found another text that mentions Phil Coulter's involvement with translating ""My Boy"". The text about the Banipal Prize for Arabic Literary Translation does not seem to be related to song translations.

The only other relevant text is the one about the Merck Kakehashi Literature Prize. This prize is awarded by the Goethe-Institut Tokyo and Merck KGaA, a German chemical and pharmaceutical company. It is for works by German authors made accessible to a Japanese readership.

However, I also found another text that mentions Phil Coulter's involvement with translating ""My Boy"". The text about the Popescu Prize does not seem to be related to song translations.

The only other relevant text is the one about the American Literary Translators Association (ALTA). This organization bridges cultural communication and understanding among countries and languages through the art and craft of literary translation. It promotes literary translation through its annual conference, which draws hundreds of translators and literary professionals from around the world; the National Translation Award, an annual $5,000 prize for the best book-length translation into English of a work of fiction, poetry, or literary non-fiction.

However, I also found another text that mentions Phil Coulter's involvement with translating ""My Boy"". The text about the Banipal Prize for Arabic Literary Translation does not seem to be related to song translations.

The only other relevant text is the one about the Merck Kakehashi Literature Prize. This prize is awarded by the Goethe-Institut Tokyo and Merck KGaA, a German chemical and pharmaceutical company. It is for works by German authors made accessible to a Japanese readership.

However, I also found another text that mentions Phil Coulter's involvement with translating ""My Boy"". The text about the Popescu Prize does not seem to be related to song translations.

The only other relevant text is the one about the American Literary Translators Association (ALTA). This organization bridges cultural communication and understanding among countries and languages through the art and craft of literary translation. It promotes literary translation through its annual conference, which draws hundreds of translators and literary professionals from around the world; the National Translation Award, an annual $5,000 prize for the best book-length translation into English of a work of fiction, poetry, or literary non-fiction.

However, I also found another text that mentions Phil Coulter's involvement with translating ""My Boy"". The text about the Banipal Prize for Arabic Literary Translation does not seem to be related to song translations.

The only other relevant text is the one about the Merck Kakehashi Literature Prize. This prize is awarded by the Goethe-Institut Tokyo and Merck KGaA, a German chemical and pharmaceutical company. It is for works by German authors made accessible to a Japanese readership.

However, I also found another text that mentions Phil Coulter's involvement with translating ""My Boy"". The text about the Popescu Prize does not seem to be related to song translations.

The only other relevant text is the one about the American Literary Translators Association (ALTA). This organization bridges cultural communication and understanding among countries and languages through the art and craft of literary translation. It promotes literary translation through its annual conference, which draws hundreds of translators and literary professionals from around the world; the National Translation Award, an annual $5,000 prize for the best book-length translation into English of a work of fiction, poetry, or literary non-fiction.

However, I also found another text that mentions Phil Coulter's involvement with translating ""My Boy"". The text about the Banipal Prize for Arabic Literary Translation does not seem to be related to song translations.

The only other relevant text is the one about the Merck Kakehashi Literature Prize. This prize is awarded by the Goethe-Institut Tokyo and Merck KGaA, a German chemical and pharmaceutical company. It is for works by German authors made accessible to a Japanese readership.

However, I also found another text that mentions Phil Coulter's involvement with translating ""My Boy"". The text about the Popescu Prize does not seem to be related to song translations.

The only other relevant text is the one about the American Literary Translators Association (ALTA). This organization bridges cultural communication and understanding among countries and languages through the art and craft of literary translation. It promotes literary translation through its annual conference, which draws hundreds of translators and literary professionals from around the world; the National Translation Award, an annual $5,000 prize for the best book-length translation into English of a work of fiction, poetry, or literary non-fiction.

However, I also found another text that mentions Phil Coulter's involvement with translating ""My Boy"". The text about the Banipal Prize for Arabic Literary Translation does not seem to be related to song translations.

The only other relevant text is the one about the Merck Kakehashi Literature Prize. This prize is awarded by the Goethe-Institut Tokyo and Merck KGaA, a German chemical and pharmaceutical company. It is for works by German authors made accessible to a Japanese readership.

However, I also found another text that mentions Phil Coulter's involvement with translating ""My Boy"". The text about the Popescu Prize does not seem to be related to song translations.

The only other relevant text is the one about the American Literary Translators Association (ALTA). This organization bridges cultural communication and understanding among countries and languages through the art and craft of literary translation. It promotes literary translation through its annual conference, which draws hundreds of translators and literary professionals from around the world; the National Translation Award, an annual $5,000 prize for the best book-length translation into English of a work of fiction, poetry, or literary non-fiction.

However, I also found another text that mentions Phil Coulter's involvement with translating ""My Boy"". The text about the Banipal Prize for Arabic Literary Translation does not seem to be related to song translations.

The only other relevant text is the one about the Merck Kakehashi Literature Prize. This prize is awarded by the Goethe-Institut Tokyo and Merck KGaA, a German chemical and pharmaceutical company. It is for works by German authors made accessible to a Japanese readership.

However, I also found another text that mentions Phil Coulter's involvement with translating ""My Boy"". The text about the Popescu Prize does not seem to be related to song translations.

The only other relevant text is the one about the American Literary Translators Association (ALTA). This organization bridges cultural communication and understanding among countries and languages through the art and craft of literary translation. It promotes literary translation through its annual conference, which draws hundreds of translators and literary professionals from around the world; the National Translation Award, an annual $5,000 prize for the best book-length translation into English of a work of fiction, poetry, or literary non-fiction.

However, I also found another text that mentions Phil Coulter's involvement with translating ""My Boy"". The text about the Banipal Prize for Arabic Literary Translation does not seem to be related to song translations.

The only other relevant text is the one about the Merck Kakehashi Literature Prize. This prize is awarded by the Goethe-Institut Tokyo and Merck KGaA, a German chemical and pharmaceutical company. It is for works by German authors made accessible to a Japanese readership.

However, I also found another text that mentions Phil Coulter's involvement with translating ""My Boy"". The text about the Popescu Prize does not seem to be related to song translations.

The only other relevant text is the one about the American Literary Translators Association (ALTA). This organization bridges cultural communication and understanding among countries and languages through the art and craft of literary translation. It promotes literary translation through its annual conference, which draws hundreds of translators and literary professionals from around the world; the National Translation Award, an annual $5,000 prize for the best book-length translation into English of a work of fiction, poetry, or literary non-fiction.

However, I also found another text that mentions Phil Coulter's involvement with translating ""My Boy"". The text about the Banipal Prize for Arabic Literary Translation does not seem to be related to song translations.

The only other relevant text is the one about the Merck Kakehashi Literature Prize. This prize is awarded by the Goethe-Institut Tokyo and Merck KGaA, a German chemical and pharmaceutical company. It is for works by German authors made accessible to a Japanese readership.

However, I also found another text that mentions Phil Coulter's involvement with translating ""My Boy"". The text about the Popescu Prize does not seem to be related to song translations.

The only other relevant text is the one about the American Literary Translators Association (ALTA). This organization bridges cultural communication and understanding among countries and languages through the art and craft of literary translation. It promotes literary translation through its annual conference, which draws hundreds of translators and literary professionals from around the world; the National Translation Award, an annual $5,000 prize for the best book-length translation into English of a work of fiction, poetry, or literary non-fiction.

However, I also found another text that mentions Phil Coulter's involvement with translating ""My Boy"". The text about the Banipal Prize for Arabic Literary Translation does not seem to be related to song translations.

The only other relevant text is the one about the Merck Kakehashi Literature Prize. This prize is awarded by the Goethe-Institut Tokyo and Merck KGaA, a German chemical and pharmaceutical company. It is for works by German authors made accessible to a Japanese readership.

However, I also found another text that mentions Phil Coulter's involvement with translating ""My Boy"". The text about the Popescu Prize does not seem to be related to song translations.

The only other relevant text is the one about the American Literary Translators Association (ALTA). This organization bridges cultural communication and understanding among countries and languages through the art and craft of literary translation. It promotes literary translation through its annual conference, which draws hundreds of translators and literary professionals from around the world; the National Translation Award, an annual $5,000 prize for the best book-length translation into English of a work of fiction, poetry, or literary non-fiction.

However, I also found another text that mentions Phil Coulter's involvement with translating ""My Boy"". The text about the Banipal Prize for Arabic Literary Translation does not seem to be related to song translations.

The only other relevant text is the one about the Merck Kakehashi Literature Prize. This prize is awarded by the Goethe-Institut Tokyo and Merck KGaA, a German chemical and pharmaceutical company. It is for works by German authors made accessible to a Japanese readership.

However, I also found another text that mentions Phil Coulter's involvement with translating ""My Boy"". The text about the Popescu Prize does not seem to be related to song translations.

The only other relevant text is the one about the American Literary Translators Association (ALTA). This organization bridges cultural communication and understanding among countries and languages through the art and craft of literary translation. It promotes literary translation through its annual conference, which draws hundreds of translators and literary professionals from around the world; the National Translation Award, an annual $5,000 prize for the best book-length translation into English of a work of fiction, poetry, or literary non-fiction.

However, I also found another text that mentions Phil Coulter's involvement with translating ""My Boy"". The text about the Banipal Prize for Arabic Literary Translation does not seem to be related to song translations.

The only other relevant text is the one about the Merck Kakehashi Literature Prize. This prize is awarded by the Goethe-Institut Tokyo and Merck KGaA, a German chemical and pharmaceutical company. It is for works by German authors made accessible to a Japanese readership.

However, I also found another text that mentions Phil Coulter's involvement with translating ""My Boy"". The text about the Popescu Prize does not seem to be related to song translations.

The only other relevant text is the one about the American Literary Translators Association (ALTA). This organization bridges cultural communication and understanding among countries and languages through the art and craft of literary translation. It promotes literary translation through its annual conference, which draws hundreds of translators and literary professionals from around the world; the National Translation Award, an annual $5,000 prize for the best book-length translation into English of a work of fiction, poetry, or literary non-fiction.

However, I also found another text that mentions Phil Coulter's involvement with translating ""My Boy"". The text about the Banipal Prize for Arabic Literary Translation does not seem to be related to song translations.

The only other relevant text is the one about the Merck Kakehashi Literature Prize. This prize is awarded by the Goethe-Institut Tokyo and Merck KGaA, a German chemical and pharmaceutical company. It is for works by German authors made accessible to a Japanese readership.

However, I also found another text that mentions Phil Coulter's involvement with translating ""My Boy"". The text about the Popescu Prize does not seem to be related to song translations.

The only other relevant text is the one about the American Literary Translators Association (ALTA). This organization bridges cultural communication and understanding among countries and languages through the art and craft of literary translation. It promotes literary translation through its annual conference, which draws hundreds of translators and literary professionals from around the world; the National Translation Award, an annual $5,000 prize for the best book-length translation into English of a work of fiction, poetry, or literary non-fiction.

However, I also found another text that mentions Phil Coulter's involvement with translating ""My Boy"". The text about the Banipal Prize for Arabic Literary Translation does not seem to be related to song translations.

The only other relevant text is the one about the Merck Kakehashi Literature Prize. This prize is awarded by the Goethe-Institut Tokyo and Merck KGaA, a German chemical and pharmaceutical company. It is for works by German authors made accessible to a Japanese readership.

However, I also found another text that mentions Phil Coulter's involvement with translating ""My Boy"". The text about the Popescu Prize does not seem to be related to song translations.

The only other relevant text is the one about the American Literary Translators Association (ALTA). This organization bridges cultural communication and understanding among countries and languages through the art and craft of literary translation. It promotes literary translation through its annual conference, which draws hundreds of translators and literary professionals from around the world; the National Translation Award, an annual $5,000 prize for the best book-length translation into English of a work of fiction, poetry, or literary non-fiction.

However, I also found another text that mentions Phil Coulter's involvement with translating ""My Boy"". The text about the Banipal Prize for Arabic Literary Translation does not seem to be related to song translations.

The only other relevant text is the one about the Merck Kakehashi Literature Prize. This prize is awarded by the Goethe-Institut Tokyo and Merck KGaA, a German chemical and pharmaceutical company. It is for works by German authors made accessible to a Japanese readership.

However, I also found another text that mentions Phil Coulter's involvement with translating ""My Boy"". The text about the Popescu Prize does not seem to be related to song translations.

The only other relevant text is the one about the American Literary Translators Association (ALTA). This organization bridges cultural communication and understanding among countries and languages through the art and craft of literary translation. It promotes literary translation through its annual conference, which draws hundreds of translators and literary professionals from around the world; the National Translation Award, an annual $5,000 prize for the best book-length translation into English of a work of fiction, poetry, or literary non-fiction.

However, I also found another text that mentions Phil Coulter's involvement with translating ""My Boy"". The text about the Banipal Prize for Arabic Literary Translation does not seem to be related to song translations.

The only other relevant text is the one about the Merck Kakehashi Literature Prize. This prize is awarded by the Goethe-Institut Tokyo and Merck KGaA, a German chemical and pharmaceutical company. It is for works by German authors made accessible to a Japanese readership.

However, I also found another text that mentions Phil Coulter's involvement with translating ""My Boy"". The text about the Popescu Prize does not seem to be related to song translations.

The only other relevant text is the one about the American Literary Translators Association (ALTA). This organization bridges cultural communication and understanding among countries and languages through the art and craft of literary translation. It promotes literary translation through its annual conference, which draws hundreds of translators and literary professionals from around the world; the National Translation Award, an annual $5,000 prize for the best book-length translation into English of a work of fiction, poetry, or literary non-fiction.

However, I also found another text that mentions Phil Coulter's involvement with translating ""My Boy"". The text about the Banipal Prize for Arabic Literary Translation does not seem to be related to song translations.

The only other relevant text is the one about the Merck Kakehashi Literature Prize. This prize is awarded by the Goethe-Institut Tokyo and Merck KGaA, a German chemical and pharmaceutical company. It is for works by German authors made accessible to a Japanese readership.

However, I also found another text that mentions Phil Coulter's involvement with translating ""My Boy"". The text about the Popescu Prize does not seem to be related to song translations.

The only other relevant text is the one about the American Literary Translators Association (ALTA). This organization bridges cultural communication and understanding among countries and languages through the art and craft of literary translation. It promotes literary translation through its annual conference, which draws hundreds of translators and literary professionals from around the world; the National Translation Award, an annual $5,000 prize for the best book-length translation into English of a work of fiction, poetry, or literary non-fiction.

However, I also found another text that mentions Phil Coulter's involvement with translating ""My Boy"". The text about the Banipal Prize for Arabic Literary Translation does not seem to be related to song translations.

The only other relevant text is the one about the Merck Kakehashi Literature Prize. This prize is awarded by the Goethe-Institut Tokyo and Merck KGaA, a German chemical and pharmaceutical company. It is for works by German authors made accessible to a Japanese readership.

However, I also found another text that mentions Phil Coulter's involvement with translating ""My Boy"". The text about the Popescu Prize does not seem to be related to song translations.

The only other relevant text is the one about the American Literary Translators Association (ALTA). This organization bridges cultural communication and understanding among countries and languages through the art and craft of literary translation. It promotes literary translation through its annual conference, which draws hundreds of translators and literary professionals from around the world; the National Translation Award, an annual $5,000 prize for the best book-length translation into English of a work of fiction, poetry, or literary non-fiction.

However, I also found another text that mentions Phil Coulter's involvement with translating ""My Boy"". The text about the Banipal Prize for Arabic Literary Translation does not seem to be related to song translations.

The only other relevant text is the one about the Merck Kakehashi Literature Prize. This prize is awarded by the Goethe-Institut Tokyo and Merck KGaA, a German chemical and pharmaceutical company. It is for works by German authors made accessible to a Japanese readership.

However, I also found another text that mentions Phil Coulter's involvement with translating ""My Boy"". The text about the Popescu Prize does not seem to be related to song translations.

The only other relevant text is the one about the American Literary Translators Association (ALTA). This organization bridges cultural communication and understanding among countries and languages through the art and craft of literary translation. It promotes literary translation through its annual conference, which draws hundreds of translators and literary professionals from around the world; the National Translation Award, an annual $5,000 prize for the best book-length translation into English of a work of fiction, poetry, or literary non-fiction.

However, I also found another text that mentions Phil Coulter's involvement with translating ""My Boy"". The text about the Banipal Prize for Arabic Literary Translation does not seem to be related to song translations.

The only other relevant text is the one about the Merck Kakehashi Literature Prize. This prize is awarded by the Goethe-Institut Tokyo and Merck KGaA, a German chemical and pharmaceutical company. It is for works by German authors made accessible to a Japanese readership.

However, I also found another text that mentions Phil Coulter's involvement with translating ""My Boy"". The text about the Popescu Prize does not seem to be related to song translations.

The only other relevant text is the one about the American Literary Translators Association (ALTA). This organization bridges cultural communication and understanding among countries and languages through the art and craft of literary translation. It promotes literary translation through its annual conference, which draws hundreds of translators and literary professionals from around the world; the National Translation Award, an annual $5,000 prize for the best book-length translation into English of a work of fiction, poetry, or literary non-fiction.

However, I also found another text that mentions Phil Coulter's involvement with translating ""My Boy"". The text about the Banipal Prize for Arabic Literary Translation does not seem to be related to song translations.

The only other relevant text is the one about the Merck Kakehashi Literature Prize. This prize is awarded by the Goethe-Institut Tokyo and Merck KGaA, a German chemical and pharmaceutical company. It is for works by German authors made accessible to a Japanese readership.

However, I also found another text that mentions Phil Coulter's involvement with translating ""My Boy"". The text about the Popescu Prize does not seem to be related to song translations.

The only other relevant text is the one about the American Literary Translators Association (ALTA). This organization bridges cultural communication and understanding among countries and languages through the art and craft of literary translation. It promotes literary translation through its annual conference, which draws hundreds of translators and literary professionals from around the world; the National Translation Award, an annual $5,000 prize for the best book-length translation into English of a work of fiction, poetry, or literary non-fiction.

However, I also found another text that mentions Phil Coulter's involvement with translating ""My Boy"". The text about the Banipal Prize for Arabic Literary Translation does not seem to be related to song translations.

The only other relevant text is the one about the Merck Kakehashi Literature Prize. This prize is awarded by the Goethe-Institut Tokyo and Merck KGaA, a German chemical and pharmaceutical company. It is for works by German authors made accessible to a Japanese readership.

However, I also found another text that mentions Phil Coulter's involvement with translating ""My Boy"". The text about the Popescu Prize does not seem to be related to song translations.

The only other relevant text is the one about the American Literary Translators Association (ALTA). This organization bridges cultural communication and understanding among countries and languages through the art and craft of literary translation. It promotes literary translation through its annual conference, which draws hundreds of translators and literary professionals from around the world; the National Translation Award, an annual $5,000 prize for the best book-length translation into English of a work of fiction, poetry, or literary non-fiction.

However, I also found another text that mentions Phil Coulter's involvement with translating ""My Boy"". The text about the Banipal Prize for Arabic Literary Translation does not seem to be related to song translations.

The only other relevant text is the one about the Merck Kakehashi Literature Prize. This prize is awarded by the Goethe-Institut Tokyo and Merck KGaA, a German chemical and pharmaceutical company. It is for works by German authors made accessible to a Japanese readership.

However, I also found another text that mentions Phil Coulter's involvement with translating ""My Boy"". The text about the Popescu Prize does not seem to be related to song translations.

The only other relevant text is the one about the American Literary Translators Association (ALTA). This organization bridges cultural communication and understanding among countries and languages through the art and craft of literary translation. It promotes literary translation through its annual conference, which draws hundreds of translators and literary professionals from around the world; the National Translation Award, an annual $5,000 prize for the best book-length translation into English of a work of fiction, poetry, or literary non-fiction.

However, I also found another text that mentions Phil Coulter's involvement with translating ""My Boy"". The text about the Banipal Prize for Arabic Literary Translation does not seem to be related to song translations.

The only other relevant text is the one about the Merck Kakehashi Literature Prize. This prize is awarded by the Goethe-Institut Tokyo and Merck KGaA, a German chemical and pharmaceutical company. It is for works by German authors made accessible to a Japanese readership.

However, I also found another text that mentions Phil Coulter's involvement with translating ""My Boy"". The text about the Popescu Prize does not seem to be related to song translations.

The only other relevant text is the one about the American Literary Translators Association (ALTA). This organization bridges cultural communication and understanding among countries and languages through the art and craft of literary translation. It promotes literary translation through its annual conference, which draws hundreds of translators and literary professionals from around the world; the National Translation Award, an annual $5,000 prize for the best book-length translation into English of a work of fiction, poetry, or literary non-fiction.

However, I also found another text that mentions Phil Coulter's involvement with translating ""My Boy"". The text about the Banipal Prize for Arabic Literary Translation does not seem to be related to song translations.

The only other relevant text is the one about the Merck Kakehashi Literature Prize. This prize is awarded by the Goethe-Institut Tokyo and Merck KGaA, a German chemical and pharmaceutical company. It is for works by German authors made accessible to a Japanese readership.

However, I also found another text that mentions Phil Coulter's involvement with translating ""My Boy"". The text about the Popescu Prize does not seem to be related to song translations.

The only other relevant text is the one about the American Literary Translators Association (ALTA). This organization bridges cultural communication and understanding among countries and languages through the art and craft of literary translation. It promotes literary translation through its annual conference, which draws hundreds of translators and literary professionals from around the world; the National Translation Award, an annual $5,000 prize for the best book-length translation into English of a work of fiction, poetry, or literary non-fiction.

However, I also found another text that mentions Phil Coulter's involvement with translating ""My Boy"". The text about the Banipal Prize for Arabic Literary Translation does not seem to be related to song translations.

The only other relevant text is the one about the Merck Kakehashi Literature Prize. This prize is awarded by the Goethe-Institut Tokyo and Merck KGaA, a German chemical and pharmaceutical company. It is for works by German authors made accessible to a Japanese readership.

However, I also found another text that mentions Phil Coulter's involvement with translating ""My Boy"". The text about the Popescu Prize does not seem to be related to song translations.

The only other relevant text is the one about the American Literary Translators Association (ALTA). This organization bridges cultural communication and understanding among countries and languages through the art and craft of literary translation. It promotes literary translation through its annual conference, which draws hundreds of translators and literary professionals from around the world; the National Translation Award, an annual $5,000 prize for the best book-length translation into English of a work of fiction, poetry, or literary non-fiction.

However, I also found another text that mentions Phil Coulter's involvement with translating ""My Boy"". The text about the Banipal Prize for Arabic Literary Translation does not seem to be related to song translations.

The only other relevant text is the one about the Merck Kakehashi Literature Prize. This prize is awarded by the Goethe-Institut Tokyo and Merck KGaA, a German chemical and pharmaceutical company. It is for works by German authors made accessible to a Japanese readership.

However, I also found another text that mentions Phil Coulter's involvement with translating ""My Boy"". The text about the Popescu Prize does not seem to be related to song translations.

The only other relevant text is the one about the American Literary Translators Association (ALTA). This organization bridges cultural communication and understanding among countries and languages through the art and craft of literary translation. It promotes literary translation through its annual conference, which draws hundreds of translators and literary professionals from around the world; the National Translation Award, an annual $5,000 prize for the best book-length translation into English of a work of fiction, poetry, or literary non-fiction.

However, I also found another text that mentions Phil Coulter's involvement with translating ""My Boy"". The text about the Banipal Prize for Arabic Literary Translation does not seem to be related to song translations.

The only other relevant text is the one about the Merck Kakehashi Literature Prize. This prize is awarded by the Goethe-Institut Tokyo and Merck KGaA, a German chemical and pharmaceutical company. It is for works by German authors made accessible to a Japanese readership.

However, I also found another text that mentions Phil Coulter's involvement with translating ""My Boy"". The text about the Popescu Prize does not seem to be related to song translations.

The only other relevant text is the one about the American Literary Translators Association (ALTA). This organization bridges cultural communication and understanding among countries and languages through the art and craft of literary translation. It promotes literary translation through its annual conference, which draws hundreds of translators and literary professionals from around the world; the National Translation Award, an annual $5,000 prize for the best book-length translation into English of a work of fiction, poetry, or literary non-fiction.

However, I also found another text that mentions Phil Coulter's involvement with translating ""My Boy"". The text about the Banipal Prize for Arabic Literary Translation does not seem to be related to song translations.

The only other relevant text is the one about the Merck Kakehashi Literature Prize. This prize is awarded by the Goethe-Institut Tokyo and Merck KGaA, a German chemical and pharmaceutical company. It is for works by German authors made accessible to a Japanese readership.

However, I also found another text that mentions Phil Coulter's involvement with translating ""My Boy"". The text about the Popescu Prize does not seem to be related to song translations.

The only other relevant text is the one about the American Literary Translators Association (ALTA). This organization bridges cultural communication and understanding among countries and languages through the art and craft of literary translation. It promotes literary translation through its annual conference, which draws hundreds of translators and literary professionals from around the world; the National Translation Award, an annual $5,000 prize for the best book-length translation into English of a work of fiction, poetry, or literary non-fiction.

However, I also found another text that mentions Phil Coulter's involvement with translating ""My Boy"". The text about the Banipal Prize for Arabic Literary Translation does not seem to be related to song translations.

The only other relevant text is the one about the Merck Kakehashi Literature Prize. This prize is awarded by the Goethe-Institut Tokyo and Merck KGaA, a German chemical and pharmaceutical company. It is for works by German authors made accessible to a Japanese readership.

However, I also found another text that mentions Phil Coulter's involvement with translating ""My Boy"". The text about the Popescu Prize does not seem to be related to song translations.

The only other relevant text is the one about the American Literary Translators Association (ALTA). This organization bridges cultural communication and understanding among countries and languages through the art and craft of literary translation. It promotes literary translation through its annual conference, which draws hundreds of translators and literary professionals from around the world; the National Translation Award, an annual $5,000 prize for the best book-length translation into English of a work of fiction, poetry, or literary non-fiction.

However, I also found another text that mentions Phil Coulter's involvement with translating ""My Boy"". The text about the Banipal Prize for Arabic Literary Translation does not seem to be related to song translations.

The only other relevant text is the one about the Merck Kakehashi Literature Prize. This prize is awarded by the Goethe-Institut Tokyo and Merck KGaA, a German chemical and pharmaceutical company. It is for works by German authors made accessible to a Japanese readership.

However, I also found another text that mentions Phil Coulter's involvement with translating ""My Boy"". The text about the Popescu Prize does not seem to be related to song translations.

The only other relevant text is the one about the American Literary Translators Association (ALTA). This organization bridges cultural communication and understanding among countries and languages through the art and craft of literary translation. It promotes literary translation through its annual conference, which draws hundreds of translators and literary professionals from around the world; the National Translation Award, an annual $5,000 prize for the best book-length translation into English of a work of fiction, poetry, or literary non-fiction.

However, I also found another text that mentions Phil Coulter's involvement with translating ""My Boy"". The text about the Banipal Prize for Arabic Literary Translation does not seem to be related to song translations.

The only other relevant text is the one about the Merck Kakehashi Literature Prize. This prize is awarded by the Goethe-Institut Tokyo and Merck KGaA, a German chemical and pharmaceutical company. It is for works by German authors made accessible to a Japanese readership.

However, I also found another text that mentions Phil Coulter's involvement with translating ""My Boy"". The text about the Popescu Prize does not seem to be related to song translations.

The only other relevant text is the one about the American Literary Translators Association (ALTA). This organization bridges cultural communication and understanding among countries and languages through the art and craft of literary translation. It promotes literary translation through its annual conference, which draws hundreds of translators and literary professionals from around the world; the National Translation Award, an annual $5,000 prize for the best book-length translation into English of a work of fiction, poetry, or literary non-fiction.

However, I also found another text that mentions Phil Coulter's involvement with translating ""My Boy"". The text about the Banipal Prize for Arabic Literary Translation does not seem to be related to song translations.

The only other relevant text is the one about the Merck Kakehashi Literature Prize. This prize is awarded by the Goethe-Institut Tokyo and Merck KGaA, a German chemical and pharmaceutical company. It is for works by German authors made accessible to a Japanese readership.

However, I also found another text that mentions Phil Coulter's involvement with translating ""My Boy"". The text about the Popescu Prize does not seem to be related to song translations.

The only other relevant text is the one about the American Literary Translators Association (ALTA). This organization bridges cultural communication and understanding among countries and languages through the art and craft of literary translation. It promotes literary translation through its annual conference, which draws hundreds of translators and literary professionals from around the world; the National Translation Award, an annual $5,000 prize for the best book-length translation into English of a work of fiction, poetry, or literary non-fiction.

However, I also found another text that mentions Phil Coulter's involvement with translating ""My Boy"". The text about the Banipal Prize for Arabic Literary Translation does not seem to be related to song translations.

The only other relevant text is the one about the Merck Kakehashi Literature Prize. This prize is awarded by the Goethe-Institut Tokyo and Merck KGaA, a German chemical and pharmaceutical company. It is for works by German authors made accessible to a Japanese readership.

However, I also found another text that mentions Phil Coulter's involvement with translating ""My Boy"". The text about the Popescu Prize does not seem to be related to song translations.

The only other relevant text is the one about the American Literary Translators Association (ALTA). This organization bridges cultural communication and understanding among countries and languages through the art and craft of literary translation. It promotes literary translation through its annual conference, which draws hundreds of translators and literary professionals from around the world; the National Translation Award, an annual $5,000 prize for the best book-length translation into English of a work of fiction, poetry, or literary non-fiction.

However, I also found another text that mentions Phil Coulter's involvement with translating ""My Boy"". The text about the Banipal Prize for Arabic Literary Translation does not seem to be related to song translations.

The only other relevant text is the one about the Merck Kakehashi Literature Prize. This prize is awarded by the Goethe-Institut Tokyo and Merck KGaA, a German chemical and pharmaceutical company. It is for works by German authors made accessible to a Japanese readership.

However, I also found another text that mentions Phil Coulter's involvement with translating ""My Boy"". The text about the Popescu Prize does not seem to be related to song translations.

The only other relevant text is the one about the American Literary Translators Association (ALTA). This organization bridges cultural communication and understanding among countries and languages through the art and craft of literary translation. It promotes literary translation through its annual conference, which draws hundreds of translators and literary professionals from around the world; the National Translation Award, an annual $5,000 prize for the best book-length translation into English of a work of fiction, poetry, or literary non-fiction.

However, I also found another text that mentions Phil Coulter's involvement with translating ""My Boy"". The text about the Banipal Prize for Arabic Literary Translation does not seem to be related to song translations.

The only other relevant text is the one about the Merck Kakehashi Literature Prize. This prize is awarded by the Goethe-Institut Tokyo and Merck KGaA, a German chemical and pharmaceutical company. It is for works by German authors made accessible to a Japanese readership.

However, I also found another text that mentions Phil Coulter's involvement with translating ""My Boy"". The text about the Popescu Prize does not seem to be related to song translations.

The only other relevant text is the one about the American Literary Translators Association (ALTA). This organization bridges cultural communication and understanding among countries and languages through the art and craft of literary translation. It promotes literary translation through its annual conference, which draws hundreds of translators and literary professionals from around the world; the National Translation Award, an annual $5,000 prize for the best book-length translation into English of a work of fiction, poetry, or literary non-fiction.

However, I also found another text that mentions Phil Coulter's involvement with translating ""My Boy"". The text about the Banipal Prize for Arabic Literary Translation does not seem to be related to song translations.

The only other relevant text is the one about the Merck Kakehashi Literature Prize. This prize is awarded by the Goethe-Institut Tokyo and Merck KGaA, a German chemical and pharmaceutical company. It is for works by German authors made accessible to a Japanese readership.

However, I also found another text that mentions Phil Coulter's involvement with translating ""My Boy"". The text about the Popescu Prize does not seem to be related to song translations.

The only other relevant text is the one about the American Literary Translators Association (ALTA). This organization bridges cultural communication and understanding among countries and languages through the art and craft of literary translation. It promotes literary translation through its annual conference, which draws hundreds of translators and literary professionals from around the world; the National Translation Award, an annual $5,000 prize for the best book-length translation into English of a work of fiction, poetry, or literary non-fiction.

However, I also found another text that mentions Phil Coulter's involvement with translating ""My Boy"". The text about the Banipal Prize for Arabic Literary Translation does not seem to be related to song translations.

The only other relevant text is the one about the Merck Kakehashi Literature Prize. This prize is awarded by the Goethe-Institut Tokyo and Merck KGaA, a German chemical and pharmaceutical company. It is for works by German authors made accessible to a Japanese readership.

However, I also found another text that mentions Phil Coulter's involvement with translating ""My Boy"". The text about the Popescu Prize does not seem to be related to song translations.

The only other relevant text is the one about the American Literary Translators Association (ALTA). This organization bridges cultural communication and understanding among countries and languages through the art and craft of literary translation. It promotes literary translation through its annual conference, which draws hundreds of translators and literary professionals from around the world; the National Translation Award, an annual $5,000 prize for the best book-length translation into English of a work of fiction, poetry, or literary non-fiction.

However, I also found another text that mentions Phil Coulter's involvement with translating ""My Boy"". The text about the Banipal Prize for Arabic Literary Translation does not seem to be related to song translations.

The only other relevant text is the one about the Merck Kakehashi Literature Prize. This prize is awarded by the Goethe-Institut Tokyo and Merck KGaA, a German chemical and pharmaceutical company. It is for works by German authors made accessible to a Japanese readership.

However, I also found another text that mentions Phil Coulter's involvement with translating ""My Boy"". The text about the Popescu Prize does not seem to be related to song translations.

The only other relevant text is the one about the American Literary Translators Association (ALTA). This organization bridges cultural communication and understanding among countries and languages through the art and craft of literary translation. It promotes literary translation through its annual conference, which draws hundreds of translators and literary professionals from around the world; the National Translation Award, an annual $5,000 prize for the best book-length translation into English of a work of fiction, poetry, or literary non-fiction.

However, I also found another text that mentions Phil Coulter's involvement with translating ""My Boy"". The text about the Banipal Prize for Arabic Literary Translation does not seem to be related to song translations.

The only other relevant text is the one about the Merck Kakehashi Literature Prize. This prize is awarded by the Goethe-Institut Tokyo and Merck KGaA, a German chemical and pharmaceutical company. It is for works by German authors made accessible to a Japanese readership.

However, I also found another text that mentions Phil Coulter's involvement with translating ""My Boy"". The text about the Popescu Prize does not seem to be related to song translations.

The only other relevant text is the one about the American Literary Translators Association (ALTA). This organization bridges cultural communication and understanding among countries and languages through the art and craft of literary translation. It promotes literary translation through its annual conference, which draws hundreds of translators and literary professionals from around the world; the National Translation Award, an annual $5,000 prize for the best book-length translation into English of a work of fiction, poetry, or literary non-fiction.

However, I also found another text that mentions Phil Coulter's involvement with translating ""My Boy"". The text about the Banipal Prize for Arabic Literary Translation does not seem to be related to song translations.

The only other relevant text is the one about the Merck Kakehashi Literature Prize. This prize is awarded by the Goethe-Institut Tokyo and Merck KGaA, a German chemical and pharmaceutical company. It is for works by German authors made accessible to a Japanese readership.

However, I also found another text that mentions Phil Coulter's involvement with translating ""My Boy"". The text about the Popescu Prize does not seem to be related to song translations.

The only other relevant text is the one about the American Literary Translators Association (ALTA). This organization bridges cultural communication and understanding among countries and languages through the art and craft of literary translation. It promotes literary translation through its annual conference, which draws hundreds of translators and literary professionals from around the world; the National Translation Award, an annual $5,000 prize for the best book-length translation into English of a work of fiction, poetry, or literary non-fiction.

However, I also found another text that mentions Phil Coulter's involvement with translating ""My Boy"". The text about the Banipal Prize for Arabic Literary Translation does not seem to be related to song translations.

The only other relevant text is the one about the Merck Kakehashi Literature Prize. This prize is awarded by the Goethe-Institut Tokyo and Merck KGaA, a German chemical and pharmaceutical company. It is for works by German authors made accessible to a Japanese readership.

However, I also found another text that mentions Phil Coulter's involvement with translating ""My Boy"". The text about the Popescu Prize does not seem to be related to song translations.

The only other relevant text is the one about the American Literary Translators Association (ALTA). This organization bridges cultural communication and understanding among countries and languages through the art and craft of literary translation. It promotes literary translation through its annual conference, which draws hundreds of translators and literary professionals from around the world; the National Translation Award, an annual $5,000 prize for the best book-length translation into English of a work of fiction, poetry, or literary non-fiction.

However, I also found another text that mentions Phil Coulter's involvement with translating ""My Boy"". The text about the Banipal Prize for Arabic Literary Translation does not seem to be related to song translations.

The only other relevant text is the one about the Merck Kakehashi Literature Prize. This prize is awarded by the Goethe-Institut Tokyo and Merck KGaA, a German chemical and pharmaceutical company. It is for works by German authors made accessible to a Japanese readership.

However, I also found another text that mentions Phil Coulter's involvement with translating ""My Boy"". The text about the Popescu Prize does not seem to be related to song translations.

The only other relevant text is the one about the American Literary Translators Association (ALTA). This organization bridges cultural communication and understanding among countries and languages through the art and craft of literary translation. It promotes literary translation through its annual conference, which draws hundreds of translators and literary professionals from around the world; the National Translation Award, an annual $5,000 prize for the best book-length translation into English of a work of fiction, poetry, or literary non-fiction.

However, I also found another text that mentions Phil Coulter's involvement with translating ""My Boy"". The text about the Banipal Prize for Arabic Literary Translation does not seem to be related to song translations.

The only other relevant text is the one about the Merck Kakehashi Literature Prize. This prize is awarded by the Goethe-Institut Tokyo and Merck KGaA, a German chemical and pharmaceutical company. It is for works by German authors made accessible to a Japanese readership.

However, I also found another text that mentions Phil Coulter's involvement with translating ""My Boy"". The text about the Popescu Prize does not seem to be related to song translations.

The only other relevant text is the one about the American Literary Translators Association (ALTA). This organization bridges cultural communication and understanding among countries and languages through the art and craft of literary translation. It promotes literary translation through its annual conference, which draws hundreds of translators and literary professionals from around the world; the National Translation Award, an annual $5,000 prize for the best book-length translation into English of a work of fiction, poetry, or literary non-fiction.

However, I also found another text that mentions Phil Coulter's involvement with translating ""My Boy"". The text about the Banipal Prize for Arabic Literary Translation does not seem to be related to song translations.

The only other relevant text is the one about the Merck Kakehashi Literature Prize. This prize is awarded by the Goethe-Institut Tokyo and Merck KGaA, a German chemical and pharmaceutical company. It is for works by German authors made accessible to a Japanese readership.

However, I also found another text that mentions Phil Coulter's involvement with translating ""My Boy"". The text about the Popescu Prize does not seem to be related to song translations.

The only other relevant text is the one about the American Literary Translators Association (ALTA). This organization bridges cultural communication and understanding among countries and languages through the art and craft of literary translation. It promotes literary translation through its annual conference, which draws hundreds of translators and literary professionals from around the world; the National Translation Award, an annual $5,000 prize for the best book-length translation into English of a work of fiction, poetry, or literary non-fiction.

However, I also found another text that mentions Phil Coulter's involvement with translating ""My Boy"". The text about the Banipal Prize for Arabic Literary Translation does not seem to be related to song translations.

The only other relevant text is the one about the Merck Kakehashi Literature Prize. This prize is awarded by the Goethe-Institut Tokyo and Merck KGaA, a German chemical and pharmaceutical company. It is for works by German authors made accessible to a Japanese readership.

However, I also found another text that mentions Phil Coulter's involvement with translating ""My Boy"". The text about the Popescu Prize does not seem to be related to song translations.

The only other relevant text is the one about the American Literary Translators Association (ALTA). This organization bridges cultural communication and understanding among countries and languages through the art and craft of literary translation. It promotes literary translation through its annual conference, which draws hundreds of translators and literary professionals from around the world; the National Translation Award, an annual $5,000 prize for the best book-length translation into English of a work of fiction, poetry, or literary non-fiction.

However, I also found another text that mentions Phil Coulter's involvement with translating ""My Boy"". The text about the Banipal Prize for Arabic Literary Translation does not seem to be related to song translations.

The only other relevant text is the one about the Merck Kakehashi Literature Prize. This prize is awarded by the Goethe-Institut Tokyo and Merck KGaA, a German chemical and pharmaceutical company. It is for works by German authors made accessible to a Japanese readership.

However, I also found another text that mentions Phil Coulter's involvement with translating ""My Boy"". The text about the Popescu Prize does not seem to be related to song translations.

The only other relevant text is the one about the American Literary Translators Association (ALTA). This organization bridges cultural communication and understanding among countries and languages through the art and craft of literary translation. It promotes literary translation through its annual conference, which draws hundreds of translators and literary professionals from around the world; the National Translation Award, an annual $5,000 prize for the best book-length translation into English of a work of fiction, poetry, or literary non-fiction.

However, I also found another text that mentions Phil Coulter's involvement with translating ""My Boy"". The text about the Banipal Prize for Arabic Literary Translation does not seem to be related to song translations.

The only other relevant text is the one about the Merck Kakehashi Literature Prize. This prize is awarded by the Goethe-Institut Tokyo and Merck KGaA, a German chemical and pharmaceutical company. It is for works by German authors made accessible to a Japanese readership.

However, I also found another text that mentions Phil Coulter's involvement with translating ""My Boy"". The text about the Popescu Prize does not seem to be related to song translations.

The only other relevant text is the one about the American Literary Translators Association (ALTA). This organization bridges cultural communication and understanding among countries and languages through the art and craft of literary translation. It promotes literary translation through its annual conference, which draws hundreds of translators and literary professionals from around the world; the National Translation Award, an annual $5,000 prize for the best book-length translation into English of a work of fiction, poetry, or literary non-fiction.

However, I also found another text that mentions Phil Coulter's involvement with translating ""My Boy"". The text about the Banipal Prize for Arabic Literary Translation does not seem to be related to song translations.

The only other relevant text is the one about the Merck Kakehashi Literature Prize. This prize is awarded by the Goethe-Institut Tokyo and Merck KGaA, a German chemical and pharmaceutical company. It is for works by German authors made accessible to a Japanese readership.

However, I also found another text that mentions Phil Coulter's involvement with translating ""My Boy"". The text about the Popescu Prize does not seem to be related to song translations.

The only other relevant text is the one about the American Literary Translators Association (ALTA). This organization bridges cultural communication and understanding among countries and languages through the art and craft of literary translation. It promotes literary translation through its annual conference, which draws hundreds of translators and literary professionals from around the world; the National Translation Award, an annual $5,000 prize for the best book-length translation into English of a work of fiction, poetry, or literary non-fiction.

However, I also found another text that mentions Phil Coulter's involvement with translating ""My Boy"". The text about the Banipal Prize for Arabic Literary Translation does not seem to be related to song translations.

The only other relevant text is the one about the Merck Kakehashi Literature Prize. This prize is awarded by the Goethe-Institut Tokyo and Merck KGaA, a German chemical and pharmaceutical company. It is for works by German authors made accessible to a Japanese readership.

However, I also found another text that mentions Phil Coulter's involvement with translating ""My Boy"". The text about the Popescu Prize does not seem to be related to song translations.

The only other relevant text is the one about the American Literary Translators Association (ALTA). This organization bridges cultural communication and understanding among countries and languages through the art and craft of literary translation. It promotes literary translation through its annual conference, which draws hundreds of translators and literary professionals from around the world; the National Translation Award, an annual $5,000 prize for the best book-length translation into English of a work of fiction, poetry, or literary non-fiction.

However, I also found another text that mentions Phil Coulter's involvement with translating ""My Boy"". The text about the Banipal Prize for Arabic Literary Translation does not seem to be related to song translations.

The only other relevant text is the one about the Merck Kakehashi Literature Prize. This prize is awarded by the Goethe-Institut Tokyo and Merck KGaA, a German chemical and pharmaceutical company. It is for works by German authors made accessible to a Japanese readership.

However, I also found another text that mentions Phil Coulter's involvement with translating ""My Boy"". The text about the Popescu Prize does not seem to be related to song translations.

The only other relevant text is the one about the American Literary Translators Association (ALTA). This organization bridges cultural communication and understanding among countries and languages through the art and craft of literary translation. It promotes literary translation through its annual conference, which draws hundreds of translators and literary professionals from around the world; the National Translation Award, an annual $5,000 prize for the best book-length translation into English of a work of fiction, poetry, or literary non-fiction.

However, I also found another text that mentions Phil Coulter's involvement with translating ""My Boy"". The text about the Banipal Prize for Arabic Literary Translation does not seem to be related to song translations.

The only other relevant text is the one about the Merck Kakehashi Literature Prize. This prize is awarded by the Goethe-Institut Tokyo and Merck KGaA, a German chemical and pharmaceutical company. It is for works by German authors made accessible to a Japanese readership.

However, I also found another text that mentions Phil Coulter's involvement with translating ""My Boy"". The text about the Popescu Prize does not seem to be related to song translations.

The only other relevant text is the one about the American Literary Translators Association (ALTA). This organization bridges cultural communication and understanding among countries and languages through the art and craft of literary translation. It promotes literary translation through its annual conference, which draws hundreds of translators and literary professionals from around the world; the National Translation Award, an annual $5,000 prize for the best book-length translation into English of a work of fiction, poetry, or literary non-fiction.

However, I also found another text that mentions Phil Coulter's involvement with translating ""My Boy"". The text about the Banipal Prize for Arabic Literary Translation does not seem to be related to song translations.

The only other relevant text is the one about the Merck Kakehashi Literature Prize. This prize is awarded by the Goethe-Institut Tokyo and Merck KGaA, a German chemical and pharmaceutical company. It is for works by German authors made accessible to a Japanese readership.

However, I also found another text that mentions Phil Coulter's involvement with translating ""My Boy"". The text about the Popescu Prize does not seem to be related to song translations.

The only other relevant text is the one about the American Literary Translators Association (ALTA). This organization bridges cultural communication and understanding among countries and languages through the art and craft of literary translation. It promotes literary translation through its annual conference, which draws hundreds of translators and literary professionals from around the world; the National Translation Award, an annual $5,000 prize for the best book-length translation into English of a work of fiction, poetry, or literary non-fiction.

However, I also found another text that mentions Phil Coulter's involvement with translating ""My Boy"". The text about the Banipal Prize for Arabic Literary Translation does not seem to be related to song translations.

The only other relevant text is the one about the Merck Kakehashi Literature Prize. This prize is awarded by the Goethe-Institut Tokyo and Merck KGaA, a German chemical and pharmaceutical company. It is for works by German authors made accessible to a Japanese readership.

However, I also found another text that mentions Phil Coulter's involvement with translating ""My Boy"". The text about the Popescu Prize does not seem to be related to song translations.

The only other relevant text is the one about the American Literary Translators Association (ALTA). This organization bridges cultural communication and understanding among countries and languages through the art and craft of literary translation. It promotes literary translation through its annual conference, which draws hundreds of translators and literary professionals from around the world; the National Translation Award, an annual $5,000 prize for the best book-length translation into English of a work of fiction, poetry, or literary non-fiction.

However, I also found another text that mentions Phil Coulter's involvement with translating ""My Boy"". The text about the Banipal Prize for Arabic Literary Translation does not seem to be related to song translations.

The only other relevant text is the one about the Merck Kakehashi Literature Prize. This prize is awarded by the Goethe-Institut Tokyo and Merck KGaA, a German chemical and pharmaceutical company. It is for works by German authors made accessible to a Japanese readership.

However, I also found another text that mentions Phil Coulter's involvement with translating ""My Boy"". The text about the Popescu Prize does not seem to be related to song translations.

The only other relevant text is the one about the American Literary Translators Association (ALTA). This organization bridges cultural communication and understanding among countries and languages through the art and craft of literary translation. It promotes literary translation through its annual conference, which draws hundreds of translators and literary professionals from around the world; the National Translation Award, an annual $5,000 prize for the best book-length translation into English of a work of fiction, poetry, or literary non-fiction.

However, I also found another text that mentions Phil Coulter's involvement with translating ""My Boy"". The text about the Banipal Prize for Arabic Literary Translation does not seem to be related to song translations.

The only other relevant text is the one about the Merck Kakehashi Literature Prize. This prize is awarded by the Goethe-Institut Tokyo and Merck KGaA, a German chemical and pharmaceutical company. It is for works by German authors made accessible to a Japanese readership.

However, I also found another text that mentions Phil Coulter's involvement with translating ""My Boy"". The text about the Popescu Prize does not seem to be related to song translations.

The only other relevant text is the one about the American Literary Translators Association (ALTA). This organization bridges cultural communication and understanding among countries and languages through the art and craft of literary translation. It promotes literary translation through its annual conference, which draws hundreds of translators and literary professionals from around the world; the National Translation Award, an annual $5,000 prize for the best book-length translation into English of a work of fiction, poetry, or literary non-fiction.

However, I also found another text that mentions Phil Coulter's involvement with translating ""My Boy"". The text about the Banipal Prize for Arabic Literary Translation does not seem to be related to song translations.

The only other relevant text is the one about the Merck Kakehashi Literature Prize. This prize is awarded by the Goethe-Institut Tokyo and Merck KGaA, a German chemical and pharmaceutical company. It is for works by German authors made accessible to a Japanese readership.

However, I also found another text that mentions Phil Coulter's involvement with translating ""My Boy"". The text about the Popescu Prize does not seem to be related to song translations.

The only other relevant text is the one about the American Literary Translators Association (ALTA). This organization bridges cultural communication and understanding among countries and languages through the art and craft of literary translation. It promotes literary translation through its annual conference, which draws hundreds of translators and literary professionals from around the world; the National Translation Award, an annual $5,000 prize for the best book-length translation into English of a work of fiction, poetry, or literary non-fiction.

However, I also found another text that mentions Phil Coulter's involvement with translating ""My Boy"". The text about the Banipal Prize for Arabic Literary Translation does not seem to be related to song translations.

The only other relevant text is the one about the Merck Kakehashi Literature Prize. This prize is awarded by the Goethe-Institut Tokyo and Merck KGaA, a German chemical and pharmaceutical company. It is for works by German authors made accessible to a Japanese readership.

However, I also found another text that mentions Phil Coulter's involvement with translating ""My Boy"". The text about the Popescu Prize does not seem to be related to song translations.

The only other relevant text is the one about the American Literary Translators Association (ALTA). This organization bridges cultural communication and understanding among countries and languages through the art and craft of literary translation. It promotes literary translation through its annual conference, which draws hundreds of translators and literary professionals from around the world; the National Translation Award, an annual $5,000 prize for the best book-length translation into English of a work of fiction, poetry, or literary non-fiction.

However, I also found another text that mentions Phil Coulter's involvement with translating ""My Boy"". The text about the Banipal Prize for Arabic Literary Translation does not seem to be related to song translations.

The only other relevant text is the one about the Merck Kakehashi Literature Prize. This prize is awarded by the Goethe-Institut Tokyo and Merck KGaA, a German chemical and pharmaceutical company. It is for works by German authors made accessible to a Japanese readership.

However, I also found another text that mentions Phil Coulter's involvement with translating ""My Boy"". The text about the Popescu Prize does not seem to be related to song translations.

The only other relevant text is the one about the American Literary Translators Association (ALTA). This organization bridges cultural communication and understanding among countries and languages through the art and craft of literary translation. It promotes literary translation through its annual conference, which draws hundreds of translators and literary professionals from around the world; the National Translation Award, an annual $5,000 prize for the best book-length translation into English of a work of fiction, poetry, or literary non-fiction.

However, I also found another text that mentions Phil Coulter's involvement with translating ""My Boy"". The text about the Banipal Prize for Arabic Literary Translation does not seem to be related to song translations.

The only other relevant text is the one about the Merck Kakehashi Literature Prize. This prize is awarded by the Goethe-Institut Tokyo and Merck KGaA, a German chemical and pharmaceutical company. It is for works by German authors made accessible to a Japanese readership.

However, I also found another text that mentions Phil Coulter's involvement with translating ""My Boy"". The text about the Popescu Prize does not seem to be related to song translations.

The only other relevant text is the one about the American Literary Translators Association (ALTA). This organization bridges cultural communication and understanding among countries and languages through the art and craft of literary translation. It promotes literary translation through its annual conference, which draws hundreds of translators and literary professionals from around the world; the National Translation Award, an annual $5,000 prize for the best book-length translation into English of a work of fiction, poetry, or literary non-fiction.

However, I also found another text that mentions Phil Coulter's involvement with translating ""My Boy"". The text about the Banipal Prize for Arabic Literary Translation does not seem to be related to song translations.

The only other relevant text is the one about the Merck Kakehashi Literature Prize. This prize is awarded by the Goethe-Institut Tokyo and Merck KGaA, a German chemical and pharmaceutical company. It is for works by German authors made accessible to a Japanese readership.

However, I also found another text that mentions Phil Coulter's involvement with translating ""My Boy"". The text about the Popescu Prize does not seem to be related to song translations.

The only other relevant text is the one about the American Literary Translators Association (ALTA). This organization bridges cultural communication and understanding among countries and languages through the art and craft of literary translation. It promotes literary translation through its annual conference, which draws hundreds of translators and literary professionals from around the world; the National Translation Award, an annual $5,000 prize for the best book-length translation into English of a work of fiction, poetry, or literary non-fiction.

However, I also found another text that mentions Phil Coulter's involvement with translating ""My Boy"". The text about the Banipal Prize for Arabic Literary Translation does not seem to be related to song translations.

The only other relevant text is the one about the Merck Kakehashi Literature Prize. This prize is awarded by the Goethe-Institut Tokyo and Merck KGaA, a German chemical and pharmaceutical company. It is for works by German authors made accessible to a Japanese readership.

However, I also found another text that mentions Phil Coulter's involvement with translating ""My Boy"". The text about the Popescu Prize does not seem to be related to song translations.

The only other relevant text is the one about the American Literary Translators Association (ALTA). This organization bridges cultural communication and understanding among countries and languages through the art and craft of literary translation. It promotes literary translation through its annual conference, which draws hundreds of translators and literary professionals from around the world; the National Translation Award, an annual $5,000 prize for the best book-length translation into English of a work of fiction, poetry, or literary non-fiction.

However, I also found another text that mentions Phil Coulter's involvement with translating ""My Boy"". The text about the Banipal Prize for Arabic Literary Translation does not seem to be related to song translations.

The only other relevant text is the one about the Merck Kakehashi Literature Prize. This prize is awarded by the Goethe-Institut Tokyo and Merck KGaA, a German chemical and pharmaceutical company. It is for works by German authors made accessible to a Japanese readership.

However, I also found another text that mentions Phil Coulter's involvement with translating ""My Boy"". The text about the Popescu Prize does not seem to be related to song translations.

The only other relevant text is the one about the American Literary Translators Association (ALTA). This organization bridges cultural communication and understanding among countries and languages through the art and craft of literary translation. It promotes literary translation through its annual conference, which draws hundreds of translators and literary professionals from around the world; the National Translation Award, an annual $5,000 prize for the best book-length translation into English of a work of fiction, poetry, or literary non-fiction.

However, I also found another text that mentions Phil Coulter's involvement with translating ""My Boy"". The text about the Banipal Prize for Arabic Literary Translation does not seem to be related to song translations.

The only other relevant text is the one about the Merck Kakehashi Literature Prize. This prize is awarded by the Goethe-Institut Tokyo and Merck KGaA, a German chemical and pharmaceutical company. It is for works by German authors made accessible to a Japanese readership.

However, I also found another text that mentions Phil Coulter's involvement with translating ""My Boy"". The text about the Popescu Prize does not seem to be related to song translations.

The only other relevant text is the one about the","Banipal Prize for Arabic Literary Translation: The Banipal Prize, whose full name is the Saif Ghobash–Banipal Prize for Arabic Literary Translation, is an annual prize awarded to a translator (or translators) for the published English translation of a full-length literary work in the Arabic language.  The prize was inaugurated in 2006 by the literary magazine ""Banipal"" which promotes the diffusion of contemporary Arabic literature through English translations and the Banipal Trust for Arab Literature.  It is administered by the Society of Authors in the UK (which runs a number of similar literary translation prizes), and the prize money is sponsored by Omar Saif Ghobash and his family in memory of Ghobash's late father Saif Ghobash.  As of 2009, the prize money amounted to £3000.
Peter Handke: Peter Handke (] ; born 6 December 1942) is an Austrian novelist, playwright and translator.  His writings about the Yugoslav Wars and subsequent NATO bombing of Yugoslavia with criticism of the Western position and his speech at the funeral of Slobodan Milošević have caused controversy, and he has been widely described as an apologist for far-right Serbian nationalism.  He has been awarded the Georg Büchner Prize, the Franz Kafka Prize and the International Ibsen Award; the latter award was extremely controversial and Handke was met by protesters in Oslo and widely described by critics in Norwegian media as a fascist with ties to war criminals.  In 2006 his nomination for the Heinrich H... (skrócone)",,Hallucination
5a73c54655429905862fe0b9,C5,"FNQ Rugby, formerly the Cairns and District Rugby Union (CDRU), is the umbrella organisation for Rugby Union, in Far North Queensland, and where?",Cairns,"To answer this question, I will look at the text related to FNQ Rugby.

The relevant text states: ""FNQ Rugby, formerly the Cairns and District Rugby Union (CDRU), is the umbrella organisation for Rugby Union in Cairns and Far North Queensland.""

From this, we can conclude that FNQ Rugby's location is in both Cairns and Far North Queensland.","Gold Coast Eagles: The Gold Coast Eagles Rugby Union Football Club is an Australian rugby union football club that competes in the Gold Coast and District Rugby Union competition.  The club is based in Southport on Queensland's Gold Coast.
Helensvale Hogs RUC: The Helensvale Hogs Rugby Union Football Club is an Australian rugby union football club that competes in the Gold Coast and District Rugby Union competition.  The club is based in Brisbane on Queensland's Gold Coast.
Lote Tuqiri: Lote Daulako Tuqiri (born 23 September 1979) is a Fijian-Australian former professional dual-code rugby footballer who last played for South Sydney Rabbitohs of the NRL.  He represented Australia in both rugby league and rugby union, and Fiji in rugby league.  He usually played as a winger in both codes.  Tuqiri first rose to prominence as a rugby league player for the Brisbane Broncos and Queensland Maroons, as well as the Fiji and Australia national sides.  He was therefore a high-profile signing for rugby union in 2002, winning 67 caps for Australia and being a part of their 2003 and 2007 World Cup squads.  He played rugby union for the Waratahs in the Super 14, and Leicester Tigers in England in season 2009–10.  Tuqiri's contract with the Australian Rugby Union was terminated on 1 July 2009.  No immediate reason was given, and Tuqiri returned to rugby league in 2010, playing for the Wests Tigers of the NRL.  In September 2013, he signed a short-term contract with Irish rugby union giants, ... (skrócone)",,Multi-hop reasoning error
5ade1df055429939a52fe828,C2,Is the Rafeiro do Alentejo the same type of animal as the Ariege Pointer?,yes,"No, the Rafeiro do Alentejo is not the same type of animal as the Ariege Pointer. The Rafeiro do Alentejo is a breed of livestock guardian dog, while the Ariege Pointer is a breed of pointing gun dog. They have different origins, purposes, and characteristics.","West Siberian Laika: The West Siberian Laika or ""WSL"", is a breed of hunting dog and a breed of spitz type.  Russian publications indicate that the term West Siberian Laika loosely applied to hunting dogs originating with the Mansi and Khanty people in Ural and West Siberia, but there were no standards or registrations of WSL as such until 1930.  Then WWll disrupted it for a while, but ""systematic breeding with registrations"" resumed after the war ended, in 1946.  This was the time the breed began taking modern shape.  Before that hunters only knew of Mansi Laika and Khanty Laika.  In early 1960 many hunters in Ural still preferred the term Mansi Laika, when speaking of West Siberian Laika.  In Russian language, the term Laika originated from the word ""layat"" that means to bark.  The word Laika simply means ""barker"".  Any hunting Laika is a bark pointer (pointing at animal of interest by barking and staying with the animal ).  It is a versatile dog depending on use and environment, but in certain parts of the country they have become more specialized.
Function pointer: A function pointer (or subroutine pointer or procedure pointer) is a type of pointer supported by third-generation programming languages (such as PL/I, COBOL, Fortran, dBASE dBL, and C) and object-oriented programming languages (such as C++ and D).
Ariege Pointer: The Braque de l’Ariège, translated into English as the Ariege Pointing Dog or Ariege Pointer, is a breed of dog, a French hunting dog of pointing gun... (skrócone)",,Multi-hop reasoning error
5adeb67e5542995534e8c6e2,C4,"The 1990 Los Angeles Rams season was the team's 53rd year with the National Football League and the 45th season in Los Angeles, on which date, did Marcus Dupree made his NFL debut against the New York Giants?",Marcus Dupree,"To answer this question, we need to find the date on which Marcus Dupree made his NFL debut against the New York Giants.

Step 1: Look for any text that mentions Marcus Dupree's NFL debut.
Text: ""1990 Los Angeles Rams season"" mentions Marcus Dupree's debut.

Step 2: Read the relevant text to find the answer.
The text states: ""On November 11, 1990, Marcus Dupree made his NFL debut against the New York Giants.""

Therefore, the date on which Marcus Dupree made his NFL debut against the New York Giants is November 11, 1990.","1991 Los Angeles Rams season: The 1991 Los Angeles Rams season was the team's 54th year with the National Football League and the 46th season in Los Angeles.  The team was looking to improve on its 5-11 record from 1990.  However, the Rams finished the 1991 season 3-13, tied for the second worst record in the NFL with the Cincinnati Bengals and the Tampa Bay Buccaneers.  After splitting their first 6 games, the Rams lost their final 10 games of the season, their longest losing streak to end a season since 1937, when the team was in Cleveland, when the team lost 9 in a row to end that season.  The 3-13 record was the worst for the Rams in Los Angeles for a 16-game schedule and they tied the third-fewest posted by the team in its tenure in the city.  This was also, at the time, the worst record for the Rams in a 16-game schedule overall (not including the 1982 strike-shortened season).
1960 Los Angeles Rams season: The Los Angeles Rams season was the team's 23rd year with the National Football League and the 15th season in Los Angeles.  Under first-year head coach Bob Waterfield, the team won four and lost seven with one tie, placing the Rams in sixth place in the Western Conference, ahead of only the expansion Dallas Cowboys.
1980 Los Angeles Rams season: The 1980 Los Angeles Rams season was the team's 43rd year with the National Football League (NFL), the 35th season in Los Angeles, and the first season at Anaheim Stadium.  The 1980 Los Angeles Rams ended their season with a ... (skrócone)",,Format error
5ac4cfb85542996feb3fe946,C5,Do War and Peace and Mireille have the same number of acts?,yes,"To determine if War and Peace and Mireille have the same number of acts, we need to look at the information provided for each opera.

For War and Peace (opera), it is mentioned that it is an opera in two parts (an Epigraph and 13 scenes), sometimes arranged as five acts. This suggests that while the traditional version has 2 main parts, some arrangements have been made to break it down into 5 acts.

For Mireille (opera), it is explicitly stated that it is an 1864 opera in five acts by Charles Gounod.

Based on this information, we can conclude that War and Peace and Mireille do not have the same number of acts.","Timariots: A timariot (or ""tımar"" holder; ""tımarlı"" in Turkish) was another name given to the Timarli Sipahi cavalry that served the Ottoman sultan and in return was granted a fief called a ""timar"".  The timariots had to assemble with the army when at war, and had to take care of the land entrusted to him in times of peace.  When at war, the timariot had to bring his own equipment and in addition a number of armed retainers (""cebelu"").  The timariot was granted feudatory with the obligation to go mounted to war and to supply soldiers and sailors in numbers proportionate to the revenue of the appanage.  The timariot owed personal service for his sword in time of war and for a certain sum of money owed a number of soldiers as a substitute (""cebelu"").  The (""cebelu"") was bound to live on the timariot’s estate and look after the land.  When summoned for campaign the timariot and his (""cebelu"") had to present themselves with a cuirass.  When a timariot failed to obey the summon he was deprived of his timar for one or two years.  Also non-military timar holders were obliged to supply the imperial army with soldiers and provisions.The number of men and equipment the ""timariotes"" had to provide was dependent on the size of his land holdings.  When the annual income of the holding was above 4.000 akçe the sipahi had to be accompanied by a soldier in a coat of mail, for income above 15.000 akçe by additional soldier for each additional 3.000 akçe.  Above a certain income of the ""timar""... (skrócone)",,Multi-hop reasoning error
5ac4cfb85542996feb3fe946,C3,Do War and Peace and Mireille have the same number of acts?,yes,"No, War and Peace and Mireille do not have the same number of acts. War and Peace is arranged as five acts (or sometimes as two parts with 13 scenes), while Mireille has five acts.","Timariots: A timariot (or ""tımar"" holder; ""tımarlı"" in Turkish) was another name given to the Timarli Sipahi cavalry that served the Ottoman sultan and in return was granted a fief called a ""timar"".  The timariots had to assemble with the army when at war, and had to take care of the land entrusted to him in times of peace.  When at war, the timariot had to bring his own equipment and in addition a number of armed retainers (""cebelu"").  The timariot was granted feudatory with the obligation to go mounted to war and to supply soldiers and sailors in numbers proportionate to the revenue of the appanage.  The timariot owed personal service for his sword in time of war and for a certain sum of money owed a number of soldiers as a substitute (""cebelu"").  The (""cebelu"") was bound to live on the timariot’s estate and look after the land.  When summoned for campaign the timariot and his (""cebelu"") had to present themselves with a cuirass.  When a timariot failed to obey the summon he was deprived of his timar for one or two years.  Also non-military timar holders were obliged to supply the imperial army with soldiers and provisions.The number of men and equipment the ""timariotes"" had to provide was dependent on the size of his land holdings.  When the annual income of the holding was above 4.000 akçe the sipahi had to be accompanied by a soldier in a coat of mail, for income above 15.000 akçe by additional soldier for each additional 3.000 akçe.  Above a certain income of the ""timar""... (skrócone)",,Multi-hop reasoning error
